stock,sample_count,before_gap_samples,after_gap_samples,inferred_denominator,denominator_min,denominator_max,denominator_abs_spread,denominator_rel_spread,db_max_adj,db_max_minus_inferred,db_max_matches_inferred,planned_factor_min,planned_factor_max
000004.SZ,29,14,15,4.064,4.064,4.064,0.0,0.0,4.064,0.0,True,1.0,1.0
000006.SZ,29,14,15,39.74,39.74,39.74,0.0,0.0,39.74,0.0,True,1.0,1.0
000007.SZ,29,14,15,8.284,8.284,8.284,0.0,0.0,8.284,0.0,True,1.0,1.0
000010.SZ,31,14,17,10.775,10.775,10.775,0.0,0.0,10.775,0.0,True,1.0,1.0
000016.SZ,28,14,14,22.375500131401378,22.375500131401378,22.375500131401378,0.0,0.0,22.3755,-1.314013786668511e-07,True,0.9999776482582092,0.9999776482582092
000017.SZ,31,14,17,2.683,2.683,2.683,0.0,0.0,2.683,0.0,True,1.0,1.0
000019.SZ,33,14,19,4.8613,4.8613,4.8613,0.0,0.0,4.8613,0.0,True,1.0,1.0
000032.SZ,28,14,14,4.2557,4.2557,4.2557,0.0,0.0,4.2557,0.0,True,1.0,1.0
000035.SZ,33,14,19,4.746199897657047,4.746199897657047,4.746199897657047,0.0,0.0,4.7462,1.0234295277911087e-07,True,0.9931102991104126,0.9931102991104126
000037.SZ,33,14,19,5.668300017023988,5.668300017023988,5.668300017023988,0.0,0.0,5.6683,-1.702398755298873e-08,True,0.9999470710754395,0.9999470710754395
000039.SZ,31,14,17,52.0044,52.0044,52.00440058297685,5.829768525700274e-07,1.121014476794324e-08,52.0044,0.0,True,0.978986382484436,1.0
000042.SZ,33,14,19,13.498,13.498,13.498,0.0,0.0,13.498,0.0,True,1.0,1.0
000045.SZ,34,14,20,3.0142,3.0142,3.0142,0.0,0.0,3.0142,0.0,True,1.0,1.0
000048.SZ,30,14,16,10.195600203715147,10.195600203715147,10.195600203715147,0.0,0.0,10.1956,-2.0371514608541474e-07,True,0.9788830280303955,0.9788830280303955
000049.SZ,30,14,16,9.403,9.403,9.403,0.0,0.0,9.403,0.0,True,1.0,1.0
000050.SZ,31,14,17,8.477200091078048,8.477200091078048,8.477200091078048,0.0,0.0,8.4772,-9.107804821439913e-08,True,0.999976396560669,0.999976396560669
000058.SZ,34,14,20,3.311,3.311,3.311,0.0,0.0,3.311,0.0,True,1.0,1.0
000061.SZ,31,14,17,22.8076,22.8076,22.8076,0.0,0.0,22.8076,0.0,True,1.0,1.0
000063.SZ,29,14,15,17.1055,17.1055,17.1055,0.0,0.0,17.1055,0.0,True,1.0,1.0
000065.SZ,30,14,16,17.8848,17.8848,17.88480026495184,2.649518400232864e-07,1.4814358562762036e-08,17.8848,0.0,True,1.0,1.0
000088.SZ,31,14,17,8.881400068886217,8.881400068886217,8.881400068886217,0.0,0.0,8.8814,-6.888621761902414e-08,True,0.9798229932785034,0.9798229932785034
000090.SZ,31,14,17,9.8305,9.8305,9.830500146312845,1.463128445067241e-07,1.488356080633987e-08,9.8305,0.0,True,0.9731854796409607,1.0
000099.SZ,31,14,17,3.955599981423688,3.955599981423688,3.955599981423688,0.0,0.0,3.9556,1.857631204416066e-08,True,0.9972444176673889,0.9972444176673889
000155.SZ,33,14,19,1.616900025279219,1.616900025279219,1.616900025279219,0.0,0.0,1.6169,-2.5279218940355008e-08,True,0.984167218208313,0.984167218208313
000156.SZ,29,14,15,1.2350000308765081,1.2350000308765081,1.2350000308765081,0.0,0.0,1.235,-3.0876508017030346e-08,True,0.9791092872619629,0.9791092872619629
000166.SZ,33,14,19,1.5774000147876812,1.5774000147876812,1.5774000147876812,0.0,0.0,1.5774,-1.478768130169783e-08,True,0.9851020574569702,0.9851020574569702
000301.SZ,29,14,15,2.379,2.379,2.379,0.0,0.0,2.379,0.0,True,1.0,1.0
000401.SZ,32,14,18,4.6942,4.69419996681729,4.6942,3.3182710801327175e-08,7.068874526293548e-09,4.6942,0.0,True,1.0,1.0
000403.SZ,33,14,19,10.2326,10.2326,10.2326,0.0,0.0,10.2326,0.0,True,1.0,1.0
000408.SZ,32,14,18,6.8433998772709,6.8433998772709,6.8433998772709,0.0,0.0,6.9622,0.11880012272910001,False,0.981325089931488,0.981325089931488
000409.SZ,30,14,16,2.150300040983912,2.150300040983912,2.150300040983912,0.0,0.0,2.1503,-4.0983911819836294e-08,True,0.9998604655265808,0.9998604655265808
000410.SZ,31,14,17,2.889,2.889,2.889,0.0,0.0,2.889,0.0,True,1.0,1.0
000420.SZ,33,14,19,6.352099954270598,6.352099954270598,6.352099954270598,0.0,0.0,6.3521,4.572940248692703e-08,True,0.9999842643737793,0.9999842643737793
000426.SZ,31,14,17,17.106799674506128,17.106799674506128,17.106799674506128,0.0,0.0,17.1068,3.2549387185554224e-07,True,0.996469259262085,0.996469259262085
000503.SZ,33,14,19,7.615,7.615,7.615,0.0,0.0,7.615,0.0,True,1.0,1.0
000504.SZ,33,14,19,2.103,2.103,2.103,0.0,0.0,2.103,0.0,True,1.0,1.0
000505.SZ,29,14,15,3.3622,3.3622,3.3622,0.0,0.0,3.3622,0.0,True,1.0,1.0
000506.SZ,30,14,16,2.872,2.872,2.872,0.0,0.0,2.872,0.0,True,1.0,1.0
000507.SZ,28,14,14,4.8296,4.829599894738231,4.8296,1.052617690788793e-07,2.179513191131342e-08,4.8296,0.0,True,1.0,1.0
000509.SZ,30,14,16,9.7463,9.7463,9.7463,0.0,0.0,9.7463,0.0,True,1.0,1.0
000516.SZ,32,14,18,39.873,39.873,39.873,0.0,0.0,39.873,0.0,True,1.0,1.0
000521.SZ,34,14,20,5.8682,5.8682,5.8682,0.0,0.0,5.8682,0.0,True,1.0,1.0
000523.SZ,31,14,17,6.687,6.687,6.687,0.0,0.0,6.687,0.0,True,1.0,1.0
000525.SZ,30,14,16,8.3784,8.3784,8.3784,0.0,0.0,8.3784,0.0,True,1.0,1.0
000526.SZ,30,14,16,2.471,2.471,2.471,0.0,0.0,2.471,0.0,True,1.0,1.0
000531.SZ,30,14,16,16.450300383736014,16.450300046519548,16.450300383736014,3.372164663062449e-07,2.0499106912335906e-08,16.4503,-3.837360154079761e-07,True,0.9907235503196716,0.9907235503196716
000534.SZ,29,14,15,4.2830998939100215,4.2830998939100215,4.2830998939100215,0.0,0.0,4.2831,1.0608997857985969e-07,True,0.9970815777778625,0.9970815777778625
000536.SZ,34,14,20,3.673199892014349,3.673199892014349,3.673199892014349,0.0,0.0,3.6732,1.079856510877164e-07,True,0.9999455809593201,0.9999455809593201
000537.SZ,31,14,17,6.946700118491486,6.946700004582215,6.946700118491486,1.1390927046051047e-07,1.6397608723211517e-08,6.9467,-1.184914859564401e-07,True,0.9954942464828491,0.9954942464828491
000538.SZ,29,14,15,30.44260024578595,30.44260024578595,30.44260024578595,0.0,0.0,30.4426,-2.4578595159141514e-07,True,0.9823930859565735,0.9823930859565735
000545.SZ,23,9,14,4.56,4.56,4.56,0.0,0.0,4.56,0.0,True,1.0,1.0
000546.SZ,30,14,16,1.847300043381346,1.847300043381346,1.847300043381346,0.0,0.0,1.8473,-4.338134607095867e-08,True,0.9998375773429871,0.9998375773429871
000547.SZ,32,14,18,10.683,10.683,10.683,0.0,0.0,10.683,0.0,True,1.0,1.0
000557.SZ,34,14,20,7.3975,7.397499977767206,7.3975,2.2232794272269985e-08,3.005447012135179e-09,7.3975,0.0,True,0.9906049370765686,0.9906049370765686
000558.SZ,32,14,18,5.957,5.957,5.957,0.0,0.0,5.957,0.0,True,1.0,1.0
000560.SZ,31,14,17,5.3020998654101765,5.3020998654101765,5.3020998654101765,0.0,0.0,5.3021,1.3458982373037998e-07,True,0.999981164932251,0.999981164932251
000563.SZ,30,14,16,18.898100564647113,18.898100564647113,18.898100564647113,0.0,0.0,19.2502,0.352099435352887,False,0.9914594292640686,0.9914594292640686
000564.SZ,34,14,20,7.182,7.182,7.182,0.0,0.0,7.182,0.0,True,1.0,1.0
000571.SZ,32,14,18,7.6130998307444315,7.6130998307444315,7.6130998307444315,0.0,0.0,7.6131,1.692555686716446e-07,True,0.9999868869781494,0.9999868869781494
000572.SZ,33,14,19,4.656099909065202,4.656099909065202,4.656099909065202,0.0,0.0,4.6561,9.09347983579778e-08,True,0.9999785423278809,0.9999785423278809
000582.SZ,31,14,17,5.532099887967942,5.532099887967942,5.532099887967942,0.0,0.0,5.5321,1.1203205740883959e-07,True,0.9910160899162292,0.9910160899162292
000586.SZ,34,14,20,3.6984999755587915,3.6984999755587915,3.6984999755587915,0.0,0.0,3.6985,2.444120861255783e-08,True,0.9998648166656494,0.9998648166656494
000590.SZ,34,14,20,4.764,4.764,4.764,0.0,0.0,4.764,0.0,True,1.0,1.0
000599.SZ,28,14,14,4.902400029757067,4.902400029757067,4.902400029757067,0.0,0.0,4.9024,-2.9757067032676332e-08,True,0.9999184012413025,0.9999184012413025
000600.SZ,31,14,17,7.528999887439848,7.528999887439848,7.528999887439848,0.0,0.0,7.529,1.1256015230998173e-07,True,0.9885376691818237,0.9885376691818237
000609.SZ,34,14,20,6.0290999027355285,6.0290999027355285,6.0290999027355285,0.0,0.0,6.0291,9.726447114388748e-08,True,0.9999834299087524,0.9999834299087524
000612.SZ,32,14,18,10.453,10.453,10.453,0.0,0.0,10.453,0.0,True,1.0,1.0
000615.SZ,31,14,17,9.556699896574427,9.556699896574427,9.556699896574427,0.0,0.0,9.5567,1.0342557210663017e-07,True,0.9514790773391724,0.9514790773391724
000620.SZ,33,14,19,2.2842000027778195,2.2842000027778195,2.2842000027778195,0.0,0.0,2.2842,-2.7778197519978676e-09,True,0.999912440776825,0.999912440776825
000629.SZ,29,14,15,7.789,7.789,7.789,0.0,0.0,7.789,0.0,True,1.0,1.0
000637.SZ,34,14,20,17.272,17.272,17.272,0.0,0.0,17.272,0.0,True,1.0,1.0
000651.SZ,29,14,15,230.3931039624137,230.3931039624137,230.3931039624137,0.0,0.0,230.3931,-3.962413700264733e-06,True,0.9344346523284912,0.9344346523284912
000655.SZ,34,14,20,6.177199839175153,6.177199839175153,6.177199938736455,9.956130142541042e-08,1.611754581647223e-08,6.1772,1.6082484677326647e-07,True,0.9768018126487732,0.9768018126487732
000665.SZ,33,14,19,5.766,5.766,5.766,0.0,0.0,5.766,0.0,True,1.0,1.0
000669.SZ,34,14,20,3.651,3.651,3.651,0.0,0.0,3.651,0.0,True,1.0,1.0
000670.SZ,28,14,14,10.09,10.09,10.09,0.0,0.0,10.09,0.0,True,1.0,1.0
000679.SZ,34,14,20,5.763099960690055,5.763099960690055,5.763099960690055,0.0,0.0,5.7631,3.9309944632748284e-08,True,0.9999826550483704,0.9999826550483704
000681.SZ,33,14,19,5.075100014790563,5.075100014790563,5.075100014790563,0.0,0.0,5.0751,-1.4790563440669757e-08,True,0.9990147948265076,0.9990147948265076
000682.SZ,30,14,16,16.291799926423444,16.291799755921176,16.291799926423444,1.7050226830406245e-07,1.0465526772614436e-08,16.2918,7.357655462669754e-08,True,0.9925852417945862,0.9964276552200317
000683.SZ,33,14,19,8.6361,8.6361,8.6361,0.0,0.0,8.6361,0.0,True,1.0,1.0
000691.SZ,29,14,15,3.055,3.055,3.055,0.0,0.0,3.055,0.0,True,1.0,1.0
000692.SZ,34,14,20,12.19,12.19,12.19,0.0,0.0,12.19,0.0,True,1.0,1.0
000695.SZ,34,14,20,2.55,2.55,2.55,0.0,0.0,2.55,0.0,True,1.0,1.0
000697.SZ,31,14,17,3.8576000696737496,3.8576000696737496,3.8576000696737496,0.0,0.0,3.8576,-6.967374943656068e-08,True,0.952664852142334,0.952664852142334
000700.SZ,31,14,17,18.232200150296844,18.232200150296844,18.232200150296844,0.0,0.0,18.2322,-1.502968451916331e-07,True,0.978044331073761,0.978044331073761
000702.SZ,31,14,17,2.553,2.553,2.553,0.0,0.0,2.553,0.0,True,1.0,1.0
000703.SZ,28,14,14,9.886,9.886,9.886000243297655,2.43297655799779e-07,2.46103232652012e-08,9.886,0.0,True,1.0,1.0
000707.SZ,30,14,16,3.1884,3.1884,3.1884,0.0,0.0,3.1884,0.0,True,1.0,1.0
000708.SZ,30,14,16,4.400599941049424,4.400599941049424,4.400599941049424,0.0,0.0,4.4006,5.895057597626874e-08,True,0.985615611076355,0.985615611076355
000712.SZ,34,14,20,13.160299646524487,13.160299646524487,13.160299646524487,0.0,0.0,13.1603,3.5347551197162375e-07,True,0.9999772310256958,0.9999772310256958
000713.SZ,28,14,14,6.3182,6.3182,6.3182,0.0,0.0,6.3182,0.0,True,1.0,1.0
000719.SZ,33,14,19,5.5835,5.583499893824311,5.5835,1.0617568868553917e-07,1.9015973616108027e-08,5.5835,0.0,True,1.0,1.0
000728.SZ,30,14,16,2.996900024052249,2.996900024052249,2.9969000840933955,6.004114627700119e-08,2.00344174964558e-08,2.9969,-2.4052249081307764e-08,True,0.9907571077346802,0.9907571077346802
000735.SZ,34,14,20,5.902600145847241,5.9026,5.902600145847241,1.4584724095101365e-07,2.4708982032879884e-08,5.9026,-1.4584724095101365e-07,True,0.9968488216400146,0.9968488216400146
000750.SZ,30,14,16,13.516499946601284,13.516499946601284,13.516499946601284,0.0,0.0,13.5165,5.3398716559627246e-08,True,0.9977878928184509,0.9977878928184509
000751.SZ,33,14,19,3.4061,3.4061,3.4061,0.0,0.0,3.4061,0.0,True,1.0,1.0
000752.SZ,33,14,19,4.771100101663815,4.771100101663815,4.771100101663815,0.0,0.0,4.7711,-1.0166381514409295e-07,True,0.9999790191650391,0.9999790191650391
000756.SZ,33,14,19,2.139999936431661,2.139999936431661,2.14,6.356833903709003e-08,2.970483220812003e-08,2.14,6.356833903709003e-08,True,0.9856542348861694,0.9856542348861694
000757.SZ,31,14,17,4.024400108062044,4.024400108062044,4.024400108062044,0.0,0.0,4.0244,-1.0806204375768402e-07,True,0.9999005794525146,0.9999005794525146
000777.SZ,32,14,18,7.324099918374983,7.324099918374983,7.3241002133599675,2.9498498488322866e-07,4.027593672543421e-08,7.3241,8.162501696773461e-08,True,0.9991671442985535,0.9991671442985535
000779.SZ,30,14,16,2.412,2.412,2.412,0.0,0.0,2.412,0.0,True,1.0,1.0
000782.SZ,31,14,17,3.46,3.46,3.46,0.0,0.0,3.46,0.0,True,1.0,1.0
000786.SZ,34,14,20,11.9279,11.9279,11.9279,0.0,0.0,11.9279,0.0,True,1.0,1.0
000790.SZ,34,14,20,12.3632,12.3632,12.3632,0.0,0.0,12.3632,0.0,True,1.0,1.0
000796.SZ,34,14,20,4.179700053998932,4.179700053998932,4.179700053998932,0.0,0.0,4.1797,-5.3998931548449036e-08,True,0.9998325109481812,0.9998325109481812
000797.SZ,31,14,17,6.834099799302269,6.834099799302269,6.834099799302269,0.0,0.0,6.8341,2.0069773132291857e-07,True,0.99998539686203,0.99998539686203
000802.SZ,34,14,20,3.328,3.328,3.328,0.0,0.0,3.328,0.0,True,1.0,1.0
000803.SZ,29,14,15,5.893400101108263,5.893400101108263,5.893400101108263,0.0,0.0,5.8934,-1.011082630952842e-07,True,0.9999321103096008,0.9999321103096008
000809.SZ,28,14,14,2.896,2.896,2.896,0.0,0.0,2.896,0.0,True,1.0,1.0
000810.SZ,33,14,19,5.6505,5.6505,5.6505,0.0,0.0,5.6505,0.0,True,1.0,1.0
000812.SZ,28,14,14,7.4734000329184935,7.4734,7.4734000329184935,3.291849370867794e-08,4.404754671726397e-09,7.4734,-3.291849370867794e-08,True,0.9936976432800293,0.9936976432800293
000813.SZ,34,14,20,3.929,3.929,3.929,0.0,0.0,3.929,0.0,True,1.0,1.0
000816.SZ,34,14,20,7.31,7.31,7.31,0.0,0.0,7.31,0.0,True,1.0,1.0
000818.SZ,30,14,16,2.102500021880108,2.102500021880108,2.102500021880108,0.0,0.0,2.1025,-2.188010794768047e-08,True,0.9997621774673462,0.9997621774673462
000821.SZ,30,14,16,2.4968,2.4967999612371305,2.4968,3.876286935877715e-08,1.5525019768814945e-08,2.4968,0.0,True,1.0,1.0
000826.SZ,34,14,20,8.322,8.322,8.322,0.0,0.0,8.322,0.0,True,1.0,1.0
000829.SZ,32,14,18,15.1839,15.183899583571206,15.1839,4.164287936703204e-07,2.7425680732244046e-08,15.1839,0.0,True,1.0,1.0
000837.SZ,34,14,20,4.057299948579666,4.057299948579666,4.057299948579666,0.0,0.0,4.0573,5.1420333768703586e-08,True,0.9974613785743713,0.9974613785743713
000838.SZ,28,14,14,13.129,13.129,13.129,0.0,0.0,13.129,0.0,True,1.0,1.0
000839.SZ,34,14,20,22.611,22.611,22.611,0.0,0.0,22.611,0.0,True,1.0,1.0
000863.SZ,28,14,14,6.889,6.889,6.889,0.0,0.0,6.889,0.0,True,1.0,1.0
000868.SZ,29,14,15,6.7303999596094926,6.7303999596094926,6.7303999596094926,0.0,0.0,6.7304,4.0390507827225974e-08,True,0.9999405741691589,0.9999405741691589
000877.SZ,34,14,20,7.494599935514533,7.494599935514533,7.494599935514533,0.0,0.0,7.4946,6.448546674420186e-08,True,0.9999199509620667,0.9999199509620667
000878.SZ,28,14,14,3.1027,3.1027,3.1027,0.0,0.0,3.1027,0.0,True,1.0,1.0
000881.SZ,28,14,14,5.007399942155033,5.007399942155033,5.007399942155033,0.0,0.0,5.0074,5.784496703853392e-08,True,0.999920129776001,0.999920129776001
000885.SZ,31,14,17,2.215,2.215,2.215000054751935,5.475193498583053e-08,2.4718706539878346e-08,2.215,0.0,True,1.0,1.0
000890.SZ,29,14,15,3.6025000962450595,3.6025000962450595,3.6025000962450595,0.0,0.0,3.6025,-9.624505947769535e-08,True,0.9998611807823181,0.9998611807823181
000893.SZ,34,14,20,2.035,2.035,2.035,0.0,0.0,2.035,0.0,True,1.0,1.0
000895.SZ,32,14,18,28.825899563550305,28.825899563550305,28.825899563550305,0.0,0.0,28.8259,4.364496959397002e-07,True,0.9744604825973511,0.9744604825973511
000897.SZ,34,14,20,6.17270005187416,6.1727,6.17270005187416,5.187416007856882e-08,8.403803788071438e-09,6.1727,-5.187416007856882e-08,True,0.9631117582321167,0.9631117582321167
000899.SZ,31,14,17,3.8076,3.8076,3.8076,0.0,0.0,3.8076,0.0,True,1.0,1.0
000901.SZ,30,14,16,6.547,6.547,6.547,0.0,0.0,6.547,0.0,True,1.0,1.0
000906.SZ,32,14,18,5.6776,5.6776,5.6776,0.0,0.0,5.6776,0.0,True,1.0,1.0
000908.SZ,31,14,17,2.83,2.83,2.83,0.0,0.0,2.83,0.0,True,1.0,1.0
000911.SZ,29,14,15,1.8890999880307537,1.8890999880307537,1.8890999880307537,0.0,0.0,1.8891,1.19692462607901e-08,True,0.9999470710754395,0.9999470710754395
000927.SZ,33,14,19,1.6131,1.6130999635320535,1.6131,3.6467946440410515e-08,2.2607368694073842e-08,1.6131,0.0,True,1.0,1.0
000929.SZ,30,14,16,2.498100059702404,2.498100059702404,2.498100059702404,0.0,0.0,2.4981,-5.970240390951176e-08,True,0.9999599456787109,0.9999599456787109
000930.SZ,29,14,15,6.346,6.346,6.346,0.0,0.0,6.346,0.0,True,1.0,1.0
000931.SZ,33,14,19,1.5404999650901505,1.5404999650901505,1.5404999650901505,0.0,0.0,1.5405,3.490984945564435e-08,True,0.999675452709198,0.999675452709198
000932.SZ,29,14,15,2.6391,2.6390999816409124,2.6391,1.835908758351934e-08,6.956571400674222e-09,2.6391,0.0,True,1.0,1.0
000935.SZ,28,14,14,3.25,3.25,3.25,0.0,0.0,3.25,0.0,True,1.0,1.0
000938.SZ,31,14,17,7.1399,7.1399,7.1399,0.0,0.0,7.1399,0.0,True,1.0,1.0
000949.SZ,33,14,19,4.9337,4.9337,4.9337,0.0,0.0,4.9337,0.0,True,1.0,1.0
000957.SZ,32,14,18,5.18609990941324,5.18609990941324,5.186099979432772,7.001953150620466e-08,1.350138499628842e-08,5.1861,9.058675942696937e-08,True,0.9914193749427795,0.9914193749427795
000958.SZ,34,14,20,4.849199892985969,4.849199892985969,4.849199958539633,6.555366383054206e-08,1.3518449492123614e-08,4.8492,1.070140305259315e-07,True,0.9836261868476868,0.9836261868476868
000962.SZ,29,14,15,3.3960000500624585,3.3960000500624585,3.3960000794546725,2.9392213996004557e-08,8.654950990199185e-09,3.396,-5.0062458623045814e-08,True,0.9982037544250488,0.9982037544250488
000967.SZ,32,14,18,5.746899828661696,5.746899828661696,5.7469,1.7133830443327724e-07,2.981404053342922e-08,5.7469,1.7133830443327724e-07,True,0.9736031889915466,0.9736031889915466
000970.SZ,30,14,16,18.0282,18.0282,18.0282,0.0,0.0,18.0282,0.0,True,1.0,1.0
000977.SZ,30,14,16,6.6761,6.6761,6.6761,0.0,0.0,6.6761,0.0,True,1.0,1.0
000981.SZ,28,14,14,8.802,8.802,8.802,0.0,0.0,8.802,0.0,True,1.0,1.0
000987.SZ,30,14,16,8.678599741812807,8.678599741812807,8.67860025233409,5.105212839140449e-07,5.882530582144419e-08,8.6786,2.5818719251446964e-07,True,0.9885350465774536,0.9885350465774536
000989.SZ,34,14,20,5.6295,5.6295,5.6295,0.0,0.0,5.6295,0.0,True,1.0,1.0
000990.SZ,33,14,19,3.2046,3.2046,3.2046,0.0,0.0,3.2046,0.0,True,1.0,1.0
000995.SZ,33,14,19,1.686,1.686,1.686,0.0,0.0,1.686,0.0,True,1.0,1.0
001203.SZ,33,14,19,1.085,1.0849999690547654,1.085,3.094523459701293e-08,2.8520953545634037e-08,1.085,0.0,True,1.0,1.0
001205.SZ,30,14,16,1.4336,1.4336,1.4336,0.0,0.0,1.4336,0.0,True,1.0,1.0
001208.SZ,34,14,20,1.0263,1.0263,1.0263,0.0,0.0,1.0263,0.0,True,1.0,1.0
001210.SZ,31,14,17,1.8557000291652634,1.8557000291652634,1.8557000291652634,0.0,0.0,1.8557,-2.9165263537578312e-08,True,0.9877135157585144,0.9877135157585144
001212.SZ,34,14,20,1.8641,1.8641,1.8641,0.0,0.0,1.8641,0.0,True,1.0,1.0
001217.SZ,33,14,19,1.0463,1.0463,1.0463,0.0,0.0,1.0463,0.0,True,1.0,1.0
001219.SZ,33,14,19,2.3593000276557174,2.3592999730444775,2.3593000276557174,5.461123997463346e-08,2.3147221351451893e-08,2.3593,-2.765571727181282e-08,True,0.993133544921875,0.993133544921875
001222.SZ,28,14,14,1.4622,1.4621999746767138,1.4622,2.5323286134693035e-08,1.731861997995694e-08,1.4622,0.0,True,1.0,1.0
001223.SZ,29,14,15,1.4323,1.4323,1.4323,0.0,0.0,1.4323,0.0,True,1.0,1.0
001230.SZ,30,14,16,1.2577000327506653,1.2577000327506653,1.2577000327506653,0.0,0.0,1.2577,-3.2750665290848247e-08,True,0.9951498508453369,0.9951498508453369
001234.SZ,31,14,17,1.105,1.105,1.1050000324630593,3.246305935178384e-08,2.9378334255008e-08,1.105,0.0,True,1.0,1.0
001238.SZ,29,14,15,1.0076,1.0076,1.0076,0.0,0.0,1.0076,0.0,True,1.0,1.0
001239.SZ,28,14,14,1.0,1.0,1.0,0.0,0.0,1.0,0.0,True,1.0,1.0
001255.SZ,31,14,17,1.0103,1.0103,1.0103,0.0,0.0,1.0103,0.0,True,1.0,1.0
001256.SZ,34,14,20,1.0327,1.0327,1.0327,0.0,0.0,1.0327,0.0,True,1.0,1.0
001258.SZ,33,14,19,1.021,1.021,1.021,0.0,0.0,1.021,0.0,True,1.0,1.0
001259.SZ,30,14,16,1.025,1.025,1.025,0.0,0.0,1.025,0.0,True,1.0,1.0
001260.SZ,31,14,17,1.0394,1.0394,1.0394,0.0,0.0,1.0394,0.0,True,1.0,1.0
001268.SZ,30,14,16,1.0504,1.0504,1.0504,0.0,0.0,1.0504,0.0,True,1.0,1.0
001269.SZ,31,14,17,1.461,1.461,1.461,0.0,0.0,1.461,0.0,True,1.0,1.0
001278.SZ,28,14,14,1.0166000024757968,1.0166,1.016600004951594,4.951594023694383e-09,4.870739732082846e-09,1.0166,-2.4757969008248892e-09,True,0.9942947030067444,1.0
001279.SZ,28,14,14,1.0044999825617071,1.0044999825617071,1.0044999825617071,0.0,0.0,1.0045,1.7438292809757172e-08,True,0.9984071850776672,0.9984071850776672
001282.SZ,32,14,18,2.0083999982294434,2.0083999982294434,2.008400016439844,1.821040074290181e-08,9.067118481854042e-09,2.0084,1.7705565902303988e-09,True,0.9964648485183716,0.9964648485183716
001286.SZ,28,14,14,1.1168,1.1167999855066395,1.1168,1.4493360511735887e-08,1.2977579254777834e-08,1.1168,0.0,True,1.0,1.0
001287.SZ,28,14,14,1.0152,1.0152,1.0152,0.0,0.0,1.0152,0.0,True,1.0,1.0
001289.SZ,33,14,19,1.0477000247966082,1.0477000247966082,1.0477000247966082,0.0,0.0,1.0477,-2.4796608100174922e-08,True,0.9797651767730713,0.9797651767730713
001296.SZ,31,14,17,1.9427000209099083,1.9427000208549208,1.9427000209099083,5.49875700528446e-11,2.8304714809798532e-11,1.9427,-2.0909908249322484e-08,True,0.9928449988365173,0.9928449988365173
001300.SZ,34,14,20,1.0057,1.005699970636196,1.0057,2.9363804054938214e-08,2.91973789946686e-08,1.0057,0.0,True,1.0,1.0
001301.SZ,28,14,14,1.0481,1.0481,1.0481,0.0,0.0,1.0481,0.0,True,1.0,1.0
001308.SZ,32,14,18,1.8555999767178393,1.8555999767178393,1.8555999767178393,0.0,0.0,1.8556,2.3282160643844918e-08,True,0.984102189540863,0.984102189540863
001309.SZ,29,14,15,2.5612,2.5612,2.5612000485833373,4.858333735313636e-08,1.8968974446796953e-08,2.5639,0.0026999999999999247,False,0.7125566005706787,1.0
001313.SZ,32,14,18,1.0313000118886892,1.0313000118886892,1.0313000118886892,0.0,0.0,1.0313,-1.1888689144257114e-08,True,0.9851643443107605,0.9851643443107605
001316.SZ,34,14,20,1.483900034350995,1.4839000034868661,1.483900034350995,3.086412880826117e-08,2.0799331554541032e-08,1.4839,-3.435099493742655e-08,True,0.9892175793647766,0.9892175793647766
001317.SZ,33,14,19,1.0174,1.0174,1.0174000192022303,1.9202230250314756e-08,1.887382568342319e-08,1.0174,0.0,True,1.0,1.0
001319.SZ,31,14,17,1.0633,1.0633,1.0633000268098836,2.6809883646450317e-08,2.521384712353082e-08,1.0633,0.0,True,1.0,1.0
001322.SZ,29,14,15,1.0417,1.0417,1.0417,0.0,0.0,1.0417,0.0,True,1.0,1.0
001324.SZ,34,14,20,1.0211000214572505,1.0211000214572505,1.0211000214572505,0.0,0.0,1.0211,-2.145725064295334e-08,True,0.9969640374183655,0.9969640374183655
001326.SZ,29,14,15,1.0459,1.0459,1.0459,0.0,0.0,1.0459,0.0,True,1.0,1.0
001328.SZ,28,14,14,1.0586,1.0586,1.0586,0.0,0.0,1.0586,0.0,True,1.0,1.0
001330.SZ,28,14,14,1.0,1.0,1.0,0.0,0.0,1.0,0.0,True,1.0,1.0
001332.SZ,28,14,14,1.5036999884670492,1.5036999884670492,1.5036999884670492,0.0,0.0,1.5037,1.1532950816572907e-08,True,0.9948793053627014,0.9948793053627014
001333.SZ,31,14,17,1.0596,1.0596,1.0596000133958536,1.3395853537545577e-08,1.2642368381979592e-08,1.0596,0.0,True,1.0,1.0
001337.SZ,31,14,17,1.0299,1.0299,1.0299,0.0,0.0,1.0299,0.0,True,1.0,1.0
001339.SZ,31,14,17,1.0074,1.0074,1.0074,0.0,0.0,1.0074,0.0,True,1.0,1.0
001356.SZ,32,14,18,1.0027,1.0027,1.0027,0.0,0.0,1.0027,0.0,True,1.0,1.0
001358.SZ,32,14,18,1.4787,1.4787,1.4787,0.0,0.0,1.4787,0.0,True,1.0,1.0
001360.SZ,28,14,14,1.0254,1.0254,1.0254,0.0,0.0,1.0254,0.0,True,1.0,1.0
001366.SZ,29,14,15,1.0204999941558814,1.0204999941558814,1.0204999941558814,0.0,0.0,1.0205,5.844118522446706e-09,True,0.9995100498199463,0.9995100498199463
001367.SZ,28,14,14,2.2329,2.2329,2.2329,0.0,0.0,2.2329,0.0,True,1.0,1.0
001376.SZ,33,14,19,1.025700015387362,1.025700015387362,1.025700015387362,0.0,0.0,1.0257,-1.538736205120017e-08,True,0.9959052205085754,0.9959052205085754
001379.SZ,34,14,20,1.0192999968874277,1.0192999968874277,1.0192999968874277,0.0,0.0,1.0193,3.1125724220260054e-09,True,0.995781421661377,0.995781421661377
001382.SZ,30,14,16,1.0116,1.0116,1.0116,0.0,0.0,1.0116,0.0,True,1.0,1.0
001387.SZ,29,14,15,1.3407,1.3406999880041885,1.3407,1.1995811455278726e-08,8.947424073453215e-09,1.3407,0.0,True,1.0,1.0
001388.SZ,20,5,15,1.0123999749694164,1.0123999749694164,1.0123999749694164,0.0,0.0,1.0124,2.5030583605811785e-08,True,0.9877519011497498,0.9877519011497498
001389.SZ,32,14,18,1.0155,1.0155,1.0155,0.0,0.0,1.0155,0.0,True,1.0,1.0
001390.SZ,29,14,15,1.0,1.0,1.0,0.0,0.0,1.0,0.0,True,1.0,1.0
001395.SZ,30,14,16,1.0129,1.0129,1.0129000154918517,1.5491851801385792e-08,1.5294552079559477e-08,1.0129,0.0,True,1.0,1.0
001400.SZ,29,14,15,1.010800003229313,1.010800003229313,1.010800003229313,0.0,0.0,1.0108,-3.2293130391991554e-09,True,0.989315390586853,0.989315390586853
001872.SZ,29,14,15,4.9884,4.988399928691778,4.9884,7.13082224379491e-08,1.4294808443177991e-08,4.9884,0.0,True,1.0,1.0
001979.SZ,28,14,14,1.3787999865992928,1.3787999731985856,1.3788,2.6801414421129266e-08,1.9438217784751327e-08,1.3788,1.3400707210564633e-08,True,0.978532075881958,0.978532075881958
002004.SZ,33,14,19,24.575099982053647,24.575099982053647,24.575099982053647,0.0,0.0,24.5751,1.794635196006311e-08,True,0.9591822624206543,0.9591822624206543
002006.SZ,31,14,17,7.9681,7.968099953342705,7.9681,4.6657294916485625e-08,5.855510713530908e-09,7.9681,0.0,True,1.0,1.0
002007.SZ,34,14,20,45.32799966772154,45.32799966772154,45.32799966772154,0.0,0.0,45.328,3.322784607462381e-07,True,0.9700957536697388,0.9700957536697388
002011.SZ,30,14,16,6.2,6.2,6.2,0.0,0.0,6.2,0.0,True,1.0,1.0
002015.SZ,29,14,15,6.1705,6.1705,6.170500139055191,1.3905519136159228e-07,2.2535481948236332e-08,6.1705,0.0,True,0.9923020601272583,1.0
002016.SZ,32,14,18,7.02,7.02,7.020000006257441,6.257441675927566e-09,8.9137345810934e-10,7.02,0.0,True,0.9982621073722839,0.9982621073722839
002017.SZ,30,14,16,8.5089,8.5089,8.5089,0.0,0.0,8.5089,0.0,True,1.0,1.0
002019.SZ,33,14,19,14.9746,14.9746,14.9746,0.0,0.0,14.9746,0.0,True,1.0,1.0
002021.SZ,34,14,20,11.60110026452174,11.60110026452174,11.60110026452174,0.0,0.0,11.6011,-2.6452173962354664e-07,True,0.9999913573265076,0.9999913573265076
002022.SZ,29,14,15,13.093400359295863,13.093400359295863,13.093400359295863,0.0,0.0,13.0934,-3.5929586239547007e-07,True,0.9999694228172302,0.9999694228172302
002024.SZ,29,14,15,88.05129915118525,88.05129915118525,88.05129915118525,0.0,0.0,88.0513,8.488147500429477e-07,True,0.9999966025352478,0.9999966025352478
002033.SZ,33,14,19,6.2238,6.2238,6.2238,0.0,0.0,6.2238,0.0,True,1.0,1.0
002034.SZ,28,14,14,3.9143000605688467,3.9143000478720116,3.914300073265682,2.539367027765138e-08,6.48741023547414e-09,3.9143,-6.056884682692498e-08,True,0.9716935157775879,0.9882226586341858
002045.SZ,31,14,17,5.777200066163447,5.777200066163447,5.777200066163447,0.0,0.0,5.7772,-6.616344716547928e-08,True,0.9999653697013855,0.9999653697013855
002049.SZ,31,14,17,6.2855,6.285499824248745,6.2855,1.757512544386941e-07,2.7961380071385588e-08,6.2855,0.0,True,1.0,1.0
002051.SZ,28,14,14,5.655699972842896,5.655699945685793,5.6557,5.431420735391157e-08,9.60344565919574e-09,5.6557,2.7157104121044995e-08,True,0.985908031463623,1.0
002052.SZ,32,14,18,6.81839990577145,6.81839990577145,6.81839990577145,0.0,0.0,6.8184,9.422854940766001e-08,True,0.999941349029541,0.999941349029541
002053.SZ,30,14,16,2.2752,2.2752,2.2752,0.0,0.0,2.2752,0.0,True,1.0,1.0
002058.SZ,32,14,18,2.386,2.386,2.386,0.0,0.0,2.386,0.0,True,1.0,1.0
002059.SZ,30,14,16,2.1291000005483887,2.1291000005483887,2.1291000005483887,0.0,0.0,2.1291,-5.483884457646582e-10,True,0.999953031539917,0.999953031539917
002061.SZ,30,14,16,3.5842,3.5842,3.5842,0.0,0.0,3.5842,0.0,True,1.0,1.0
002062.SZ,34,14,20,10.6859,10.6859,10.6859,0.0,0.0,10.6859,0.0,True,1.0,1.0
002064.SZ,32,14,18,12.519300192311565,12.519300192311565,12.519300192311565,0.0,0.0,12.5193,-1.9231156578314312e-07,True,0.9942808151245117,0.9942808151245117
002069.SZ,31,14,17,6.663399949774112,6.663399949774112,6.663399949774112,0.0,0.0,6.6634,5.0225888337251945e-08,True,0.9999399781227112,0.9999399781227112
002074.SZ,34,14,20,4.555599889209451,4.555599889209451,4.5556,1.1079054917928488e-07,2.4319639975781707e-08,4.5556,1.1079054917928488e-07,True,0.9967951774597168,0.9967951774597168
002085.SZ,32,14,18,8.216999838417784,8.216999838417784,8.216999838417784,0.0,0.0,8.217,1.6158221605167e-07,True,0.9940611124038696,0.9940611124038696
002088.SZ,32,14,18,6.9803,6.9803,6.9803,0.0,0.0,6.9803,0.0,True,1.0,1.0
002090.SZ,29,14,15,5.887600169874911,5.887600169874911,5.887600169874911,0.0,0.0,5.8876,-1.6987491147091305e-07,True,0.9981656074523926,0.9981656074523926
002097.SZ,33,14,19,4.9523999480366445,4.9523999480366445,4.9524,5.1963355396367206e-08,1.0492560362974688e-08,4.9524,5.1963355396367206e-08,True,0.9974759817123413,0.9974759817123413
002098.SZ,30,14,16,2.4052,2.4052,2.405200055169487,5.516948720085679e-08,2.293758822586762e-08,2.4052,0.0,True,1.0,1.0
002103.SZ,33,14,19,2.374,2.374,2.374,0.0,0.0,2.374,0.0,True,1.0,1.0
002110.SZ,29,14,15,2.479299988924117,2.479299988924117,2.479299988924117,0.0,0.0,2.4793,1.1075882877520371e-08,True,0.999879002571106,0.999879002571106
002112.SZ,33,14,19,3.3903,3.3903,3.3903,0.0,0.0,3.3903,0.0,True,1.0,1.0
002114.SZ,32,14,18,1.82,1.82,1.82,0.0,0.0,1.82,0.0,True,1.0,1.0
002115.SZ,34,14,20,6.240499917977438,6.240499917977438,6.240499917977438,0.0,0.0,6.2405,8.20225620756787e-08,True,0.9999198913574219,0.9999198913574219
002121.SZ,33,14,19,15.516,15.516,15.516,0.0,0.0,15.516,0.0,True,1.0,1.0
002123.SZ,28,14,14,7.364,7.364,7.364,0.0,0.0,7.364,0.0,True,1.0,1.0
002124.SZ,33,14,19,16.486500180041293,16.486500180041293,16.486500180041293,0.0,0.0,16.4865,-1.8004129387350076e-07,True,0.9999696612358093,0.9999696612358093
002128.SZ,33,14,19,3.433299985233732,3.433299985233732,3.433300072553152,8.731942013895377e-08,2.5433087849738028e-08,3.4333,1.476626820817728e-08,True,0.9509218335151672,0.9509218335151672
002129.SZ,29,14,15,5.4952,5.4952,5.4952,0.0,0.0,5.4952,0.0,True,1.0,1.0
002136.SZ,34,14,20,2.175400013270434,2.175400013270434,2.175400013270434,0.0,0.0,2.1754,-1.3270434084944327e-08,True,0.9998161196708679,0.9998161196708679
002137.SZ,34,14,20,3.301,3.301,3.301,0.0,0.0,3.301,0.0,True,1.0,1.0
002141.SZ,32,13,19,8.059,8.059,8.059,0.0,0.0,8.059,0.0,True,1.0,1.0
002142.SZ,30,14,16,2.4661999931598615,2.4661999804277945,2.466200005891928,2.546413346848908e-08,1.0325250806550655e-08,2.4662,6.840138677688401e-09,True,0.9574649333953857,0.9574649333953857
002153.SZ,34,14,20,44.4222,44.4222,44.4222,0.0,0.0,44.4222,0.0,True,1.0,1.0
002157.SZ,33,14,19,16.264,16.264,16.264,0.0,0.0,16.264,0.0,True,1.0,1.0
002159.SZ,31,14,17,1.5733,1.5733,1.573300036018753,3.601875309122704e-08,2.289376030714234e-08,1.5733,0.0,True,1.0,1.0
002160.SZ,33,14,19,2.1101999865757617,2.1101999865757617,2.1101999865757617,0.0,0.0,2.1102,1.3424238165526958e-08,True,0.9999052286148071,0.9999052286148071
002161.SZ,32,14,18,10.7622,10.7622,10.7622,0.0,0.0,10.7622,0.0,True,1.0,1.0
002162.SZ,31,14,17,2.206400058566222,2.206400058566222,2.206400058566222,0.0,0.0,2.2064,-5.8566222094214027e-08,True,0.9998186826705933,0.9998186826705933
002163.SZ,28,14,14,4.6641998877358,4.6641998877358,4.6641998877358,0.0,0.0,4.6642,1.122641997142182e-07,True,0.9999571442604065,0.9999571442604065
002166.SZ,30,14,16,7.5927,7.5927,7.5927,0.0,0.0,7.5927,0.0,True,1.0,1.0
002168.SZ,29,14,15,14.975099969577586,14.975099969577586,14.975099969577586,0.0,0.0,14.9751,3.042241303319315e-08,True,0.9999933242797852,0.9999933242797852
002171.SZ,31,14,17,5.5824,5.5824,5.5824,0.0,0.0,5.5824,0.0,True,1.0,1.0
002175.SZ,28,14,14,6.466499907158589,6.466499907158589,6.466499907158589,0.0,0.0,6.4665,9.284141100351917e-08,True,0.9999226927757263,0.9999226927757263
002177.SZ,34,14,20,8.9059,8.9059,8.9059,0.0,0.0,8.9059,0.0,True,1.0,1.0
002182.SZ,34,14,20,4.7565,4.7565,4.7565,0.0,0.0,4.7565,0.0,True,1.0,1.0
002183.SZ,32,14,18,15.2021,15.2021,15.20210000615881,6.158810350598287e-09,4.051289197280828e-10,15.2021,0.0,True,1.0,1.0
002186.SZ,31,14,17,2.377,2.377,2.377,0.0,0.0,2.377,0.0,True,1.0,1.0
002187.SZ,30,14,16,2.525,2.525,2.525,0.0,0.0,2.525,0.0,True,1.0,1.0
002188.SZ,34,14,20,1.978,1.978,1.978,0.0,0.0,1.978,0.0,True,1.0,1.0
002189.SZ,33,14,19,1.0582000064981345,1.0582000064981345,1.0582000064981345,0.0,0.0,1.0582,-6.4981344749526215e-09,True,0.9998109936714172,0.9998109936714172
002190.SZ,34,14,20,2.661,2.661,2.661,0.0,0.0,2.661,0.0,True,1.0,1.0
002192.SZ,34,14,20,3.1349,3.1349,3.1349000647279213,6.472792124512239e-08,2.064752344416804e-08,3.1349,0.0,True,0.9946090579032898,0.9946090579032898
002193.SZ,34,14,20,2.074100013429574,2.074100013429574,2.074100013429574,0.0,0.0,2.0741,-1.3429573897383307e-08,True,0.9999517798423767,0.9999517798423767
002194.SZ,29,14,15,3.9025,3.9025,3.9025,0.0,0.0,3.9025,0.0,True,1.0,1.0
002199.SZ,31,14,17,2.6322000364688933,2.6322000364688933,2.6322000364688933,0.0,0.0,2.6322,-3.6468893238605915e-08,True,0.9999240040779114,0.9999240040779114
002200.SZ,33,14,19,1.815,1.815,1.815,0.0,0.0,1.815,0.0,True,1.0,1.0
002201.SZ,30,14,16,7.395100101623088,7.395100014635,7.395100101623088,8.69880878440199e-08,1.176293581542292e-08,7.3951,-1.016230877226576e-07,True,0.9991480708122253,0.9991480708122253
002202.SZ,30,14,16,8.399699992119569,8.399699992119569,8.399699992119569,0.0,0.0,8.3997,7.880430530349258e-09,True,0.9862971305847168,0.9862971305847168
002205.SZ,31,14,17,2.103300001913582,2.103300001913582,2.103300001913582,0.0,0.0,2.1033,-1.9135821816007592e-09,True,0.9998573660850525,0.9998573660850525
002207.SZ,30,14,16,2.053,2.053,2.053,0.0,0.0,2.053,0.0,True,1.0,1.0
002209.SZ,30,14,16,1.5698,1.5698,1.5698,0.0,0.0,1.5698,0.0,True,1.0,1.0
002211.SZ,33,14,19,1.524,1.524,1.524,0.0,0.0,1.524,0.0,True,1.0,1.0
002213.SZ,34,14,20,2.1029,2.1029,2.1029,0.0,0.0,2.1029,0.0,True,1.0,1.0
002217.SZ,33,13,20,5.7232998578891205,5.7232998578891205,5.7232998578891205,0.0,0.0,5.7233,1.4211087950855017e-07,True,0.9999476075172424,0.9999476075172424
002221.SZ,28,14,14,4.397,4.397,4.397,0.0,0.0,4.397,0.0,True,1.0,1.0
002225.SZ,32,14,18,1.996,1.996,1.9960000358114345,3.581143448450064e-08,1.7941600443136593e-08,1.996,0.0,True,0.991983950138092,0.991983950138092
002226.SZ,28,14,14,13.402,13.401999778597522,13.402,2.2140247679658387e-07,1.6520107207624524e-08,13.402,0.0,True,1.0,1.0
002236.SZ,34,14,20,48.44340127893593,48.44340127893593,48.44340127893593,0.0,0.0,48.4434,-1.2789359331577543e-06,True,0.9906983971595764,0.9906983971595764
002239.SZ,28,14,14,9.1197,9.1197,9.1197,0.0,0.0,9.1197,0.0,True,1.0,1.0
002240.SZ,31,14,17,1.6740999837031167,1.6740999837031167,1.6740999837031167,0.0,0.0,1.6741,1.6296883176281085e-08,True,0.9999402761459351,0.9999402761459351
002245.SZ,32,14,18,13.9961,13.9961,13.9961,0.0,0.0,13.9961,0.0,True,1.0,1.0
002247.SZ,34,14,20,6.487199906966204,6.487199906966204,6.487199906966204,0.0,0.0,6.4872,9.303379577829674e-08,True,0.9999691843986511,0.9999691843986511
002248.SZ,29,14,15,2.0281999522877387,2.0281999522877387,2.0281999522877387,0.0,0.0,2.0282,4.771226125299677e-08,True,0.9999014139175415,0.9999014139175415
002251.SZ,29,14,15,4.961199900337019,4.961199900337019,4.961199900337019,0.0,0.0,4.9612,9.966298097907611e-08,True,0.9999597072601318,0.9999597072601318
002252.SZ,31,14,17,24.838899802669115,24.838899802669115,24.838900042067728,2.39398612933428e-07,9.638052201800941e-09,24.8389,1.9733088407747346e-07,True,0.9925197958946228,0.9925197958946228
002255.SZ,29,14,15,4.1818998933941485,4.1818998933941485,4.1818998933941485,0.0,0.0,4.1819,1.0660585125776834e-07,True,0.9940457940101624,0.9940457940101624
002256.SZ,33,14,19,15.226,15.226,15.226,0.0,0.0,15.226,0.0,True,1.0,1.0
002270.SZ,28,14,14,2.6296999621340005,2.629699920957997,2.6297000033100035,8.23520065473815e-08,3.1316122650187394e-08,2.6297,3.786599966915105e-08,True,0.9684755206108093,0.981404721736908
002278.SZ,28,14,14,2.2507,2.2507,2.2507,0.0,0.0,2.2507,0.0,True,1.0,1.0
002279.SZ,31,14,17,9.994399723184959,9.994399723184959,9.994399723184959,0.0,0.0,9.9944,2.768150419996118e-07,True,0.9999600052833557,0.9999600052833557
002282.SZ,33,14,19,2.3016,2.3016,2.3016,0.0,0.0,2.3016,0.0,True,1.0,1.0
002289.SZ,29,14,15,1.5243999715253505,1.5243999715253505,1.5243999715253505,0.0,0.0,1.5244,2.8474649527154838e-08,True,0.9997376203536987,0.9997376203536987
002290.SZ,33,14,19,2.657099934939083,2.657099934939083,2.657099934939083,0.0,0.0,2.6571,6.506091665414715e-08,True,0.9999623894691467,0.9999623894691467
002291.SZ,32,14,18,1.726,1.726,1.726,0.0,0.0,1.726,0.0,True,1.0,1.0
002297.SZ,34,14,20,3.015,3.015,3.015,0.0,0.0,3.015,0.0,True,1.0,1.0
002299.SZ,31,14,17,2.697200073391563,2.697200073391563,2.697200073391563,0.0,0.0,2.6972,-7.339156304908556e-08,True,0.9817217588424683,0.9817217588424683
002306.SZ,30,14,16,4.174100015890979,4.174100015890979,4.174100015890979,0.0,0.0,4.1741,-1.5890979199184585e-08,True,0.9999760389328003,0.9999760389328003
002309.SZ,29,14,15,3.7722001081762477,3.7722001081762477,3.7722001081762477,0.0,0.0,3.7722,-1.081762475152459e-07,True,0.9999469518661499,0.9999469518661499
002310.SZ,29,14,15,46.53009984276261,46.53009984276261,46.53009984276261,0.0,0.0,46.5301,1.572373875546873e-07,True,0.9999978542327881,0.9999978542327881
002314.SZ,31,14,17,2.3934000123521466,2.3934000123521466,2.3934000123521466,0.0,0.0,2.3934,-1.2352146416816367e-08,True,0.9998328685760498,0.9998328685760498
002316.SZ,33,14,19,3.3363999173780585,3.3363999173780585,3.3363999173780585,0.0,0.0,3.3364,8.262194128860756e-08,True,0.9998801350593567,0.9998801350593567
002319.SZ,32,14,18,2.0512000190753468,2.0512000190753468,2.0512000190753468,0.0,0.0,2.0512,-1.907534663558863e-08,True,0.9999024868011475,0.9999024868011475
002323.SZ,33,14,19,7.7593001562238575,7.7593001562238575,7.7593001562238575,0.0,0.0,7.7593,-1.5622385785007964e-07,True,0.9999613165855408,0.9999613165855408
002333.SZ,32,14,18,3.7469,3.7469,3.7469,0.0,0.0,3.7469,0.0,True,1.0,1.0
002338.SZ,30,14,16,3.2753,3.2753,3.2753,0.0,0.0,3.2753,0.0,True,1.0,1.0
002342.SZ,28,14,14,2.481199948688187,2.481199948688187,2.481199948688187,0.0,0.0,2.4812,5.1311813020760155e-08,True,0.9999194145202637,0.9999194145202637
002343.SZ,31,14,17,3.201399955171707,3.201399955171707,3.201399955171707,0.0,0.0,3.2014,4.482829307761449e-08,True,0.9998750686645508,0.9998750686645508
002344.SZ,33,14,19,4.570300080818403,4.5703,4.570300080818403,8.081840352502923e-08,1.768339104563941e-08,4.5703,-8.081840352502923e-08,True,0.9912915825843811,0.9912915825843811
002347.SZ,32,14,18,3.9419,3.9419,3.9419000580007295,5.800072955253199e-08,1.4713901811951596e-08,3.9419,0.0,True,0.9972348213195801,1.0
002348.SZ,34,14,20,6.867,6.867,6.867,0.0,0.0,6.867,0.0,True,1.0,1.0
002350.SZ,29,14,15,4.925,4.925,4.925,0.0,0.0,4.925,0.0,True,1.0,1.0
002352.SZ,33,14,19,3.7689000251328175,3.768900015320605,3.7689000251328175,9.812212375948093e-09,2.603468468390139e-09,3.7689,-2.5132817604855973e-08,True,0.9797022938728333,0.9797022938728333
002356.SZ,28,14,14,5.513099896333723,5.513099896333723,5.513099896333723,0.0,0.0,5.5131,1.0366627645197468e-07,True,0.9999818801879883,0.9999818801879883
002357.SZ,31,14,17,4.539100057690898,4.539099967354093,4.539100057690898,9.033680470338368e-08,1.990191966584214e-08,4.5391,-5.76908973926038e-08,True,0.995461642742157,0.995461642742157
002358.SZ,31,14,17,8.5837,8.583699984353597,8.5837,1.56464032841086e-08,1.8228040686543799e-09,8.5837,0.0,True,0.9961788058280945,1.0
002366.SZ,34,14,20,2.332,2.332,2.332,0.0,0.0,2.332,0.0,True,1.0,1.0
002369.SZ,29,14,15,4.294,4.294,4.294,0.0,0.0,4.294,0.0,True,1.0,1.0
002373.SZ,31,14,17,4.135199885482754,4.135199885482754,4.135199885482754,0.0,0.0,4.1352,1.145172463523636e-07,True,0.9985007047653198,0.9985007047653198
002377.SZ,30,14,16,4.335500034842934,4.335500034842934,4.335500034842934,0.0,0.0,4.3355,-3.4842933871459536e-08,True,0.9998846650123596,0.9998846650123596
002384.SZ,32,14,18,7.5827,7.5827,7.5827,0.0,0.0,7.5827,0.0,True,1.0,1.0
002385.SZ,31,14,17,10.732600005870854,10.732600005870854,10.732600005870854,0.0,0.0,10.7326,-5.8708540251473096e-09,True,0.9929280877113342,0.9929280877113342
002389.SZ,31,14,17,6.2554,6.2553998462102145,6.2554,1.537897853509662e-07,2.4585124108924484e-08,6.2554,0.0,True,1.0,1.0
002390.SZ,31,14,17,10.977400255170098,10.977400255170098,10.977400255170098,0.0,0.0,10.9774,-2.55170098384383e-07,True,0.9913002848625183,0.9913002848625183
002398.SZ,33,14,19,6.6492,6.6492,6.6492,0.0,0.0,6.6492,0.0,True,1.0,1.0
002402.SZ,33,14,19,12.5448,12.5448,12.5448,0.0,0.0,12.5448,0.0,True,1.0,1.0
002409.SZ,34,14,20,3.2559000308466346,3.2559000308466346,3.2559000308466346,0.0,0.0,3.2559,-3.084663457997294e-08,True,0.9955158233642578,0.9955158233642578
002415.SZ,34,14,20,23.81750043343435,23.81750043343435,23.81750043343435,0.0,0.0,23.8175,-4.334343515211003e-07,True,0.9882943034172058,0.9882943034172058
002418.SZ,31,14,17,4.997199861592479,4.997199861592479,4.997199861592479,0.0,0.0,4.9972,1.384075209998059e-07,True,0.9999600052833557,0.9999600052833557
002420.SZ,32,14,18,1.0184999855685914,1.0184999855685914,1.0184999855685914,0.0,0.0,1.0185,1.4431408512649568e-08,True,0.9995090961456299,0.9995090961456299
002423.SZ,29,14,15,1.0974,1.0973999736935531,1.0974,2.63064467986851e-08,2.39716118085339e-08,1.0974,0.0,True,0.9878804683685303,1.0
002424.SZ,33,13,20,10.813099899201655,10.813099899201655,10.813099899201655,0.0,0.0,10.8131,1.0079834567022772e-07,True,0.9999907612800598,0.9999907612800598
002425.SZ,30,14,16,4.425,4.425,4.425,0.0,0.0,4.425,0.0,True,1.0,1.0
002426.SZ,34,14,20,5.267,5.267,5.267,0.0,0.0,5.267,0.0,True,1.0,1.0
002429.SZ,31,14,17,9.5342,9.5342,9.5342,0.0,0.0,9.5342,0.0,True,1.0,1.0
002436.SZ,33,14,19,13.4776,13.4776,13.4776,0.0,0.0,13.4776,0.0,True,1.0,1.0
002437.SZ,29,14,15,15.848,15.848,15.848,0.0,0.0,15.848,0.0,True,1.0,1.0
002438.SZ,33,14,19,4.306,4.306,4.306,0.0,0.0,4.306,0.0,True,1.0,1.0
002439.SZ,31,14,17,8.4178,8.4178,8.4178,0.0,0.0,8.4178,0.0,True,1.0,1.0
002445.SZ,28,14,14,7.212,7.212,7.212,0.0,0.0,7.212,0.0,True,1.0,1.0
002456.SZ,32,14,18,20.444,20.444,20.444,0.0,0.0,20.444,0.0,True,1.0,1.0
002459.SZ,30,14,16,2.715,2.715,2.715,0.0,0.0,2.715,0.0,True,1.0,1.0
002466.SZ,33,14,19,8.411299808817247,8.411299808817247,8.411299808817247,0.0,0.0,8.4113,1.9118275318419364e-07,True,0.9999643564224243,0.9999643564224243
002470.SZ,29,14,15,4.269200008821901,4.269200008821901,4.269200008821901,0.0,0.0,4.2692,-8.82190143158823e-09,True,0.9999531507492065,0.9999531507492065
002482.SZ,32,14,18,8.4771000443583,8.4771000443583,8.4771000443583,0.0,0.0,8.4771,-4.435830014415387e-08,True,0.9999881982803345,0.9999881982803345
002483.SZ,31,14,17,3.4511,3.4511,3.4511,0.0,0.0,3.4511,0.0,True,1.0,1.0
002486.SZ,29,14,15,4.197,4.197,4.197,0.0,0.0,4.197,0.0,True,1.0,1.0
002490.SZ,33,14,19,2.044199945694857,2.044199945694857,2.044199945694857,0.0,0.0,2.0442,5.430514304904932e-08,True,0.9999021887779236,0.9999021887779236
002496.SZ,30,14,16,14.262,14.262,14.262,0.0,0.0,14.262,0.0,True,1.0,1.0
002500.SZ,30,14,16,1.2734000109948562,1.2734000109948562,1.273400015960567,4.965710731497097e-09,3.89956862621478e-09,1.2734,-1.0994856136647968e-08,True,0.9920684695243835,0.9920684695243835
002501.SZ,34,14,20,7.536300064590164,7.536300064590164,7.536300064590164,0.0,0.0,7.5363,-6.459016432813769e-08,True,0.99996018409729,0.99996018409729
002513.SZ,29,14,15,2.981299956460387,2.981299956460387,2.981299956460387,0.0,0.0,2.9813,4.3539613248100295e-08,True,0.9998993873596191,0.9998993873596191
002514.SZ,30,14,16,6.661,6.661,6.661,0.0,0.0,6.661,0.0,True,1.0,1.0
002515.SZ,30,14,16,11.2639,11.2639,11.2639,0.0,0.0,11.2639,0.0,True,1.0,1.0
002516.SZ,33,14,19,9.4279,9.4279,9.4279,0.0,0.0,9.4279,0.0,True,1.0,1.0
002517.SZ,33,14,19,6.4518,6.4518,6.4518,0.0,0.0,6.4518,0.0,True,1.0,1.0
002520.SZ,33,14,19,8.878,8.878,8.878,0.0,0.0,8.878,0.0,True,1.0,1.0
002523.SZ,33,14,19,7.5866,7.586599815523396,7.5866,1.8447660377063357e-07,2.431611048040408e-08,7.5866,0.0,True,1.0,1.0
002524.SZ,31,14,17,4.586,4.586,4.586,0.0,0.0,4.586,0.0,True,1.0,1.0
002526.SZ,31,14,17,6.046,6.045999865229643,6.046,1.3477035754050348e-07,2.2290829894228163e-08,6.046,0.0,True,0.9974032640457153,1.0
002527.SZ,28,14,14,2.792399955337803,2.792399955337803,2.792399955337803,0.0,0.0,2.7924,4.466219705179242e-08,True,0.9998567700386047,0.9998567700386047
002528.SZ,33,14,19,6.444,6.444,6.444,0.0,0.0,6.444,0.0,True,1.0,1.0
002529.SZ,29,14,15,1.299,1.299,1.299,0.0,0.0,1.299,0.0,True,1.0,1.0
002530.SZ,31,14,17,3.346200047412369,3.346200047412369,3.346200047412369,0.0,0.0,3.3462,-4.741236914185265e-08,True,0.9999402165412903,0.9999402165412903
002531.SZ,30,14,16,8.3007,8.3007,8.3007,0.0,0.0,8.3007,0.0,True,1.0,1.0
002532.SZ,30,14,16,8.461499767696628,8.461499767696628,8.461499767696628,0.0,0.0,8.4615,2.3230337120594413e-07,True,0.9800626635551453,0.9800626635551453
002535.SZ,33,14,19,3.529399910761735,3.529399910761735,3.529399910761735,0.0,0.0,3.5294,8.923826477769126e-08,True,0.999886691570282,0.999886691570282
002538.SZ,33,14,19,5.3215,5.3215,5.3215,0.0,0.0,5.3215,0.0,True,1.0,1.0
002545.SZ,32,14,18,6.075099835757786,6.075099835757786,6.0751,1.6424221360722413e-07,2.70353110315161e-08,6.0751,1.6424221360722413e-07,True,0.9690704941749573,0.9690704941749573
002554.SZ,32,14,18,7.1802,7.1802,7.1802,0.0,0.0,7.1802,0.0,True,1.0,1.0
002555.SZ,31,14,17,14.817899634003357,14.817899634003357,14.817899634003357,0.0,0.0,14.8179,3.6599664277048305e-07,True,0.9803751111030579,0.9803751111030579
002556.SZ,31,14,17,6.293600044286838,6.293600044286838,6.293600044286838,0.0,0.0,6.2936,-4.428683819668322e-08,True,0.9916422963142395,0.9916422963142395
002558.SZ,34,14,20,4.5218999380426945,4.5218999380426945,4.5218999380426945,0.0,0.0,4.5219,6.19573050641975e-08,True,0.9966607093811035,0.9966607093811035
002559.SZ,31,14,17,7.5704,7.5704,7.5704,0.0,0.0,7.5704,0.0,True,1.0,1.0
002564.SZ,30,14,16,3.245200005579339,3.245200005579339,3.245200005579339,0.0,0.0,3.2452,-5.5793387687685936e-09,True,0.9999383687973022,0.9999383687973022
002569.SZ,31,14,17,1.5581000209881428,1.5581000209881428,1.5581000209881428,0.0,0.0,1.5581,-2.0988142779287955e-08,True,0.9999358057975769,0.9999358057975769
002570.SZ,33,14,19,2.579,2.579,2.579,0.0,0.0,2.579,0.0,True,1.0,1.0
002573.SZ,32,14,18,8.5083,8.5083,8.5083,0.0,0.0,8.5083,0.0,True,1.0,1.0
002576.SZ,33,14,19,1.3907,1.3907,1.3907000091277226,9.127722577773056e-09,6.563401580335843e-09,1.3907,0.0,True,0.9951822757720947,0.9951822757720947
002578.SZ,28,14,14,5.275399965569747,5.275399965569747,5.275399965569747,0.0,0.0,5.2754,3.443025331506533e-08,True,0.9999241828918457,0.9999241828918457
002579.SZ,33,14,19,4.701200072339275,4.701200072339275,4.701200072339275,0.0,0.0,4.7012,-7.233927501459902e-08,True,0.9999574422836304,0.9999574422836304
002584.SZ,28,14,14,2.6985,2.6985,2.6985,0.0,0.0,2.6985,0.0,True,1.0,1.0
002596.SZ,29,14,15,4.968,4.968,4.968,0.0,0.0,4.968,0.0,True,1.0,1.0
002599.SZ,32,14,18,3.5036,3.5036,3.5036,0.0,0.0,3.5036,0.0,True,1.0,1.0
002600.SZ,31,14,17,4.401500030390732,4.401500030390732,4.401500030390732,0.0,0.0,4.4015,-3.039073170896245e-08,True,0.9986822605133057,0.9986822605133057
002601.SZ,29,14,15,11.790000169997624,11.790000169997624,11.790000169997624,0.0,0.0,11.79,-1.6999762486591408e-07,True,0.9943596124649048,0.9943596124649048
002602.SZ,34,14,20,9.619499975918473,9.619499975918473,9.619499975918473,0.0,0.0,9.6195,2.408152788291318e-08,True,0.9999480247497559,0.9999480247497559
002606.SZ,30,14,16,4.259800090810809,4.259800090810809,4.259800090810809,0.0,0.0,4.2598,-9.081080865058766e-08,True,0.9988496899604797,0.9988496899604797
002616.SZ,33,14,19,4.838700050805057,4.838700050805057,4.838700050805057,0.0,0.0,4.8387,-5.080505705024052e-08,True,0.9785686135292053,0.9785686135292053
002617.SZ,28,14,14,7.821300223669055,7.821300223669055,7.821300223669055,0.0,0.0,7.8213,-2.236690548329534e-07,True,0.9999616146087646,0.9999616146087646
002622.SZ,30,14,16,5.812199892481444,5.812199892481444,5.812199892481444,0.0,0.0,5.8122,1.0751855583635006e-07,True,0.9999656081199646,0.9999656081199646
002629.SZ,34,14,20,3.7274998966912958,3.7274998966912958,3.7274998966912958,0.0,0.0,3.7275,1.033087042578984e-07,True,0.9998658895492554,0.9998658895492554
002638.SZ,31,14,17,5.047500020088755,5.047500020088755,5.047500020088755,0.0,0.0,5.0475,-2.0088754659752794e-08,True,0.9999009370803833,0.9999009370803833
002640.SZ,34,14,20,12.264,12.264,12.264,0.0,0.0,12.264,0.0,True,1.0,1.0
002642.SZ,31,14,17,4.63140000072724,4.63140000072724,4.63140000072724,0.0,0.0,4.6314,-7.272396018720428e-10,True,0.9999136328697205,0.9999136328697205
002644.SZ,28,14,14,5.7361,5.736099857905463,5.7361,1.420945370256277e-07,2.4771976957449777e-08,5.7361,0.0,True,1.0,1.0
002647.SZ,32,14,18,3.8621,3.8621,3.8621,0.0,0.0,3.8621,0.0,True,1.0,1.0
002648.SZ,34,14,20,12.9881,12.9881,12.9881,0.0,0.0,12.9881,0.0,True,1.0,1.0
002650.SZ,30,14,16,8.22440001335209,8.22440001335209,8.22440001335209,0.0,0.0,8.2244,-1.3352090988405507e-08,True,0.9999513626098633,0.9999513626098633
002654.SZ,32,14,18,6.222300040288722,6.222300040288722,6.222300040288722,0.0,0.0,6.2223,-4.028872258032834e-08,True,0.9999517798423767,0.9999517798423767
002655.SZ,32,14,18,3.0672,3.0672,3.0672,0.0,0.0,3.0672,0.0,True,1.0,1.0
002656.SZ,33,14,19,5.299,5.299,5.299,0.0,0.0,5.299,0.0,True,1.0,1.0
002667.SZ,31,14,17,3.4691999566768468,3.4691999566768468,3.4691999566768468,0.0,0.0,3.4692,4.332315306498913e-08,True,0.9999423623085022,0.9999423623085022
002669.SZ,32,14,18,2.166,2.166,2.166,0.0,0.0,2.166,0.0,True,1.0,1.0
002670.SZ,28,14,14,2.333199982021698,2.333199982021698,2.333199982021698,0.0,0.0,2.3332,1.7978301958265774e-08,True,0.999914288520813,0.999914288520813
002675.SZ,28,14,14,5.2891,5.2891,5.2891,0.0,0.0,5.2891,0.0,True,1.0,1.0
002676.SZ,34,14,20,4.6996,4.6996,4.6996,0.0,0.0,4.6996,0.0,True,1.0,1.0
002681.SZ,34,14,20,10.623300135866666,10.623300135866666,10.623300135866666,0.0,0.0,10.6233,-1.358666654738272e-07,True,0.9999717473983765,0.9999717473983765
002685.SZ,31,14,17,2.8954000387960632,2.8954000387960632,2.8954000387960632,0.0,0.0,2.8954,-3.8796063250856605e-08,True,0.9998618364334106,0.9998618364334106
002692.SZ,30,14,16,4.1972,4.1972,4.1972,0.0,0.0,4.1972,0.0,True,1.0,1.0
002694.SZ,32,14,18,4.097,4.097,4.097,0.0,0.0,4.097,0.0,True,1.0,1.0
002697.SZ,30,14,16,8.3388,8.3388,8.3388,0.0,0.0,8.3388,0.0,True,1.0,1.0
002700.SZ,34,14,20,6.1541,6.1541,6.1541,0.0,0.0,6.1541,0.0,True,1.0,1.0
002701.SZ,30,14,16,10.235,10.234999826663085,10.235,1.7333691459953116e-07,1.6935702452323513e-08,10.235,0.0,True,1.0,1.0
002703.SZ,31,14,17,2.5624,2.5624,2.5624,0.0,0.0,2.5624,0.0,True,1.0,1.0
002705.SZ,33,14,19,2.191799937884957,2.191799937884957,2.191799937884957,0.0,0.0,2.1918,6.211504333109019e-08,True,0.9900994896888733,0.9900994896888733
002706.SZ,33,14,19,12.8305,12.8305,12.8305,0.0,0.0,12.8305,0.0,True,1.0,1.0
002707.SZ,34,14,20,12.155,12.155,12.155,0.0,0.0,12.155,0.0,True,1.0,1.0
002709.SZ,33,14,19,14.525500177087428,14.525500177087428,14.525500177087428,0.0,0.0,14.5255,-1.7708742916511255e-07,True,0.9988778233528137,0.9988778233528137
002712.SZ,33,14,19,5.2073001367588185,5.2073001367588185,5.2073001367588185,0.0,0.0,5.2073,-1.3675881849195548e-07,True,0.9999423623085022,0.9999423623085022
002713.SZ,33,14,19,3.944099961735026,3.944099961735026,3.944099961735026,0.0,0.0,3.9441,3.8264974300261656e-08,True,0.9520549774169922,0.9520549774169922
002714.SZ,33,14,19,19.855999476548426,19.855999476548426,19.856000026162114,5.496136878946345e-07,2.767998098226048e-08,19.856,5.234515754182212e-07,True,0.9827306866645813,0.9827306866645813
002715.SZ,34,14,20,1.5125,1.5125,1.5125,0.0,0.0,1.5125,0.0,True,1.0,1.0
002716.SZ,34,14,20,3.8161000812074977,3.8161000812074977,3.8161000812074977,0.0,0.0,3.8161,-8.120749761530988e-08,True,0.9999737739562988,0.9999737739562988
002717.SZ,28,14,14,13.48609967543839,13.48609967543839,13.48609967543839,0.0,0.0,13.4861,3.245616095881587e-07,True,0.9999926090240479,0.9999926090240479
002718.SZ,33,14,19,2.705,2.705,2.705,0.0,0.0,2.705,0.0,True,1.0,1.0
002719.SZ,33,14,19,1.6274000304773861,1.6274000304773861,1.6274000304773861,0.0,0.0,1.6274,-3.0477386170346676e-08,True,0.9997541904449463,0.9997541904449463
002721.SZ,32,14,18,3.046,3.046,3.046,0.0,0.0,3.046,0.0,True,1.0,1.0
002724.SZ,31,14,17,2.012,2.012,2.012,0.0,0.0,2.012,0.0,True,1.0,1.0
002725.SZ,28,14,14,2.703,2.703,2.703,0.0,0.0,2.703,0.0,True,1.0,1.0
002726.SZ,33,14,19,4.650200119285949,4.650200119285949,4.650200119285949,0.0,0.0,4.6502,-1.19285949118364e-07,True,0.9999569654464722,0.9999569654464722
002727.SZ,33,14,19,2.319399988552449,2.319399988552449,2.319399988552449,0.0,0.0,2.3194,1.1447550907206505e-08,True,0.9861602187156677,0.9861602187156677
002728.SZ,33,14,19,5.1852000537936895,5.1852,5.1852000537936895,5.379368950286789e-08,1.0374467512301745e-08,5.1852,-5.379368950286789e-08,True,0.9945614337921143,0.9945614337921143
002729.SZ,32,14,18,2.8024999597472577,2.8024999597472577,2.8024999597472577,0.0,0.0,2.8025,4.025274247254629e-08,True,0.9981802105903625,0.9981802105903625
002730.SZ,33,14,19,2.3998,2.3998,2.3998,0.0,0.0,2.3998,0.0,True,1.0,1.0
002732.SZ,33,14,19,1.1231,1.1231,1.1231,0.0,0.0,1.1231,0.0,True,1.0,1.0
002734.SZ,33,14,19,3.6312,3.6312,3.6312,0.0,0.0,3.6312,0.0,True,1.0,1.0
002736.SZ,34,14,20,1.3125000214504623,1.3125000214504623,1.3125000214504623,0.0,0.0,1.3125,-2.1450462295291572e-08,True,0.9919999837875366,0.9919999837875366
002737.SZ,33,14,19,5.728800027356408,5.7288,5.728800027356408,2.7356408693890444e-08,4.775242382917358e-09,5.7288,-2.7356408693890444e-08,True,0.9691383838653564,0.9691383838653564
002739.SZ,30,14,16,3.040100024653292,3.040100024653292,3.040100024653292,0.0,0.0,3.0401,-2.4653292296505924e-08,True,0.999967098236084,0.999967098236084
002741.SZ,33,14,19,3.064,3.064,3.064,0.0,0.0,3.064,0.0,True,1.0,1.0
002742.SZ,32,14,18,4.7,4.7,4.7,0.0,0.0,4.7,0.0,True,1.0,1.0
002743.SZ,34,14,20,2.1625,2.1625,2.1625,0.0,0.0,2.1625,0.0,True,1.0,1.0
002745.SZ,28,14,14,2.3725000204137854,2.3725,2.3725000408275707,4.082757065759779e-08,1.7208670308241807e-08,2.3725,-2.0413785328798895e-08,True,0.9937618374824524,1.0
002746.SZ,33,14,19,4.690300025773999,4.690300025773999,4.690300025773999,0.0,0.0,4.6903,-2.577399893510801e-08,True,0.9837750196456909,0.9837750196456909
002747.SZ,34,14,20,6.213,6.213,6.213,0.0,0.0,6.213,0.0,True,1.0,1.0
002749.SZ,33,14,19,7.922200042913064,7.922200042913064,7.922200042913064,0.0,0.0,7.9222,-4.2913064213223606e-08,True,0.9539395570755005,0.9539395570755005
002752.SZ,33,14,19,2.1042,2.1041999706242884,2.1042,2.937571164096653e-08,1.3960513088568828e-08,2.1042,0.0,True,0.9824636578559875,0.9824636578559875
002753.SZ,33,14,19,3.8563,3.8563,3.8563,0.0,0.0,3.8563,0.0,True,1.0,1.0
002756.SZ,34,14,20,3.1914999329284695,3.1914999329284695,3.1914999329284695,0.0,0.0,3.1915,6.707153055174331e-08,True,0.992292046546936,0.992292046546936
002757.SZ,34,14,20,2.797099948585006,2.797099948585006,2.797099948585006,0.0,0.0,2.7971,5.141499404004435e-08,True,0.9918844699859619,0.9918844699859619
002758.SZ,33,14,19,4.4123,4.4123,4.4123,0.0,0.0,4.4123,0.0,True,1.0,1.0
002759.SZ,33,14,19,2.656,2.656,2.656,0.0,0.0,2.656,0.0,True,1.0,1.0
002760.SZ,29,14,15,1.0274,1.0274,1.0274,0.0,0.0,1.0274,0.0,True,1.0,1.0
002762.SZ,33,14,19,5.6727,5.6727,5.6727,0.0,0.0,5.6727,0.0,True,1.0,1.0
002763.SZ,33,14,19,2.7384000077697777,2.7384000077697777,2.7384000077697777,0.0,0.0,2.7384,-7.769777710109338e-09,True,0.9573838710784912,0.9573838710784912
002766.SZ,28,14,14,2.0165000019078216,2.0165000019078216,2.0165000019078216,0.0,0.0,2.0165,-1.907821456370584e-09,True,0.9997520446777344,0.9997520446777344
002767.SZ,33,14,19,1.5331,1.5331,1.5331000322721056,3.227210565448502e-08,2.105022872251322e-08,1.5331,0.0,True,0.997717022895813,0.997717022895813
002768.SZ,33,14,19,3.2181,3.2181,3.2181,0.0,0.0,3.2181,0.0,True,1.0,1.0
002771.SZ,34,14,20,2.6727,2.672699947186495,2.6727,5.281350468067103e-08,1.976035644878626e-08,2.6727,0.0,True,1.0,1.0
002772.SZ,33,14,19,2.4519000014964227,2.4519000014964227,2.4519000014964227,0.0,0.0,2.4519,-1.4964225414360044e-09,True,0.9918022751808167,0.9918022751808167
002773.SZ,33,14,19,2.1105,2.1105,2.1105,0.0,0.0,2.1105,0.0,True,1.0,1.0
002774.SZ,33,14,19,1.273,1.273,1.273,0.0,0.0,1.273,0.0,True,1.0,1.0
002775.SZ,33,14,19,4.706200004613596,4.706200004613596,4.706200004613596,0.0,0.0,4.7062,-4.613595727676056e-09,True,0.9999575018882751,0.9999575018882751
002777.SZ,33,14,19,5.1012,5.1012,5.1012,0.0,0.0,5.1012,0.0,True,1.0,1.0
002779.SZ,33,14,19,2.135,2.135,2.135,0.0,0.0,2.135,0.0,True,1.0,1.0
002780.SZ,33,14,19,1.9561000364918297,1.9561000364918297,1.9561000364918297,0.0,0.0,1.9561,-3.6491829780160856e-08,True,0.9999488592147827,0.9999488592147827
002782.SZ,33,14,19,2.7116,2.7116,2.7116,0.0,0.0,2.7116,0.0,True,1.0,1.0
002783.SZ,33,14,19,4.4293,4.4293,4.429300021864858,2.186485836830343e-08,4.936413963448724e-09,4.4293,0.0,True,1.0,1.0
002785.SZ,28,14,14,1.0024000108285247,1.0024000108285247,1.0024000108285247,0.0,0.0,1.0024,-1.0828524743544676e-08,True,0.9996009469032288,0.9996009469032288
002786.SZ,30,14,16,3.027,3.027,3.027,0.0,0.0,3.027,0.0,True,1.0,1.0
002787.SZ,33,14,19,2.1689,2.1689,2.1689,0.0,0.0,2.1689,0.0,True,1.0,1.0
002789.SZ,32,14,18,1.727,1.727,1.727,0.0,0.0,1.727,0.0,True,1.0,1.0
002790.SZ,33,14,19,3.2215,3.2214999892694034,3.2215,1.073059641143459e-08,3.330931681339311e-09,3.2215,0.0,True,1.0,1.0
002791.SZ,33,14,19,1.5697,1.5697,1.5697,0.0,0.0,1.5697,0.0,True,1.0,1.0
002792.SZ,33,14,19,3.0872,3.0872,3.0872,0.0,0.0,3.0872,0.0,True,1.0,1.0
002793.SZ,33,14,19,3.589,3.589,3.589,0.0,0.0,3.589,0.0,True,1.0,1.0
002795.SZ,33,14,19,4.126,4.126,4.126,0.0,0.0,4.126,0.0,True,1.0,1.0
002798.SZ,31,14,17,3.082,3.082,3.082,0.0,0.0,3.082,0.0,True,1.0,1.0
002799.SZ,29,14,15,2.585,2.585,2.585,0.0,0.0,2.585,0.0,True,1.0,1.0
002800.SZ,29,14,15,2.0113,2.011299974734476,2.0113,2.5265523895257047e-08,1.2561787846296947e-08,2.0113,0.0,True,1.0,1.0
002801.SZ,33,14,19,4.446500115790299,4.446500115790299,4.446500115790299,0.0,0.0,4.4465,-1.1579029823849396e-07,True,0.9958618879318237,0.9958618879318237
002802.SZ,33,14,19,2.1192999739747287,2.1192999739747287,2.1193,2.6025271271379324e-08,1.2280126263847941e-08,2.1193,2.6025271271379324e-08,True,0.992827832698822,0.992827832698822
002803.SZ,33,14,19,3.248800089542543,3.248800089542543,3.248800089542543,0.0,0.0,3.2488,-8.954254271387185e-08,True,0.9899654984474182,0.9899654984474182
002805.SZ,33,14,19,2.122,2.122,2.122,0.0,0.0,2.122,0.0,True,1.0,1.0
002807.SZ,33,14,19,1.6625999740434105,1.6625999740434105,1.6625999740434105,0.0,0.0,1.6626,2.5956589544406938e-08,True,0.9796102643013,0.9796102643013
002808.SZ,31,14,17,2.3052999585753424,2.3052999585753424,2.3052999585753424,0.0,0.0,2.3053,4.1424657482025395e-08,True,0.9998698830604553,0.9998698830604553
002809.SZ,33,14,19,2.8221,2.8221,2.8221000666251785,6.662517870736906e-08,2.3608369195765233e-08,2.8221,0.0,True,1.0,1.0
002810.SZ,33,14,19,3.5428999632452305,3.5428999632452305,3.5428999632452305,0.0,0.0,3.5429,3.6754769450197955e-08,True,0.9926331639289856,0.9926331639289856
002811.SZ,33,14,19,1.9208999874648982,1.9208999874648982,1.9208999874648982,0.0,0.0,1.9209,1.2535101845401186e-08,True,0.9800093770027161,0.9800093770027161
002812.SZ,34,14,20,3.665199893587985,3.665199893587985,3.665199893587985,0.0,0.0,3.6652,1.0641201519945298e-07,True,0.9999454617500305,0.9999454617500305
002815.SZ,33,14,19,2.3755,2.3755,2.3755,0.0,0.0,2.3755,0.0,True,1.0,1.0
002817.SZ,33,14,19,3.681500074736631,3.681500074736631,3.681500074736631,0.0,0.0,3.6815,-7.473663066193126e-08,True,0.9960342049598694,0.9960342049598694
002818.SZ,33,14,19,2.749800006265605,2.749800006265605,2.749800006265605,0.0,0.0,2.7498,-6.26560492378303e-09,True,0.9703251123428345,0.9703251123428345
002819.SZ,29,14,15,1.3262,1.3262,1.3262000369084024,3.690840233439019e-08,2.7830193284866677e-08,1.3262,0.0,True,1.0,1.0
002820.SZ,33,14,19,1.8367,1.8367,1.8367,0.0,0.0,1.8367,0.0,True,1.0,1.0
002821.SZ,33,14,19,3.0098,3.009799927941288,3.0098,7.205871188631363e-08,2.3941362178986524e-08,3.0098,0.0,True,1.0,1.0
002822.SZ,31,14,17,2.077,2.077,2.077,0.0,0.0,2.077,0.0,True,1.0,1.0
002823.SZ,31,14,17,2.216099941149459,2.216099941149459,2.216099941149459,0.0,0.0,2.2161,5.885054088494712e-08,True,0.9892153143882751,0.9892153143882751
002824.SZ,33,14,19,2.2178,2.217799937716576,2.2178,6.228342419589694e-08,2.8083426907699946e-08,2.2178,0.0,True,1.0,1.0
002825.SZ,29,14,15,3.1271,3.1271,3.1271,0.0,0.0,3.1271,0.0,True,1.0,1.0
002826.SZ,28,14,14,1.0484,1.0484,1.0484000113965544,1.1396554366882583e-08,1.0870425760094032e-08,1.0484,0.0,True,1.0,1.0
002827.SZ,33,14,19,1.707999972622733,1.707999972622733,1.707999972622733,0.0,0.0,1.708,2.7377266897943286e-08,True,0.9980093836784363,0.9980093836784363
002829.SZ,33,14,19,2.448,2.448,2.448,0.0,0.0,2.448,0.0,True,1.0,1.0
002830.SZ,33,14,19,2.2314,2.2314,2.2314,0.0,0.0,2.2314,0.0,True,1.0,1.0
002831.SZ,33,14,19,2.5842999914784315,2.5842999914784315,2.5842999914784315,0.0,0.0,2.5843,8.521568339858732e-09,True,0.9841349720954895,0.9841349720954895
002832.SZ,33,14,19,5.812399843802956,5.812399843802956,5.812400109770284,2.659673281613095e-07,4.5758608373248384e-08,5.8124,1.561970446317673e-07,True,0.9684984087944031,0.9684984087944031
002833.SZ,33,14,19,3.9287000869700335,3.9287000869700335,3.9287000869700335,0.0,0.0,3.9287,-8.697003339719345e-08,True,0.9816223978996277,0.9816223978996277
002835.SZ,33,14,19,2.1433,2.1432999590312756,2.1433,4.096872441294863e-08,1.9114787669924245e-08,2.1433,0.0,True,0.9830635190010071,1.0
002836.SZ,34,14,20,3.4534,3.4534,3.4534,0.0,0.0,3.4534,0.0,True,1.0,1.0
002837.SZ,29,14,15,11.1562,11.1562,11.1562,0.0,0.0,11.1562,0.0,True,1.0,1.0
002838.SZ,30,14,16,5.085200104160576,5.085200104160576,5.085200104160576,0.0,0.0,5.0852,-1.0416057527606881e-07,True,0.9988987445831299,0.9988987445831299
002839.SZ,33,14,19,1.6039000439335052,1.6039000439335052,1.6039000439335052,0.0,0.0,1.6039,-4.393350505615956e-08,True,0.977367639541626,0.977367639541626
002840.SZ,33,14,19,2.433100066604969,2.433100066604969,2.433100066604969,0.0,0.0,2.4331,-6.66049690956072e-08,True,0.999958872795105,0.999958872795105
002841.SZ,33,14,19,1.7881,1.7881,1.7881,0.0,0.0,1.7881,0.0,True,1.0,1.0
002842.SZ,29,14,15,2.8,2.8,2.8,0.0,0.0,2.8,0.0,True,1.0,1.0
002843.SZ,33,14,19,1.764,1.76399998443219,1.764,1.556780993006157e-08,8.825289075998622e-09,1.764,0.0,True,1.0,1.0
002845.SZ,33,14,19,2.8927,2.8927,2.8927,0.0,0.0,2.8927,0.0,True,1.0,1.0
002846.SZ,33,14,19,2.643400042099171,2.643400042099171,2.643400042099171,0.0,0.0,2.6434,-4.209917081610115e-08,True,0.9998486638069153,0.9998486638069153
002847.SZ,33,14,19,2.355399948380159,2.355399948380159,2.355400022391929,7.401177004595638e-08,3.1422166794584206e-08,2.3554,5.1619840846228726e-08,True,0.981701672077179,0.981701672077179
002848.SZ,29,14,15,1.002,1.002,1.002,0.0,0.0,1.002,0.0,True,1.0,1.0
002849.SZ,33,14,19,2.164,2.163999969636654,2.164,3.0363346059658625e-08,1.4031121099657404e-08,2.164,0.0,True,1.0,1.0
002850.SZ,33,14,19,1.6021,1.6021,1.6021,0.0,0.0,1.6021,0.0,True,1.0,1.0
002851.SZ,29,14,15,2.3356,2.335599931434824,2.3356,6.856517575926091e-08,2.9356557526657353e-08,2.3356,0.0,True,0.9990152716636658,1.0
002852.SZ,33,14,19,3.2543000658962704,3.2543000658962704,3.2543000658962704,0.0,0.0,3.2948,0.04049993410372954,False,0.9844820499420166,0.9844820499420166
002853.SZ,33,14,19,2.674,2.674,2.674,0.0,0.0,2.674,0.0,True,1.0,1.0
002855.SZ,33,14,19,1.021,1.021,1.021,0.0,0.0,1.021,0.0,True,1.0,1.0
002858.SZ,33,14,19,2.0121000220428935,2.0121000220428935,2.0121000220428935,0.0,0.0,2.0121,-2.204289328844311e-08,True,0.9999502897262573,0.9999502897262573
002859.SZ,33,14,19,4.279299928438462,4.279299928438462,4.279299928438462,0.0,0.0,4.2793,7.156153802867493e-08,True,0.9969154000282288,0.9969154000282288
002860.SZ,28,14,14,3.8127,3.8127,3.8127,0.0,0.0,3.8127,0.0,True,1.0,1.0
002861.SZ,33,14,19,1.395,1.395,1.395,0.0,0.0,1.395,0.0,True,1.0,1.0
002862.SZ,33,14,19,2.1197,2.1197,2.1197,0.0,0.0,2.1197,0.0,True,1.0,1.0
002863.SZ,33,14,19,1.7422,1.7421999669535382,1.7422,3.304646178925452e-08,1.8968236591237816e-08,1.7422,0.0,True,1.0,1.0
002864.SZ,34,14,20,1.048600017666178,1.048600017666178,1.048600017666178,0.0,0.0,1.0486,-1.766617807597015e-08,True,0.9966621994972229,0.9966621994972229
002865.SZ,33,14,19,1.465199991940352,1.465199991940352,1.465199991940352,0.0,0.0,1.4652,8.05964806005477e-09,True,0.9998635053634644,0.9998635053634644
002866.SZ,34,14,20,1.7621999872193137,1.7621999872193137,1.7621999872193137,0.0,0.0,1.7622,1.278068628707274e-08,True,0.9998865127563477,0.9998865127563477
002867.SZ,33,14,19,3.172400085918432,3.172400085918432,3.172400085918432,0.0,0.0,3.1724,-8.591843192462534e-08,True,0.9814966320991516,0.9814966320991516
002868.SZ,28,14,14,1.3732999987897614,1.3732999987897614,1.3732999987897614,0.0,0.0,1.3733,1.2102385760215384e-09,True,0.9997815489768982,0.9997815489768982
002869.SZ,33,14,19,1.6729,1.6728999668285545,1.6729,3.317144559034091e-08,1.982870798633565e-08,1.6729,0.0,True,1.0,1.0
002870.SZ,32,14,18,1.045,1.045,1.045,0.0,0.0,1.045,0.0,True,1.0,1.0
002871.SZ,33,14,19,3.9388999828868427,3.9388999828868427,3.9388999828868427,0.0,0.0,3.9389,1.7113157113612942e-08,True,0.9968265295028687,0.9968265295028687
002873.SZ,34,14,20,3.5122,3.5122,3.5122,0.0,0.0,3.5122,0.0,True,1.0,1.0
002875.SZ,28,14,14,1.717,1.717,1.717,0.0,0.0,1.717,0.0,True,1.0,1.0
002876.SZ,33,14,19,1.8733,1.8733,1.8733,0.0,0.0,1.8733,0.0,True,1.0,1.0
002877.SZ,33,14,19,2.8246000205281225,2.8246,2.8246000205281225,2.052812231312373e-08,7.26762096011227e-09,2.8246,-2.052812231312373e-08,True,0.9976633787155151,0.9976633787155151
002878.SZ,29,14,15,3.192500076425126,3.192500076425126,3.192500076425126,0.0,0.0,3.1925,-7.642512622751951e-08,True,0.9998433589935303,0.9998433589935303
002879.SZ,33,14,19,1.5559,1.5559,1.5559,0.0,0.0,1.59,0.03410000000000002,False,1.0,1.0
002880.SZ,34,14,20,2.215700031765219,2.2157,2.215700031765219,3.176521889969308e-08,1.4336425709389077e-08,2.2157,-3.176521889969308e-08,True,0.9931849837303162,0.9931849837303162
002881.SZ,33,14,19,2.2476,2.2476,2.2476,0.0,0.0,2.2476,0.0,True,1.0,1.0
002882.SZ,33,14,19,1.1519,1.1519,1.1519,0.0,0.0,1.1519,0.0,True,1.0,1.0
002883.SZ,29,14,15,3.0301,3.0301,3.030100046497179,4.6497178995963395e-08,1.5345097190179663e-08,3.0301,0.0,True,1.0,1.0
002885.SZ,33,14,19,3.2037,3.2037,3.2037,0.0,0.0,3.2037,0.0,True,1.0,1.0
002886.SZ,33,14,19,2.5971,2.5971,2.5971,0.0,0.0,2.5971,0.0,True,1.0,1.0
002887.SZ,33,14,19,4.65,4.65,4.65,0.0,0.0,4.65,0.0,True,1.0,1.0
002888.SZ,31,14,17,1.9108,1.9108,1.9108,0.0,0.0,1.9108,0.0,True,1.0,1.0
002889.SZ,33,14,19,2.8286,2.8286,2.8286,0.0,0.0,2.8286,0.0,True,1.0,1.0
002890.SZ,34,14,20,2.6519,2.6518999548981506,2.6519,4.510184936634687e-08,1.7007371833910356e-08,2.6519,0.0,True,1.0,1.0
002891.SZ,31,14,17,2.649199997152932,2.649199997152932,2.649199997152932,0.0,0.0,2.6492,2.8470679147574174e-09,True,0.9965272545814514,0.9965272545814514
002892.SZ,31,14,17,8.4946,8.494599762642554,8.4946,2.3735744569819417e-07,2.7942156864148303e-08,8.4946,0.0,True,1.0,1.0
002893.SZ,28,14,14,1.7667,1.7666999806903423,1.7667,1.9309657650623535e-08,1.0929788674151545e-08,1.7667,0.0,True,1.0,1.0
002897.SZ,30,14,16,1.6534,1.6534,1.6534,0.0,0.0,1.6534,0.0,True,1.0,1.0
002899.SZ,33,14,19,1.0263,1.0263,1.0263,0.0,0.0,1.0263,0.0,True,1.0,1.0
002900.SZ,30,14,16,1.7549,1.7549,1.7549,0.0,0.0,1.7549,0.0,True,1.0,1.0
002901.SZ,30,14,16,1.0838,1.0838,1.0838,0.0,0.0,1.0838,0.0,True,1.0,1.0
002903.SZ,30,14,16,1.5874,1.5874,1.5874,0.0,0.0,1.5874,0.0,True,1.0,1.0
002905.SZ,30,14,16,2.3271000070038466,2.3271000070038466,2.3271000070038466,0.0,0.0,2.3271,-7.0038463917398985e-09,True,0.9999570250511169,0.9999570250511169
002906.SZ,31,14,17,1.0721,1.0721,1.0721,0.0,0.0,1.0721,0.0,True,1.0,1.0
002907.SZ,33,14,19,1.0281000251136834,1.0281000251136834,1.0281000251136834,0.0,0.0,1.0281,-2.5113683355115768e-08,True,0.9982491731643677,0.9982491731643677
002909.SZ,31,14,17,3.0745,3.0745,3.0745,0.0,0.0,3.0745,0.0,True,1.0,1.0
002910.SZ,28,14,14,1.0253000019615668,1.0253000019615668,1.0253000019615668,0.0,0.0,1.0253,-1.9615666868588733e-09,True,0.9997074007987976,0.9997074007987976
002913.SZ,29,14,15,2.2659,2.2659,2.265900028715837,2.871583726360427e-08,1.2673038202746932e-08,2.2659,0.0,True,1.0,1.0
002915.SZ,33,14,19,2.194300033347398,2.194300033347398,2.194300033347398,0.0,0.0,2.1943,-3.334739773208639e-08,True,0.9998632669448853,0.9998632669448853
002916.SZ,30,14,16,2.3587,2.3587,2.3587,0.0,0.0,2.3587,0.0,True,1.0,1.0
002918.SZ,28,14,14,2.9018,2.9017999253401547,2.9018,7.465984541710213e-08,2.572880467885524e-08,2.9018,0.0,True,1.0,1.0
002920.SZ,34,14,20,1.0537,1.0537,1.0537,0.0,0.0,1.0663,0.012599999999999945,False,1.0,1.0
002921.SZ,33,14,19,1.4446999949371124,1.4446999949371124,1.4446999949371124,0.0,0.0,1.4447,5.0628876646641174e-09,True,0.9995154738426208,0.9995154738426208
002922.SZ,29,14,15,1.9098999486006423,1.9098999486006423,1.9098999486006423,0.0,0.0,1.9099,5.139935765896553e-08,True,0.9971726536750793,0.9971726536750793
002925.SZ,30,14,16,2.1057,2.105699987933877,2.1057,1.2066123211695867e-08,5.730219505008247e-09,2.1057,0.0,True,1.0,1.0
002926.SZ,28,14,14,1.06799997760849,1.06799997760849,1.0680000308861357,5.327764562856885e-08,4.988543702769579e-08,1.068,2.2391509979513557e-08,True,0.9881086349487305,0.9881086349487305
002927.SZ,28,14,14,2.5412,2.5412,2.5412000370144465,3.701444661885489e-08,1.4565735329314849e-08,2.5412,0.0,True,1.0,1.0
002930.SZ,31,14,17,2.0641,2.064099963830408,2.0641,3.61695917661109e-08,1.7523178027281093e-08,2.0641,0.0,True,1.0,1.0
002931.SZ,29,14,15,2.3372,2.3372,2.3372000630016254,6.30016252500809e-08,2.6956026548896502e-08,2.3372,0.0,True,1.0,1.0
002933.SZ,32,14,18,1.0375,1.0374999699060934,1.0375,3.009390669994616e-08,2.9006175132478224e-08,1.0375,0.0,True,1.0,1.0
002935.SZ,31,14,17,4.1289,4.1289,4.1289,0.0,0.0,4.1289,0.0,True,1.0,1.0
002936.SZ,30,14,16,1.4218,1.4218,1.4218000184768884,1.8476888463681007e-08,1.2995420216402454e-08,1.4218,0.0,True,0.990997314453125,1.0
002938.SZ,31,14,17,1.1502,1.1502,1.1502,0.0,0.0,1.1502,0.0,True,1.0,1.0
002939.SZ,31,14,17,1.1064999914782474,1.1064999812362415,1.1064999914782474,1.0242005910043872e-08,9.256218697625918e-09,1.1065,8.52175263688082e-09,True,0.9820153713226318,0.9820153713226318
002941.SZ,30,14,16,1.0589,1.0588999834024615,1.0589,1.659753845473233e-08,1.5674320950734094e-08,1.0589,0.0,True,1.0,1.0
002945.SZ,29,14,15,1.0238,1.0238,1.0238,0.0,0.0,1.0238,0.0,True,1.0,1.0
002946.SZ,34,14,20,1.0618000002273758,1.0618000002273758,1.061800021478312,2.1250936343975013e-08,2.001406699889273e-08,1.0618,-2.2737567384467638e-10,True,0.9961386322975159,0.9961386322975159
002947.SZ,29,14,15,1.8349,1.8349,1.8349,0.0,0.0,1.8349,0.0,True,1.0,1.0
002949.SZ,28,14,14,1.1953,1.1953,1.1953,0.0,0.0,1.1953,0.0,True,1.0,1.0
002950.SZ,30,14,16,1.6608,1.6607999719534394,1.6608,2.804656062949107e-08,1.688737995513672e-08,1.6608,0.0,True,1.0,1.0
002951.SZ,34,14,20,1.1767,1.1766999687672615,1.1767,3.123273861760367e-08,2.6542652007821595e-08,1.1767,0.0,True,1.0,1.0
002952.SZ,28,14,14,2.4701,2.4701,2.4701,0.0,0.0,2.4701,0.0,True,1.0,1.0
002955.SZ,32,14,18,1.923,1.923,1.923,0.0,0.0,1.923,0.0,True,1.0,1.0
002956.SZ,29,14,15,3.1041,3.1040999334994965,3.1041,6.650050332623891e-08,2.142344103805899e-08,3.1041,0.0,True,1.0,1.0
002958.SZ,30,14,16,1.2091,1.209099963280208,1.2091,3.6719792095851744e-08,3.036952451894115e-08,1.2091,0.0,True,0.9690679311752319,1.0
002961.SZ,28,14,14,1.1039000257816347,1.1039000257816347,1.1039000257816347,0.0,0.0,1.1039,-2.5781634604982173e-08,True,0.991575300693512,0.991575300693512
002962.SZ,32,14,18,1.5668,1.5668,1.5668,0.0,0.0,1.5668,0.0,True,1.0,1.0
002963.SZ,30,14,16,1.0252,1.0252,1.0252,0.0,0.0,1.0252,0.0,True,1.0,1.0
002965.SZ,31,14,17,1.3837,1.3837,1.3837,0.0,0.0,1.3837,0.0,True,1.0,1.0
002966.SZ,30,14,16,1.438799995745964,1.438799995745964,1.438799995745964,0.0,0.0,1.4388,4.254036012341089e-09,True,0.9751876592636108,0.9751876592636108
002967.SZ,32,14,18,1.7011999934906448,1.7011999934906448,1.7011999934906448,0.0,0.0,1.7012,6.509355277017903e-09,True,0.9925934672355652,0.9925934672355652
002971.SZ,31,14,17,1.3388,1.3388,1.3388,0.0,0.0,1.3388,0.0,True,1.0,1.0
002972.SZ,30,14,16,1.6225999801561772,1.6225999801561772,1.6225999801561772,0.0,0.0,1.6226,1.9843822807175115e-08,True,0.9876124858856201,0.9876124858856201
002975.SZ,31,14,17,2.057300008598224,2.057299978793786,2.057300008598224,2.980443802869104e-08,1.448716176742681e-08,2.0573,-8.59822391063858e-09,True,0.9989306330680847,0.9989306330680847
002976.SZ,31,14,17,1.23,1.23,1.23,0.0,0.0,1.23,0.0,True,1.0,1.0
002979.SZ,31,14,17,1.5556,1.5556,1.5556,0.0,0.0,1.5556,0.0,True,1.0,1.0
002982.SZ,30,14,16,2.0169,2.0169,2.0169,0.0,0.0,2.0169,0.0,True,1.0,1.0
002983.SZ,28,14,14,1.663300005172116,1.6632999844763003,1.6633000258679316,4.139163123362266e-08,2.4885246861608415e-08,1.6633,-5.172116068763444e-09,True,0.9817832112312317,0.9935669898986816
002984.SZ,34,14,20,1.4914999860856923,1.4914999860856923,1.4915000380606458,5.1974953452216255e-08,3.484743810733773e-08,1.4915,1.3914307706031082e-08,True,0.9852497577667236,0.9852497577667236
002986.SZ,28,14,14,2.972400028239785,2.9724,2.9724000564795707,5.647957079801813e-08,1.900133570899761e-08,2.9724,-2.823978517696446e-08,True,0.9738594889640808,1.0
002988.SZ,28,14,14,1.0521,1.0521,1.0521,0.0,0.0,1.0521,0.0,True,1.0,1.0
002989.SZ,31,14,17,1.316,1.316,1.316,0.0,0.0,1.316,0.0,True,1.0,1.0
002990.SZ,34,14,20,2.091,2.091,2.091,0.0,0.0,2.091,0.0,True,1.0,1.0
002991.SZ,31,14,17,1.160999968171276,1.160999968171276,1.160999968171276,0.0,0.0,1.161,3.182872410079085e-08,True,0.9902670383453369,0.9902670383453369
002992.SZ,30,14,16,1.322,1.322,1.322,0.0,0.0,1.322,0.0,True,1.0,1.0
002993.SZ,31,14,17,1.4363000114001951,1.4363000114001951,1.4363000114001951,0.0,0.0,1.4363,-1.1400195232269539e-08,True,0.9871196746826172,0.9871196746826172
002995.SZ,30,14,16,2.807,2.807,2.807,0.0,0.0,2.807,0.0,True,1.0,1.0
002996.SZ,33,14,19,1.347,1.347,1.347,0.0,0.0,1.347,0.0,True,1.0,1.0
002997.SZ,29,14,15,1.0593999766310833,1.0593999766310833,1.0593999766310833,0.0,0.0,1.0594,2.3368916579613597e-08,True,0.9957523345947266,0.9957523345947266
002999.SZ,29,14,15,1.5133,1.5133,1.5133000247533257,2.47533256114707e-08,1.6357183381663055e-08,1.5133,0.0,True,1.0,1.0
003000.SZ,33,14,19,1.1207000116791428,1.1207000116791428,1.1207000116791428,0.0,0.0,1.1207,-1.1679142764009498e-08,True,0.9916123747825623,0.9916123747825623
003001.SZ,29,14,15,1.8841,1.8840999697554404,1.8841,3.02445597455403e-08,1.6052523616336872e-08,1.8841,0.0,True,1.0,1.0
003003.SZ,28,14,14,1.0527,1.0527,1.0527,0.0,0.0,1.0527,0.0,True,1.0,1.0
003004.SZ,29,14,15,1.036,1.036,1.036,0.0,0.0,1.036,0.0,True,1.0,1.0
003005.SZ,33,14,19,2.0243,2.0243,2.0243,0.0,0.0,2.0243,0.0,True,1.0,1.0
003006.SZ,28,14,14,1.1079,1.1079,1.1079,0.0,0.0,1.1079,0.0,True,1.0,1.0
003011.SZ,32,14,18,1.570699985379848,1.570699985379848,1.570699985379848,0.0,0.0,1.5707,1.4620151977950968e-08,True,0.9849748611450195,0.9849748611450195
003013.SZ,34,14,20,1.155,1.155,1.1550000235435685,2.354356842815264e-08,2.0384041929136485e-08,1.155,0.0,True,1.0,1.0
003015.SZ,34,14,20,1.082,1.082,1.082,0.0,0.0,1.082,0.0,True,1.0,1.0
003016.SZ,31,14,17,1.1643000062064426,1.1643000062064426,1.1643000062064426,0.0,0.0,1.1643,-6.20644269311299e-09,True,0.999742329120636,0.999742329120636
003017.SZ,31,14,17,1.5496999965063099,1.5496999965063099,1.5496999965063099,0.0,0.0,1.5497,3.493690226008539e-09,True,0.9912241101264954,0.9912241101264954
003018.SZ,33,14,19,1.1066,1.1066,1.1066,0.0,0.0,1.1066,0.0,True,1.0,1.0
003020.SZ,28,14,14,2.21159995610548,2.21159995610548,2.21159995610548,0.0,0.0,2.2116,4.389451957464985e-08,True,0.992901086807251,0.992901086807251
003022.SZ,33,14,19,1.3426,1.3426,1.3426,0.0,0.0,1.3426,0.0,True,1.0,1.0
003023.SZ,30,14,16,1.4264,1.4264,1.4264,0.0,0.0,1.4264,0.0,True,1.0,1.0
003025.SZ,30,14,16,3.8112,3.8112,3.8112,0.0,0.0,3.8112,0.0,True,1.0,1.0
003028.SZ,30,14,16,1.369899963548998,1.369899963548998,1.369899963548998,0.0,0.0,1.3699,3.645100199456408e-08,True,0.9951821565628052,0.9951821565628052
003029.SZ,32,14,18,1.016,1.016,1.016,0.0,0.0,1.016,0.0,True,1.0,1.0
003032.SZ,30,14,16,1.005,1.005,1.005,0.0,0.0,1.005,0.0,True,1.0,1.0
003033.SZ,32,14,18,1.0776,1.0776,1.0776,0.0,0.0,1.0865,0.00890000000000013,False,1.0,1.0
003036.SZ,30,14,16,1.0782,1.0782,1.0782000247684569,2.4768456841073316e-08,2.297204307278178e-08,1.0782,0.0,True,1.0,1.0
003038.SZ,32,14,18,1.742,1.742,1.742,0.0,0.0,1.742,0.0,True,1.0,1.0
003040.SZ,31,14,17,1.0301,1.0301,1.0301,0.0,0.0,1.0301,0.0,True,1.0,1.0
003042.SZ,32,14,18,1.317499994901868,1.317499994901868,1.317499994901868,0.0,0.0,1.3175,5.098131916625448e-09,True,0.9996204972267151,0.9996204972267151
300005.SZ,33,14,19,12.1808,12.1808,12.1808,0.0,0.0,12.1808,0.0,True,1.0,1.0
300006.SZ,33,14,19,7.67,7.67,7.67,0.0,0.0,7.67,0.0,True,1.0,1.0
300013.SZ,31,14,17,4.602,4.602,4.602,0.0,0.0,4.602,0.0,True,1.0,1.0
300019.SZ,33,14,19,7.8742,7.8742,7.8742,0.0,0.0,7.8742,0.0,True,1.0,1.0
300020.SZ,34,14,20,6.866,6.866,6.866,0.0,0.0,6.866,0.0,True,1.0,1.0
300026.SZ,33,14,19,49.8875,49.8875,49.88750073931046,7.393104581865373e-07,1.4819553158337003e-08,49.8875,0.0,True,1.0,1.0
300029.SZ,32,14,18,1.0234999998807324,1.0234999998807324,1.0234999998807324,0.0,0.0,1.0235,1.1926770682180177e-10,True,0.9995114803314209,0.9995114803314209
300044.SZ,28,14,14,7.624,7.624,7.624,0.0,0.0,7.624,0.0,True,1.0,1.0
300045.SZ,31,14,17,8.199199882552145,8.199199882552145,8.199199882552145,0.0,0.0,8.1992,1.1744785410883196e-07,True,0.9999756217002869,0.9999756217002869
300046.SZ,29,12,17,4.395,4.395,4.395,0.0,0.0,4.395,0.0,True,1.0,1.0
300049.SZ,34,14,20,3.637,3.637,3.637,0.0,0.0,3.637,0.0,True,1.0,1.0
300050.SZ,31,14,17,8.337,8.337,8.337,0.0,0.0,8.337,0.0,True,1.0,1.0
300051.SZ,30,14,16,6.285,6.285,6.285,0.0,0.0,6.285,0.0,True,1.0,1.0
300053.SZ,29,14,15,5.123,5.123,5.123,0.0,0.0,5.123,0.0,True,1.0,1.0
300054.SZ,30,14,16,12.951699758667566,12.951699758667566,12.9517,2.413324349248569e-07,1.8633263542366466e-08,12.9517,2.413324349248569e-07,True,0.9964715242385864,0.9964715242385864
300067.SZ,29,14,15,8.2781,8.278099924324996,8.2781,7.567500404093153e-08,9.14159094972657e-09,8.2781,0.0,True,1.0,1.0
300069.SZ,34,14,20,2.011,2.011,2.011,0.0,0.0,2.011,0.0,True,1.0,1.0
300071.SZ,32,14,18,11.13,11.13,11.13,0.0,0.0,11.13,0.0,True,1.0,1.0
300073.SZ,32,14,18,4.2959,4.2959,4.2959,0.0,0.0,4.2959,0.0,True,1.0,1.0
300080.SZ,31,14,17,2.637099968646768,2.637099968646768,2.637099968646768,0.0,0.0,2.6371,3.135323201064466e-08,True,0.9999620914459229,0.9999620914459229
300085.SZ,32,14,18,10.985,10.985,10.985,0.0,0.0,10.985,0.0,True,1.0,1.0
300088.SZ,28,14,14,18.2329,18.2329,18.2329,0.0,0.0,18.2329,0.0,True,1.0,1.0
300093.SZ,31,14,17,1.823,1.823,1.823,0.0,0.0,1.823,0.0,True,1.0,1.0
300098.SZ,31,14,17,15.394,15.394,15.394,0.0,0.0,15.394,0.0,True,1.0,1.0
300100.SZ,30,14,16,5.0837,5.0837,5.0837,0.0,0.0,5.1008,0.017099999999999227,False,1.0,1.0
300102.SZ,31,14,17,5.4479,5.4479,5.4479,0.0,0.0,5.4479,0.0,True,1.0,1.0
300103.SZ,32,14,18,5.08540010977655,5.08540010977655,5.08540010977655,0.0,0.0,5.0854,-1.0977655051647162e-07,True,0.9999213218688965,0.9999213218688965
300109.SZ,30,14,16,7.3259,7.3259,7.3259001877761145,1.8777611465736754e-07,2.563181515682272e-08,7.3259,0.0,True,0.9849984049797058,1.0
300110.SZ,30,14,16,5.5149,5.5149,5.5149,0.0,0.0,5.5149,0.0,True,1.0,1.0
300125.SZ,34,14,20,4.575400073045919,4.575400073045919,4.575400073045919,0.0,0.0,4.5754,-7.304591864709664e-08,True,0.9999125599861145,0.9999125599861145
300128.SZ,32,14,18,9.961,9.961,9.961,0.0,0.0,9.961,0.0,True,1.0,1.0
300129.SZ,31,14,17,6.3116001795333965,6.3116001795333965,6.3116001795333965,0.0,0.0,6.3116,-1.795333961496226e-07,True,0.9921414256095886,0.9921414256095886
300130.SZ,33,14,19,7.586099826761284,7.586099826761284,7.586100219063159,3.9230187454109e-07,5.17132496934956e-08,7.5861,1.7323871581709227e-07,True,0.9892435073852539,0.9892435073852539
300140.SZ,33,14,19,4.3052999188344385,4.3052999188344385,4.305299966967887,4.813344833820565e-08,1.1180045350066269e-08,4.3053,8.116556138304531e-08,True,0.980535626411438,0.980535626411438
300143.SZ,32,14,18,4.251,4.251,4.251,0.0,0.0,4.251,0.0,True,1.0,1.0
300149.SZ,34,14,20,6.558499982921967,6.558499982921967,6.558499982921967,0.0,0.0,6.5585,1.707803320982748e-08,True,0.9999237656593323,0.9999237656593323
300152.SZ,28,14,14,6.887199917933942,6.887199917933942,6.887199917933942,0.0,0.0,6.8872,8.206605794924826e-08,True,0.9999709725379944,0.9999709725379944
300157.SZ,29,14,15,6.137099863306443,6.137099863306443,6.137099863306443,0.0,0.0,6.1371,1.3669355691803275e-07,True,0.9999837279319763,0.9999837279319763
300159.SZ,31,14,17,18.378099683229397,18.378099683229397,18.378099683229397,0.0,0.0,18.3781,3.167706026374617e-07,True,0.9999945759773254,0.9999945759773254
300162.SZ,34,14,20,5.29,5.29,5.29,0.0,0.0,5.29,0.0,True,1.0,1.0
300164.SZ,33,14,19,6.251,6.251,6.251,0.0,0.0,6.251,0.0,True,1.0,1.0
300165.SZ,29,14,15,6.732,6.732,6.732,0.0,0.0,6.732,0.0,True,1.0,1.0
300166.SZ,33,14,19,18.68339978864933,18.68339978864933,18.68339978864933,0.0,0.0,18.6834,2.113506702983159e-07,True,0.9999786019325256,0.9999786019325256
300167.SZ,28,14,14,6.974,6.974,6.974,0.0,0.0,6.974,0.0,True,1.0,1.0
300168.SZ,31,14,17,8.19,8.19,8.19,0.0,0.0,8.19,0.0,True,1.0,1.0
300169.SZ,31,14,17,3.084,3.084,3.084,0.0,0.0,3.084,0.0,True,1.0,1.0
300173.SZ,30,14,16,5.327100018769855,5.327100018769855,5.327100018769855,0.0,0.0,5.3271,-1.8769855003597513e-08,True,0.9999812245368958,0.9999812245368958
300175.SZ,30,14,16,4.46710011372821,4.46710011372821,4.46710011372821,0.0,0.0,4.4671,-1.1372820996058408e-07,True,0.9999775886535645,0.9999775886535645
300176.SZ,29,14,15,4.574,4.5739998944381774,4.574,1.0556182239440659e-07,2.3078666898645954e-08,4.574,0.0,True,0.997157871723175,1.0
300182.SZ,31,14,17,30.863,30.863,30.863,0.0,0.0,30.863,0.0,True,1.0,1.0
300185.SZ,30,14,16,8.96860004131857,8.96860004131857,8.96860004131857,0.0,0.0,8.9686,-4.1318569898862734e-08,True,0.9968110918998718,0.9968110918998718
300187.SZ,32,14,18,10.09689990367168,10.09689990367168,10.09689990367168,0.0,0.0,10.0969,9.632831954320409e-08,True,0.9853222370147705,0.9853222370147705
300188.SZ,32,14,18,13.443,13.443,13.443,0.0,0.0,13.443,0.0,True,1.0,1.0
300189.SZ,28,14,14,6.505,6.505,6.505,0.0,0.0,6.505,0.0,True,1.0,1.0
300200.SZ,30,14,16,4.0964,4.0964,4.0964,0.0,0.0,4.0964,0.0,True,1.0,1.0
300201.SZ,33,14,19,10.8171,10.8171,10.817100310975626,3.109756256947094e-07,2.8748520924712665e-08,10.8171,0.0,True,1.0,1.0
300205.SZ,34,14,20,5.712,5.712,5.712,0.0,0.0,5.712,0.0,True,1.0,1.0
300207.SZ,31,14,17,7.067399817701667,7.067399817701667,7.067399817701667,0.0,0.0,7.0674,1.8229833287364272e-07,True,0.9980190992355347,0.9980190992355347
300209.SZ,34,14,20,3.9539,3.9539,3.9539,0.0,0.0,3.9539,0.0,True,1.0,1.0
300210.SZ,34,14,20,5.977,5.977,5.977,0.0,0.0,5.977,0.0,True,1.0,1.0
300213.SZ,31,14,17,6.5355,6.5355,6.5355,0.0,0.0,6.5355,0.0,True,1.0,1.0
300220.SZ,34,14,20,4.3441998974276075,4.3441998974276075,4.3441998974276075,0.0,0.0,4.3442,1.0257239235755833e-07,True,0.9999539852142334,0.9999539852142334
300225.SZ,19,3,16,7.933999950176586,7.933999950176586,7.933999950176586,0.0,0.0,7.934,4.982341383907851e-08,True,0.9953365325927734,0.9953365325927734
300227.SZ,33,14,19,5.5611,5.5611,5.5611,0.0,0.0,5.5611,0.0,True,1.0,1.0
300231.SZ,30,14,16,11.0591,11.0591,11.0591,0.0,0.0,11.0591,0.0,True,1.0,1.0
300233.SZ,31,14,17,2.3338000094050795,2.3338000094050795,2.3338000094050795,0.0,0.0,2.3338,-9.405079381963333e-09,True,0.9949867129325867,0.9949867129325867
300234.SZ,31,14,17,6.1344,6.1344,6.1344,0.0,0.0,6.1344,0.0,True,1.0,1.0
300237.SZ,34,14,20,17.093299538973834,17.093299538973834,17.093299538973834,0.0,0.0,17.0933,4.6102616479970493e-07,True,0.999982476234436,0.999982476234436
300240.SZ,28,14,14,3.629599913630515,3.629599913630515,3.629599913630515,0.0,0.0,3.6296,8.636948489737506e-08,True,0.9998347163200378,0.9998347163200378
300242.SZ,33,14,19,5.154,5.154,5.154,0.0,0.0,5.154,0.0,True,1.0,1.0
300244.SZ,33,14,19,10.548,10.548,10.548,0.0,0.0,10.548,0.0,True,1.0,1.0
300245.SZ,31,14,17,4.079,4.079,4.079,0.0,0.0,4.079,0.0,True,1.0,1.0
300253.SZ,32,14,18,35.4834,35.4834,35.4834,0.0,0.0,35.4834,0.0,True,1.0,1.0
300260.SZ,28,14,14,5.635999883434572,5.635999883434572,5.636,1.1656542842075623e-07,2.0682297876436682e-08,5.636,1.1656542842075623e-07,True,0.9981369972229004,0.9981369972229004
300263.SZ,33,14,19,8.4924,8.4924,8.4924,0.0,0.0,8.4924,0.0,True,1.0,1.0
300268.SZ,30,14,16,2.027,2.027,2.027,0.0,0.0,2.027,0.0,True,1.0,1.0
300271.SZ,31,14,17,8.523,8.523,8.523,0.0,0.0,8.523,0.0,True,1.0,1.0
300272.SZ,29,14,15,6.39429986275436,6.39429986275436,6.39429986275436,0.0,0.0,6.3943,1.3724564063011258e-07,True,0.9818901419639587,0.9818901419639587
300276.SZ,31,14,17,16.472,16.472,16.472,0.0,0.0,16.472,0.0,True,1.0,1.0
300278.SZ,31,14,17,4.3701000236516645,4.3701000236516645,4.3701000236516645,0.0,0.0,4.3701,-2.3651664626811453e-08,True,0.9999771118164062,0.9999771118164062
300279.SZ,34,14,20,5.773399869122977,5.773399869122977,5.773399869122977,0.0,0.0,5.7734,1.3087702299685589e-07,True,0.999930739402771,0.999930739402771
300284.SZ,31,14,17,4.073199975846664,4.073199975846664,4.073199975846664,0.0,0.0,4.0732,2.4153336219967514e-08,True,0.9979622960090637,0.9979622960090637
300289.SZ,31,14,17,2.591,2.591,2.591,0.0,0.0,2.591,0.0,True,1.0,1.0
300290.SZ,31,14,17,6.2581999375323365,6.2581999375323365,6.2581999375323365,0.0,0.0,6.2582,6.246766393047665e-08,True,0.9999680519104004,0.9999680519104004
300291.SZ,29,14,15,8.145,8.145,8.145,0.0,0.0,8.145,0.0,True,1.0,1.0
300292.SZ,32,14,18,9.413400051727109,9.413400051727109,9.413400051727109,0.0,0.0,9.4134,-5.172710970668959e-08,True,0.9999575018882751,0.9999575018882751
300299.SZ,30,14,16,8.101499788062611,8.101499788062611,8.101499788062611,0.0,0.0,8.1015,2.1193738852787192e-07,True,0.9999383091926575,0.9999383091926575
300302.SZ,32,14,18,6.909,6.909,6.909,0.0,0.0,6.909,0.0,True,1.0,1.0
300307.SZ,33,14,19,2.2653,2.2653,2.2653,0.0,0.0,2.2653,0.0,True,1.0,1.0
300313.SZ,33,14,19,2.027300037025925,2.027300037025925,2.027300037025925,0.0,0.0,2.0273,-3.7025924992661885e-08,True,0.9998520016670227,0.9998520016670227
300315.SZ,33,14,19,12.246,12.246,12.246,0.0,0.0,12.246,0.0,True,1.0,1.0
300317.SZ,28,14,14,2.767,2.767,2.767,0.0,0.0,2.767,0.0,True,1.0,1.0
300319.SZ,32,14,18,8.1612,8.1612,8.1612,0.0,0.0,8.1612,0.0,True,1.0,1.0
300323.SZ,33,14,19,3.466099992298858,3.466099992298858,3.466099992298858,0.0,0.0,3.4661,7.701141946370171e-09,True,0.9999711513519287,0.9999711513519287
300324.SZ,28,14,14,25.015199796961117,25.015199796961117,25.015199796961117,0.0,0.0,25.0152,2.030388834839414e-07,True,0.9999920129776001,0.9999920129776001
300338.SZ,32,14,18,4.3961000946900946,4.3961000946900946,4.3961000946900946,0.0,0.0,4.3961,-9.469009487617086e-08,True,0.9999772310256958,0.9999772310256958
300340.SZ,34,14,20,3.678,3.678,3.678,0.0,0.0,3.678,0.0,True,1.0,1.0
300343.SZ,32,14,18,13.801,13.801,13.801,0.0,0.0,13.801,0.0,True,1.0,1.0
300346.SZ,28,14,14,13.428599906466179,13.428599906466179,13.428599906466179,0.0,0.0,13.4286,9.353382068866267e-08,True,0.9946234226226807,0.9946234226226807
300350.SZ,34,14,20,3.645,3.645,3.645,0.0,0.0,3.645,0.0,True,1.0,1.0
300357.SZ,33,14,19,5.6232000992206945,5.623199912000891,5.6232000992206945,1.8721980321600995e-07,3.329417412016981e-08,5.6232,-9.922069477141804e-08,True,0.9967278242111206,0.9967278242111206
300358.SZ,31,14,17,5.4183,5.4183,5.4183,0.0,0.0,5.4183,0.0,True,1.0,1.0
300359.SZ,34,14,20,8.32019985679044,8.32019985679044,8.32019985679044,0.0,0.0,8.3202,1.432095597664329e-07,True,0.9999759793281555,0.9999759793281555
300360.SZ,28,14,14,7.183400204156391,7.183400204156391,7.183400204156391,0.0,0.0,7.1834,-2.0415639134796493e-07,True,0.9821393489837646,0.9821393489837646
300363.SZ,28,14,14,4.102100002223308,4.102100002223308,4.102100002223308,0.0,0.0,4.1021,-2.223307760118587e-09,True,0.9999756217002869,0.9999756217002869
300365.SZ,33,14,19,11.116,11.116,11.116,0.0,0.0,11.116,0.0,True,1.0,1.0
300366.SZ,33,14,19,6.073,6.073,6.073,0.0,0.0,6.073,0.0,True,1.0,1.0
300369.SZ,34,14,20,8.312200160078088,8.312200160078088,8.312200160078088,0.0,0.0,8.3122,-1.6007808767426468e-07,True,0.9999759197235107,0.9999759197235107
300370.SZ,29,14,15,16.472300438638584,16.472300438638584,16.472300438638584,0.0,0.0,16.4723,-4.386385832333417e-07,True,0.9999817609786987,0.9999817609786987
300371.SZ,33,14,19,4.7966,4.7966,4.7966,0.0,0.0,4.7966,0.0,True,1.0,1.0
300373.SZ,34,14,20,5.497899967736203,5.497899967736203,5.497899967736203,0.0,0.0,5.4979,3.226379696741333e-08,True,0.9937248826026917,0.9937248826026917
300374.SZ,32,14,18,2.1881000328496216,2.1881000328496216,2.1881000328496216,0.0,0.0,2.1881,-3.2849621689479136e-08,True,0.9999542832374573,0.9999542832374573
300375.SZ,29,14,15,6.8464,6.846399854158131,6.8464,1.458418692479313e-07,2.1301979032474192e-08,6.8464,0.0,True,0.9919812083244324,1.0
300376.SZ,33,14,19,23.9161,23.916099782114404,23.9161,2.1788559578794775e-07,9.110414983544464e-09,23.9161,0.0,True,0.9950995445251465,0.9950995445251465
300377.SZ,33,14,19,10.9753,10.9753,10.9753,0.0,0.0,10.9753,0.0,True,1.0,1.0
300378.SZ,33,14,19,2.339,2.339,2.339,0.0,0.0,2.339,0.0,True,1.0,1.0
300380.SZ,33,14,19,2.0694,2.069399940170998,2.0694,5.982900175283135e-08,2.891127947851133e-08,2.0694,0.0,True,1.0,1.0
300381.SZ,33,14,19,6.5683,6.5683,6.568300067873899,6.787389938978095e-08,1.033355653514318e-08,6.5683,0.0,True,1.0,1.0
300382.SZ,33,14,19,11.8276,11.8276,11.8276,0.0,0.0,11.8276,0.0,True,1.0,1.0
300383.SZ,29,14,15,20.6432,20.6432,20.6432,0.0,0.0,20.6432,0.0,True,1.0,1.0
300384.SZ,30,14,16,6.1417,6.1417,6.141700045267391,4.526739072474584e-08,7.370498514213627e-09,6.1417,0.0,True,0.9876744151115417,1.0
300385.SZ,33,14,19,3.9344000715328478,3.9344000715328478,3.9344000715328478,0.0,0.0,3.9344,-7.153284764527257e-08,True,0.9998983144760132,0.9998983144760132
300386.SZ,33,14,19,4.516099865975993,4.516099865975993,4.516099865975993,0.0,0.0,4.5161,1.3402400700357475e-07,True,0.9999778866767883,0.9999778866767883
300388.SZ,33,14,19,6.255000187749453,6.255000187749453,6.255000187749453,0.0,0.0,6.255,-1.8774945331756498e-07,True,0.9927257895469666,0.9927257895469666
300389.SZ,33,14,19,5.002799981880348,5.002799981880348,5.002799981880348,0.0,0.0,5.0028,1.811965155695816e-08,True,0.9881666302680969,0.9881666302680969
300391.SZ,34,14,20,3.7862999301318614,3.7862999301318614,3.7862999301318614,0.0,0.0,3.7863,6.986813883003151e-08,True,0.9999207854270935,0.9999207854270935
300393.SZ,28,14,14,6.3099,6.3099,6.3099,0.0,0.0,6.3099,0.0,True,1.0,1.0
300394.SZ,28,14,14,9.92049988622005,9.92049988622005,9.92049988622005,0.0,0.0,9.9205,1.1377995079442371e-07,True,0.9972178936004639,0.9972178936004639
300395.SZ,33,14,19,7.2401,7.2401,7.2401,0.0,0.0,7.2401,0.0,True,1.0,1.0
300396.SZ,28,14,14,5.2872,5.2872,5.2872,0.0,0.0,5.2872,0.0,True,1.0,1.0
300397.SZ,34,14,20,3.61,3.61,3.61,0.0,0.0,3.61,0.0,True,1.0,1.0
300398.SZ,33,14,19,5.687499858138395,5.687499858138395,5.687500134612315,2.76473920202136e-07,4.861080036890412e-08,5.6875,1.4186160512963397e-07,True,0.9982593655586243,0.9982593655586243
300399.SZ,33,14,19,2.5081,2.5081,2.5081,0.0,0.0,2.5081,0.0,True,1.0,1.0
300400.SZ,33,14,19,3.396799964950153,3.396799964950153,3.396799964950153,0.0,0.0,3.3968,3.5049847024737346e-08,True,0.9822480082511902,0.9822480082511902
300401.SZ,28,14,14,5.3171,5.3171,5.3171,0.0,0.0,5.3171,0.0,True,1.0,1.0
300402.SZ,33,14,19,1.0639000154790927,1.0639,1.0639000154790927,1.547909267429759e-08,1.4549386642622694e-08,1.0639,-1.547909267429759e-08,True,0.9953942894935608,0.9953942894935608
300403.SZ,33,14,19,6.101100174945367,6.101100174945367,6.101100174945367,0.0,0.0,6.1011,-1.7494536752593604e-07,True,0.9969349503517151,0.9969349503517151
300404.SZ,33,14,19,4.7697998745013,4.7697998745013,4.7698,1.254987003207475e-07,2.6311103950429127e-08,4.7698,1.254987003207475e-07,True,0.9989936947822571,0.9989936947822571
300405.SZ,34,14,20,3.836099919776019,3.836099919776019,3.836099919776019,0.0,0.0,3.8361,8.022398123586072e-08,True,0.9999739527702332,0.9999739527702332
300406.SZ,33,14,19,4.628899997601641,4.628899997601641,4.628899997601641,0.0,0.0,4.6289,2.3983588448572846e-09,True,0.9642679691314697,0.9642679691314697
300407.SZ,33,14,19,4.2387,4.2387,4.238700067791495,6.779149508417959e-08,1.599346381772232e-08,4.2387,0.0,True,1.0,1.0
300408.SZ,33,14,19,4.4336,4.4336,4.433600009264138,9.264137901254799e-09,2.089529479712829e-09,4.4336,0.0,True,1.0,1.0
300409.SZ,33,14,19,5.94,5.94,5.94,0.0,0.0,5.94,0.0,True,1.0,1.0
300410.SZ,31,14,17,4.902,4.902,4.902,0.0,0.0,4.902,0.0,True,1.0,1.0
300411.SZ,32,14,18,3.623,3.623,3.623,0.0,0.0,3.623,0.0,True,1.0,1.0
300412.SZ,32,14,18,8.3086,8.3086,8.3086,0.0,0.0,8.3086,0.0,True,1.0,1.0
300414.SZ,33,14,19,3.8969,3.8968999326025573,3.8969,6.739744273787096e-08,1.72951429951682e-08,3.8969,0.0,True,1.0,1.0
300415.SZ,33,14,19,4.3181,4.3181,4.3181,0.0,0.0,4.3181,0.0,True,1.0,1.0
300416.SZ,28,14,14,6.9824,6.982399869288993,6.9824,1.307110073511808e-07,1.872006865134922e-08,6.9824,0.0,True,1.0,1.0
300417.SZ,33,14,19,3.696,3.696,3.696,0.0,0.0,3.696,0.0,True,1.0,1.0
300418.SZ,33,14,19,4.0482,4.0482,4.0482,0.0,0.0,4.0482,0.0,True,1.0,1.0
300419.SZ,34,14,20,7.691,7.691,7.691,0.0,0.0,7.691,0.0,True,1.0,1.0
300421.SZ,33,14,19,2.7197,2.7197,2.7197,0.0,0.0,2.7197,0.0,True,1.0,1.0
300422.SZ,33,14,19,5.144,5.144,5.144,0.0,0.0,5.144,0.0,True,1.0,1.0
300425.SZ,34,14,20,8.678899951750049,8.678899951750049,8.6789,4.824995158969614e-08,5.559454753245176e-09,8.6789,4.824995158969614e-08,True,0.9946882724761963,0.9946882724761963
300426.SZ,29,14,15,5.036399856842119,5.036399856842119,5.036399856842119,0.0,0.0,5.0364,1.4315788110508265e-07,True,0.9999206066131592,0.9999206066131592
300429.SZ,28,14,14,6.063199851364958,6.063199851364958,6.063199851364958,0.0,0.0,6.0632,1.486350420520921e-07,True,0.9999670386314392,0.9999670386314392
300430.SZ,33,14,19,3.9215,3.921499931352129,3.9215,6.864787094329472e-08,1.75055134370253e-08,3.9215,0.0,True,0.9979854822158813,0.9979854822158813
300432.SZ,33,14,19,11.4597,11.4597,11.4597,0.0,0.0,11.4597,0.0,True,1.0,1.0
300433.SZ,33,14,19,6.068200014365091,6.068200014365091,6.068200014365091,0.0,0.0,6.0682,-1.4365091338675029e-08,True,0.9966546893119812,0.9966546893119812
300434.SZ,33,14,19,3.7727,3.7727,3.7727000817235843,8.172358434421767e-08,2.1661829550247215e-08,3.7727,0.0,True,1.0,1.0
300435.SZ,32,14,18,3.2437,3.2437,3.2437,0.0,0.0,3.2437,0.0,True,1.0,1.0
300436.SZ,33,14,19,2.027,2.027,2.027,0.0,0.0,2.027,0.0,True,1.0,1.0
300437.SZ,32,14,18,2.9321999400097947,2.9321999400097947,2.9321999400097947,0.0,0.0,2.9322,5.99902052478285e-08,True,0.999931812286377,0.999931812286377
300438.SZ,29,14,15,4.60210012188819,4.60210012188819,4.60210012188819,0.0,0.0,4.6021,-1.2188819020764186e-07,True,0.999978244304657,0.999978244304657
300439.SZ,33,14,19,3.2306,3.2306,3.230600010699722,1.0699721997298184e-08,3.311992198755087e-09,3.2306,0.0,True,1.0,1.0
300440.SZ,33,14,19,4.2675,4.2675,4.2675,0.0,0.0,4.2675,0.0,True,1.0,1.0
300442.SZ,34,14,20,1.932100024951495,1.932100024951495,1.9321000278928,2.9413049773552302e-09,1.5223357690443956e-09,1.9321,-2.4951495092295772e-08,True,0.9901661276817322,0.9901661276817322
300443.SZ,28,14,14,4.321499916765085,4.321499916765085,4.321499916765085,0.0,0.0,4.3215,8.323491496042834e-08,True,0.9965984225273132,0.9965984225273132
300444.SZ,31,14,17,4.048400081118017,4.048400081118017,4.048400081118017,0.0,0.0,4.0484,-8.111801719223877e-08,True,0.9999011754989624,0.9999011754989624
300445.SZ,33,14,19,5.0532,5.0532,5.0532,0.0,0.0,5.0532,0.0,True,1.0,1.0
300446.SZ,31,14,17,3.5522,3.5522,3.5522,0.0,0.0,3.5522,0.0,True,1.0,1.0
300448.SZ,33,14,19,7.868000018482727,7.867999852600912,7.868000018482727,1.658818149508079e-07,2.1083097936087284e-08,7.868,-1.8482726460433696e-08,True,0.9984239935874939,0.9984239935874939
300449.SZ,30,14,16,3.628,3.628,3.628,0.0,0.0,3.628,0.0,True,1.0,1.0
300450.SZ,33,14,19,20.6664,20.66639952913079,20.6664,4.708692102894929e-07,2.2784288037079168e-08,20.6664,0.0,True,1.0,1.0
300452.SZ,33,14,19,5.7573,5.757299913341556,5.7573,8.665844397626188e-08,1.5051924335411022e-08,5.7573,0.0,True,1.0,1.0
300453.SZ,33,14,19,7.194599898518291,7.194599898518291,7.194599898518291,0.0,0.0,7.1946,1.0148170925816657e-07,True,0.9899091124534607,0.9899091124534607
300454.SZ,31,14,17,1.0057,1.0057,1.0057,0.0,0.0,1.0057,0.0,True,1.0,1.0
300455.SZ,32,14,18,3.7582,3.7582,3.7582,0.0,0.0,3.7582,0.0,True,1.0,1.0
300456.SZ,28,14,14,5.778599999499269,5.778599999499269,5.778599999499269,0.0,0.0,5.8253,0.04670000050073142,False,0.9998961687088013,0.9998961687088013
300457.SZ,34,14,20,5.8780001066877245,5.878,5.8780001066877245,1.0668772443267471e-07,1.8150344078981932e-08,5.878,-1.0668772443267471e-07,True,0.994232714176178,0.994232714176178
300458.SZ,33,14,19,5.3343,5.3343,5.3343,0.0,0.0,5.3343,0.0,True,1.0,1.0
300459.SZ,32,14,18,13.770300403234218,13.770300403234218,13.770300403234218,0.0,0.0,13.7703,-4.03234217571935e-07,True,0.9999781847000122,0.9999781847000122
300460.SZ,28,14,14,1.423200027565062,1.423200027565062,1.423200027565062,0.0,0.0,1.4232,-2.756506201073705e-08,True,0.9998594522476196,0.9998594522476196
300463.SZ,33,14,19,3.3095,3.3095,3.3095,0.0,0.0,3.3095,0.0,True,1.0,1.0
300465.SZ,33,14,19,3.2300999225294467,3.2300999225294467,3.2300999225294467,0.0,0.0,3.2301,7.747055352780308e-08,True,0.9999690651893616,0.9999690651893616
300466.SZ,28,14,14,5.421,5.421,5.421,0.0,0.0,5.421,0.0,True,1.0,1.0
300468.SZ,33,14,19,4.9932,4.9932,4.9932,0.0,0.0,4.9932,0.0,True,1.0,1.0
300469.SZ,31,14,17,3.074,3.074,3.074,0.0,0.0,3.074,0.0,True,1.0,1.0
300470.SZ,33,14,19,4.104499936707479,4.104499936707479,4.104499936707479,0.0,0.0,4.1045,6.329252055792267e-08,True,0.9860884547233582,0.9860884547233582
300471.SZ,34,14,20,5.128,5.128,5.128,0.0,0.0,5.128,0.0,True,1.0,1.0
300476.SZ,33,14,19,4.9349,4.9349,4.9349,0.0,0.0,4.9668,0.03190000000000026,False,1.0,1.0
300477.SZ,34,14,20,6.453,6.453,6.453,0.0,0.0,6.453,0.0,True,1.0,1.0
300478.SZ,29,12,17,1.929,1.929,1.929,0.0,0.0,1.929,0.0,True,1.0,1.0
300479.SZ,34,14,20,2.02619999666181,2.02619999666181,2.02619999666181,0.0,0.0,2.0262,3.3381897246442804e-09,True,0.999901294708252,0.999901294708252
300480.SZ,33,14,19,3.4885,3.4885,3.4885,0.0,0.0,3.4885,0.0,True,1.0,1.0
300481.SZ,28,14,14,3.541099967899258,3.541099967899258,3.541099967899258,0.0,0.0,3.5411,3.210074206450031e-08,True,0.9863319396972656,0.9863319396972656
300482.SZ,28,14,14,5.0871,5.0871,5.0871,0.0,0.0,5.0871,0.0,True,1.0,1.0
300483.SZ,30,14,16,1.813,1.813,1.813,0.0,0.0,1.813,0.0,True,1.0,1.0
300484.SZ,33,14,19,4.3722,4.3722,4.3722,0.0,0.0,4.3722,0.0,True,1.0,1.0
300485.SZ,33,14,19,4.271,4.271,4.271,0.0,0.0,4.271,0.0,True,1.0,1.0
300488.SZ,33,14,19,2.7992,2.7992,2.7992000725513555,7.255135558992265e-08,2.5918603740326755e-08,2.7992,0.0,True,1.0,1.0
300489.SZ,34,14,20,3.01,3.01,3.01,0.0,0.0,3.01,0.0,True,1.0,1.0
300490.SZ,29,14,15,2.042299944106476,2.042299944106476,2.042299944106476,0.0,0.0,2.0423,5.58935240313474e-08,True,0.9998531341552734,0.9998531341552734
300491.SZ,32,14,18,1.8458,1.8458,1.8458000016151883,1.6151882054060707e-09,8.750613313501303e-10,1.8514,0.005599999999999827,False,0.9963701367378235,1.0
300492.SZ,32,14,18,2.4816000634572397,2.4816000634572397,2.4816000634572397,0.0,0.0,2.4816,-6.345723990719421e-08,True,0.9933913350105286,0.9933913350105286
300493.SZ,29,14,15,3.9145998947851877,3.9145998947851877,3.914600015710015,1.2092482748471411e-07,3.089072465510548e-08,3.9146,1.0521481241809738e-07,True,0.9995402097702026,0.9995402097702026
300494.SZ,33,14,19,3.6993000943320027,3.6993000943320027,3.6993000943320027,0.0,0.0,3.6993,-9.433200265362984e-08,True,0.9999188780784607,0.9999188780784607
300496.SZ,33,14,19,4.0287,4.0287,4.0287,0.0,0.0,4.0287,0.0,True,1.0,1.0
300497.SZ,33,14,19,6.062100088222292,6.062100088222292,6.062100088222292,0.0,0.0,6.0621,-8.8222291694251e-08,True,0.9999834895133972,0.9999834895133972
300498.SZ,33,14,19,2.16429995256884,2.16429995256884,2.16429995256884,0.0,0.0,2.1643,4.7431159888589036e-08,True,0.9834588766098022,0.9834588766098022
300499.SZ,33,14,19,4.15030006849665,4.15030006849665,4.15030006849665,0.0,0.0,4.1503,-6.849665012964579e-08,True,0.9999276995658875,0.9999276995658875
300501.SZ,33,14,19,3.2043000287742,3.2043000170201714,3.2043000287742,1.175402841724349e-08,3.6682046973422696e-09,4.7394,1.5350999712258,False,0.9876728057861328,0.9876728057861328
300502.SZ,33,14,19,11.9444,11.9444,11.9444,0.0,0.0,11.9444,0.0,True,1.0,1.0
300503.SZ,31,14,17,2.5657,2.5657,2.565700071977545,7.197754481325092e-08,2.8053764981584328e-08,2.5657,0.0,True,0.9977783560752869,0.9977783560752869
300505.SZ,28,14,14,2.059,2.059,2.059,0.0,0.0,2.059,0.0,True,1.0,1.0
300506.SZ,33,14,19,4.844300003749365,4.844300003749365,4.844300003749365,0.0,0.0,4.8443,-3.749365262706306e-09,True,0.9999380707740784,0.9999380707740784
300507.SZ,28,14,14,10.9734,10.9734,10.9734,0.0,0.0,10.9734,0.0,True,1.0,1.0
300508.SZ,33,14,19,1.9789,1.9789,1.9789,0.0,0.0,1.9789,0.0,True,1.0,1.0
300509.SZ,29,14,15,4.3701,4.3701,4.3701,0.0,0.0,4.3701,0.0,True,1.0,1.0
300511.SZ,28,14,14,3.000099960319866,3.000099960319866,3.000099960319866,0.0,0.0,3.0001,3.968013428945483e-08,True,0.9999666810035706,0.9999666810035706
300512.SZ,33,14,19,3.417400042146654,3.417400042146654,3.4174000517349636,9.588309701769049e-09,2.805732306290402e-09,3.4174,-4.214665372259674e-08,True,0.9990050792694092,0.9990050792694092
300513.SZ,33,14,19,2.9616,2.9616,2.9616,0.0,0.0,2.9616,0.0,True,1.0,1.0
300514.SZ,33,14,19,2.1465000462805537,2.1465,2.1465000462805537,4.6280553611666164e-08,2.1560937625815996e-08,2.1465,-4.6280553611666164e-08,True,0.9788026809692383,0.9788026809692383
300515.SZ,33,14,19,2.2172,2.2172,2.217200004058887,4.058887004276812e-09,1.8306363901663413e-09,2.2172,0.0,True,1.0,1.0
300516.SZ,33,14,19,1.5582,1.5582,1.5582,0.0,0.0,1.5582,0.0,True,1.0,1.0
300517.SZ,33,14,19,1.8561,1.8561,1.8561,0.0,0.0,1.8561,0.0,True,1.0,1.0
300518.SZ,33,14,19,1.979,1.979,1.979,0.0,0.0,1.979,0.0,True,1.0,1.0
300519.SZ,28,14,14,2.493,2.493,2.493,0.0,0.0,2.493,0.0,True,1.0,1.0
300520.SZ,33,14,19,2.251,2.251,2.251,0.0,0.0,2.251,0.0,True,1.0,1.0
300521.SZ,30,14,16,1.8195,1.8195,1.8195,0.0,0.0,1.8195,0.0,True,1.0,1.0
300522.SZ,28,14,14,5.1803,5.1803,5.1803,0.0,0.0,5.1803,0.0,True,1.0,1.0
300523.SZ,28,14,14,2.737200021697676,2.737200021697676,2.737200021697676,0.0,0.0,2.7372,-2.1697676100274066e-08,True,0.9999269247055054,0.9999269247055054
300525.SZ,30,14,16,9.3284,9.3284,9.3284,0.0,0.0,9.3284,0.0,True,1.0,1.0
300527.SZ,30,14,16,2.005,2.005,2.005,0.0,0.0,2.005,0.0,True,1.0,1.0
300528.SZ,33,14,19,1.214,1.214,1.214,0.0,0.0,1.214,0.0,True,1.0,1.0
300529.SZ,33,14,19,2.1646,2.1646,2.1646,0.0,0.0,2.1646,0.0,True,1.0,1.0
300530.SZ,32,14,18,2.407,2.407,2.407,0.0,0.0,2.407,0.0,True,1.0,1.0
300531.SZ,28,14,14,3.5795999330581294,3.5795999330581294,3.5796,6.69418707133218e-08,1.870093640775435e-08,3.5796,6.69418707133218e-08,True,0.9975975155830383,0.9975975155830383
300532.SZ,33,14,19,5.593599942955175,5.593599942955175,5.59360015192904,2.089738657673479e-07,3.735945864890441e-08,5.5936,5.7044825751972894e-08,True,0.9763301014900208,0.9763301014900208
300533.SZ,33,14,19,2.6328999611916206,2.6328999611916206,2.6328999611916206,0.0,0.0,2.6329,3.880837917691338e-08,True,0.9749705791473389,0.9749705791473389
300534.SZ,29,14,15,3.552400026305423,3.552400026305423,3.552400026305423,0.0,0.0,3.5524,-2.6305423173056397e-08,True,0.9978887438774109,0.9978887438774109
300535.SZ,33,14,19,1.7428,1.7428,1.7428,0.0,0.0,1.7428,0.0,True,1.0,1.0
300536.SZ,31,14,17,3.206,3.206,3.206,0.0,0.0,3.206,0.0,True,1.0,1.0
300537.SZ,30,14,16,1.633,1.633,1.633,0.0,0.0,1.633,0.0,True,1.0,1.0
300538.SZ,33,14,19,2.773,2.773,2.773,0.0,0.0,2.773,0.0,True,1.0,1.0
300539.SZ,32,14,18,2.3353,2.3353,2.3353,0.0,0.0,2.3353,0.0,True,1.0,1.0
300540.SZ,34,14,20,2.1205,2.1205,2.1205,0.0,0.0,2.1205,0.0,True,1.0,1.0
300541.SZ,33,14,19,3.4419,3.4419,3.4419000849443013,8.494430137062636e-08,2.4679479755549656e-08,3.4419,0.0,True,1.0,1.0
300542.SZ,34,14,20,3.4028,3.4028,3.4028,0.0,0.0,3.4028,0.0,True,1.0,1.0
300543.SZ,34,14,20,4.7451,4.7451,4.7451,0.0,0.0,4.7451,0.0,True,1.0,1.0
300545.SZ,33,14,19,2.0715,2.0715,2.0715,0.0,0.0,2.0715,0.0,True,1.0,1.0
300546.SZ,33,14,19,3.3374,3.3374,3.3374,0.0,0.0,3.3374,0.0,True,1.0,1.0
300547.SZ,33,14,19,4.3266,4.3266,4.3266,0.0,0.0,4.3266,0.0,True,1.0,1.0
300548.SZ,29,14,15,2.805600042191505,2.8056,2.805600042191505,4.2191504956434756e-08,1.503831776516449e-08,2.8056,-4.2191504956434756e-08,True,0.9990732669830322,0.9990732669830322
300549.SZ,33,14,19,2.1571,2.1571,2.1571,0.0,0.0,2.1571,0.0,True,1.0,1.0
300550.SZ,33,14,19,2.7872,2.7871999340971656,2.7872,6.59028343008572e-08,2.364481712860835e-08,2.7872,0.0,True,1.0,1.0
300552.SZ,33,14,19,1.895,1.895,1.895,0.0,0.0,1.895,0.0,True,1.0,1.0
300553.SZ,33,14,19,1.7354,1.7354,1.7354,0.0,0.0,1.7354,0.0,True,1.0,1.0
300554.SZ,30,14,16,1.8292999546632336,1.8292999546632336,1.8292999546632336,0.0,0.0,1.8293,4.5336766341108614e-08,True,0.9998360276222229,0.9998360276222229
300555.SZ,32,14,18,2.523,2.523,2.523,0.0,0.0,2.523,0.0,True,1.0,1.0
300556.SZ,33,14,19,1.0301000185567277,1.0301000185567277,1.0301000185567277,0.0,0.0,1.0301,-1.855672771000627e-08,True,0.9999029040336609,0.9999029040336609
300557.SZ,33,14,19,1.7635,1.7635,1.7635,0.0,0.0,1.7635,0.0,True,1.0,1.0
300558.SZ,33,14,19,1.0283,1.0283,1.0283,0.0,0.0,1.0283,0.0,True,1.0,1.0
300559.SZ,33,14,19,5.8783,5.8783,5.8783,0.0,0.0,5.8783,0.0,True,1.0,1.0
300560.SZ,33,14,19,2.7747,2.7747,2.7747,0.0,0.0,2.7747,0.0,True,1.0,1.0
300561.SZ,32,14,18,6.1132,6.1132,6.1132,0.0,0.0,6.1132,0.0,True,1.0,1.0
300562.SZ,30,14,16,3.426700055337863,3.426700055337863,3.426700055337863,0.0,0.0,3.4267,-5.5337863180682234e-08,True,0.9921206831932068,0.9921206831932068
300563.SZ,33,14,19,1.9978000368009872,1.9978000368009872,1.9978000597579861,2.2956998968481912e-08,1.1491139526277222e-08,1.9978,-3.680098714653468e-08,True,0.9989988803863525,0.9989988803863525
300564.SZ,32,14,18,1.9559,1.9559,1.9559000252622465,2.5262246516888354e-08,1.2915919278535893e-08,1.9559,0.0,True,1.0,1.0
300565.SZ,33,14,19,1.32,1.32,1.32,0.0,0.0,1.32,0.0,True,1.0,1.0
300566.SZ,34,14,20,3.0644,3.0644,3.0644,0.0,0.0,3.0644,0.0,True,1.0,1.0
300567.SZ,33,14,19,3.1163999238631774,3.1163999238631774,3.1163999238631774,0.0,0.0,3.1164,7.613682262430643e-08,True,0.9998716711997986,0.9998716711997986
300568.SZ,33,14,19,7.339300003244408,7.3393,7.339300003244408,3.2444082975757738e-09,4.420596373143967e-10,7.3393,-3.2444082975757738e-09,True,0.9957352876663208,0.9957352876663208
300569.SZ,28,14,14,8.818999933203939,8.818999933203939,8.818999933203939,0.0,0.0,8.819,6.679606201487331e-08,True,0.9985259175300598,0.9985259175300598
300570.SZ,33,14,19,2.0491,2.0491,2.0491,0.0,0.0,2.0491,0.0,True,1.0,1.0
300571.SZ,28,14,14,3.06839998237857,3.06839998237857,3.06839998237857,0.0,0.0,3.0684,1.7621430092873425e-08,True,0.9998696446418762,0.9998696446418762
300572.SZ,28,14,14,2.947,2.947,2.947,0.0,0.0,2.947,0.0,True,1.0,1.0
300573.SZ,33,14,19,2.9800999813070925,2.9800999813070925,2.9800999813070925,0.0,0.0,2.9801,1.8692907666206793e-08,True,0.9894298911094666,0.9894298911094666
300575.SZ,33,14,19,6.7328,6.7328,6.7328,0.0,0.0,6.7328,0.0,True,1.0,1.0
300576.SZ,34,14,20,4.1786,4.1786,4.1786,0.0,0.0,4.1786,0.0,True,1.0,1.0
300577.SZ,33,14,19,3.4501999225263495,3.4501999225263495,3.4501999225263495,0.0,0.0,3.4502,7.747365060595257e-08,True,0.9929279685020447,0.9929279685020447
300579.SZ,33,14,19,3.4634,3.4633999799292945,3.4634,2.0070705541996858e-08,5.795087354044251e-09,3.4634,0.0,True,1.0,1.0
300581.SZ,33,14,19,11.793,11.793,11.793,0.0,0.0,11.793,0.0,True,1.0,1.0
300582.SZ,33,14,19,2.3361,2.3361,2.3361,0.0,0.0,2.3361,0.0,True,1.0,1.0
300583.SZ,33,14,19,1.6770999922940255,1.6770999922940255,1.6771000216755485,2.9381522992366627e-08,1.751924341265844e-08,1.6771,7.70597452515176e-09,True,0.9993441104888916,0.9993441104888916
300584.SZ,33,14,19,1.5786,1.5786,1.5786,0.0,0.0,1.5786,0.0,True,1.0,1.0
300586.SZ,29,14,15,6.3592998236513445,6.3592998236513445,6.3592998236513445,0.0,0.0,6.3593,1.7634865567828228e-07,True,0.9999528527259827,0.9999528527259827
300587.SZ,33,14,19,8.6433,8.6433,8.643300225120084,2.2512008435171538e-07,2.6045617339640575e-08,8.6433,0.0,True,1.0,1.0
300588.SZ,28,14,14,1.6133999549396392,1.6133999549396392,1.6133999549396392,0.0,0.0,1.6134,4.5060360776005837e-08,True,0.9997521042823792,0.9997521042823792
300589.SZ,33,14,19,4.0123,4.0123,4.01230009209888,9.209888052197357e-08,2.295413616179587e-08,4.0123,0.0,True,1.0,1.0
300591.SZ,33,14,19,1.311,1.311,1.311,0.0,0.0,1.311,0.0,True,1.0,1.0
300592.SZ,34,14,20,1.4474999910788475,1.4474999910788475,1.4475,8.921152483409855e-09,6.163145104243325e-09,1.4475,8.921152483409855e-09,True,0.9955095052719116,0.9955095052719116
300595.SZ,33,14,19,12.878100028690875,12.878100028690875,12.878100028690875,0.0,0.0,12.8781,-2.869087545320781e-08,True,0.9963581562042236,0.9963581562042236
300596.SZ,34,14,20,1.5981,1.5981,1.5981,0.0,0.0,1.5981,0.0,True,1.0,1.0
300597.SZ,28,14,14,1.0124999972866489,1.0124999972866489,1.0124999972866489,0.0,0.0,1.0125,2.713351099359329e-09,True,0.9995061755180359,0.9995061755180359
300598.SZ,28,14,14,2.557299976250724,2.557299976250724,2.557299976250724,0.0,0.0,2.5573,2.3749276323314916e-08,True,0.999882698059082,0.999882698059082
300599.SZ,34,14,20,1.1176999774970746,1.1176999774970746,1.1176999774970746,0.0,0.0,1.1177,2.250292530092679e-08,True,0.999373733997345,0.999373733997345
300600.SZ,31,14,17,2.981,2.981,2.981,0.0,0.0,2.981,0.0,True,1.0,1.0
300601.SZ,33,14,19,2.5186,2.5186,2.5186,0.0,0.0,2.5186,0.0,True,1.0,1.0
300602.SZ,33,14,19,4.7835,4.7835,4.7835,0.0,0.0,4.7835,0.0,True,1.0,1.0
300604.SZ,33,14,19,6.976100073578524,6.9761,6.976100073578524,7.357852460643244e-08,1.0547228943160634e-08,6.9761,-7.357852460643244e-08,True,0.9977781176567078,0.9977781176567078
300605.SZ,33,14,19,1.9952,1.9952,1.9952,0.0,0.0,1.9952,0.0,True,1.0,1.0
300606.SZ,33,14,19,1.5901,1.5901,1.5901,0.0,0.0,1.5901,0.0,True,1.0,1.0
300607.SZ,32,14,18,5.3870998609099825,5.3870998609099825,5.3870998609099825,0.0,0.0,5.3871,1.3909001772560714e-07,True,0.9999814629554749,0.9999814629554749
300608.SZ,33,14,19,3.831,3.831,3.831,0.0,0.0,3.831,0.0,True,1.0,1.0
300609.SZ,30,14,16,1.0532999703442039,1.0532999703442039,1.0532999703442039,0.0,0.0,1.0533,2.9655796041083704e-08,True,0.9997152090072632,0.9997152090072632
300610.SZ,33,14,19,2.4065,2.4064999897457193,2.4065,1.0254280535804128e-08,4.261076474466706e-09,2.4065,0.0,True,1.0,1.0
300611.SZ,33,14,19,2.0982,2.0982,2.0982,0.0,0.0,2.0982,0.0,True,1.0,1.0
300612.SZ,29,14,15,2.289,2.289,2.289,0.0,0.0,2.289,0.0,True,1.0,1.0
300613.SZ,34,14,20,5.2206,5.2206,5.220600084023017,8.402301698851034e-08,1.6094513463684314e-08,5.2206,0.0,True,1.0,1.0
300614.SZ,33,14,19,1.0034999790385235,1.0034999790385235,1.0034999790385235,0.0,0.0,1.0035,2.0961476554504088e-08,True,0.9995017647743225,0.9995017647743225
300615.SZ,33,14,19,2.4602,2.4602,2.4602,0.0,0.0,2.4602,0.0,True,1.0,1.0
300616.SZ,33,14,19,2.1195,2.1195,2.1195,0.0,0.0,2.1195,0.0,True,1.0,1.0
300617.SZ,33,14,19,2.1227,2.1227,2.1227,0.0,0.0,2.1227,0.0,True,1.0,1.0
300618.SZ,31,14,17,2.3343,2.3343,2.3343,0.0,0.0,2.3343,0.0,True,1.0,1.0
300619.SZ,33,14,19,1.7251,1.7251,1.7251,0.0,0.0,1.7251,0.0,True,1.0,1.0
300621.SZ,33,14,19,1.5428,1.5428,1.5428,0.0,0.0,1.5428,0.0,True,1.0,1.0
300622.SZ,33,14,19,3.0041,3.0041,3.0041,0.0,0.0,3.0041,0.0,True,1.0,1.0
300623.SZ,33,14,19,7.182,7.181999861979067,7.182,1.3802093334902565e-07,1.9217618121557454e-08,7.182,0.0,True,1.0,1.0
300624.SZ,30,14,16,2.275299988005964,2.275299988005964,2.275299988005964,0.0,0.0,2.2753,1.1994035986617746e-08,True,0.9998681545257568,0.9998681545257568
300625.SZ,33,14,19,1.3508,1.3507999994864712,1.3508,5.135287750590578e-10,3.8016640143548844e-10,1.3508,0.0,True,1.0,1.0
300626.SZ,33,14,19,1.8224,1.8224,1.8224,0.0,0.0,1.8224,0.0,True,1.0,1.0
300627.SZ,33,14,19,5.9182,5.918199802522891,5.9182,1.9747710844342237e-07,3.336776527380325e-08,5.9182,0.0,True,1.0,1.0
300628.SZ,33,14,19,20.2698004698536,20.2698004698536,20.2698004698536,0.0,0.0,20.2698,-4.698535995828479e-07,True,0.9868276715278625,0.9868276715278625
300629.SZ,34,14,20,2.6034,2.6034,2.6034,0.0,0.0,2.6034,0.0,True,1.0,1.0
300631.SZ,33,14,19,1.6935,1.6934999623199638,1.6935,3.768003620230331e-08,2.2249799942310783e-08,1.6935,0.0,True,0.9926188588142395,0.9926188588142395
300632.SZ,33,14,19,2.1825,2.1825,2.1825,0.0,0.0,2.1825,0.0,True,1.0,1.0
300633.SZ,33,14,19,1.0242,1.0242,1.0242,0.0,0.0,1.0242,0.0,True,1.0,1.0
300634.SZ,32,14,18,1.0357000186838623,1.0357000186838623,1.0357000186838623,0.0,0.0,1.0357,-1.8683862235135962e-08,True,0.9988413453102112,0.9988413453102112
300636.SZ,32,14,18,3.945,3.944999911552724,3.945,8.844727572565603e-08,2.2420095240977448e-08,3.945,0.0,True,1.0,1.0
300637.SZ,33,14,19,1.983,1.983,1.983,0.0,0.0,1.983,0.0,True,1.0,1.0
300639.SZ,33,14,19,7.197,7.197,7.197,0.0,0.0,7.197,0.0,True,1.0,1.0
300641.SZ,28,14,14,1.867900006982631,1.867900006982631,1.867900006982631,0.0,0.0,1.8679,-6.9826311399623364e-09,True,0.98677659034729,0.98677659034729
300642.SZ,33,14,19,2.8919,2.8919,2.8919,0.0,0.0,2.8919,0.0,True,1.0,1.0
300643.SZ,33,14,19,1.0643,1.0643,1.0643,0.0,0.0,1.0643,0.0,True,1.0,1.0
300645.SZ,34,14,20,1.9478,1.9478,1.9478,0.0,0.0,1.9478,0.0,True,1.0,1.0
300648.SZ,33,14,19,2.0122999760055538,2.0122999760055538,2.0122999760055538,0.0,0.0,2.0123,2.399444642975368e-08,True,0.9998509287834167,0.9998509287834167
300649.SZ,28,14,14,2.0738,2.0738,2.0738,0.0,0.0,2.0738,0.0,True,1.0,1.0
300650.SZ,33,14,19,3.0099000295416674,3.0099000295416674,3.0099000522245114,2.2682844047494655e-08,7.53607888131377e-09,3.0099,-2.9541667334598287e-08,True,0.9989368319511414,0.9989368319511414
300651.SZ,33,14,19,1.7759999871781693,1.7759999871781693,1.7759999871781693,0.0,0.0,1.776,1.2821830708276138e-08,True,0.9966779351234436,0.9966779351234436
300652.SZ,33,14,19,1.451,1.451,1.451,0.0,0.0,1.451,0.0,True,1.0,1.0
300653.SZ,33,14,19,2.5433,2.5433,2.5433,0.0,0.0,2.5433,0.0,True,1.0,1.0
300654.SZ,28,14,14,3.4882,3.4882,3.4882,0.0,0.0,3.4882,0.0,True,1.0,1.0
300656.SZ,31,14,17,2.705,2.705,2.705,0.0,0.0,2.705,0.0,True,1.0,1.0
300657.SZ,30,14,16,3.456,3.456,3.456,0.0,0.0,3.456,0.0,True,1.0,1.0
300658.SZ,33,14,19,2.950000057861445,2.950000057861445,2.950000057933857,7.241185429052166e-11,2.454639080346848e-11,2.95,-5.786144496866541e-08,True,0.996338963508606,0.996338963508606
300660.SZ,34,14,20,4.9323000755137665,4.9323000755137665,4.9323000755137665,0.0,0.0,4.9323,-7.551376679515442e-08,True,0.9974656701087952,0.9974656701087952
300661.SZ,34,14,20,9.8154,9.8154,9.815400127073952,1.2707395136146715e-07,1.2946385410830649e-08,9.8154,0.0,True,1.0,1.0
300662.SZ,29,14,15,1.032,1.032,1.032,0.0,0.0,1.032,0.0,True,1.0,1.0
300663.SZ,33,14,19,3.382,3.382,3.382,0.0,0.0,3.382,0.0,True,1.0,1.0
300665.SZ,34,14,20,2.281,2.281,2.281,0.0,0.0,2.281,0.0,True,1.0,1.0
300666.SZ,28,14,14,1.0193,1.0193,1.0193,0.0,0.0,1.0193,0.0,True,1.0,1.0
300667.SZ,28,14,14,2.341,2.341,2.341,0.0,0.0,2.341,0.0,True,1.0,1.0
300668.SZ,33,14,19,2.71,2.71,2.71,0.0,0.0,2.71,0.0,True,1.0,1.0
300669.SZ,33,14,19,2.0881,2.0881,2.0881,0.0,0.0,2.0881,0.0,True,1.0,1.0
300671.SZ,33,14,19,1.835,1.835,1.835,0.0,0.0,1.835,0.0,True,1.0,1.0
300672.SZ,32,14,18,1.6375,1.6375,1.6375,0.0,0.0,1.6375,0.0,True,1.0,1.0
300673.SZ,33,14,19,2.8303,2.8303,2.8303,0.0,0.0,2.8303,0.0,True,1.0,1.0
300674.SZ,34,14,20,1.7159,1.7159,1.7159,0.0,0.0,1.7159,0.0,True,1.0,1.0
300675.SZ,33,14,19,1.0346,1.0346,1.034600019585524,1.9585524091425555e-08,1.893052782855747e-08,1.0346,0.0,True,0.9994200468063354,0.9994200468063354
300676.SZ,34,14,20,1.036,1.036,1.036,0.0,0.0,1.036,0.0,True,1.0,1.0
300677.SZ,33,14,19,5.833999956786981,5.833999956786981,5.833999956786981,0.0,0.0,5.834,4.321301894094631e-08,True,0.9986287355422974,0.9986287355422974
300678.SZ,30,14,16,2.7411,2.7411,2.7411,0.0,0.0,2.7411,0.0,True,1.0,1.0
300679.SZ,34,14,20,3.7338,3.7338,3.7338,0.0,0.0,3.7338,0.0,True,1.0,1.0
300681.SZ,33,14,19,2.9051,2.9051,2.9051,0.0,0.0,2.9051,0.0,True,1.0,1.0
300683.SZ,30,14,16,1.022,1.022,1.022,0.0,0.0,1.022,0.0,True,1.0,1.0
300684.SZ,33,14,19,3.3758,3.3758,3.3758,0.0,0.0,3.3758,0.0,True,1.0,1.0
300685.SZ,33,14,19,5.0719,5.0719,5.0719,0.0,0.0,5.0719,0.0,True,1.0,1.0
300686.SZ,33,14,19,1.621,1.621,1.621,0.0,0.0,1.621,0.0,True,1.0,1.0
300687.SZ,34,14,20,4.4883,4.4883,4.4883,0.0,0.0,4.4883,0.0,True,1.0,1.0
300688.SZ,34,14,20,2.132,2.132,2.132,0.0,0.0,2.132,0.0,True,1.0,1.0
300689.SZ,33,14,19,1.735,1.735,1.735,0.0,0.0,1.735,0.0,True,1.0,1.0
300690.SZ,33,14,19,2.7684,2.7683999541533386,2.7684,4.584666157825268e-08,1.6560707115392527e-08,2.7684,0.0,True,1.0,1.0
300691.SZ,34,14,20,2.7241,2.7241,2.7241,0.0,0.0,2.7241,0.0,True,1.0,1.0
300694.SZ,29,14,15,1.0295,1.0295,1.0295,0.0,0.0,1.0295,0.0,True,1.0,1.0
300695.SZ,29,14,15,1.5949,1.5949,1.5949,0.0,0.0,1.5949,0.0,True,1.0,1.0
300696.SZ,31,14,17,4.131,4.131,4.131,0.0,0.0,4.131,0.0,True,1.0,1.0
300699.SZ,34,14,20,2.4521,2.4521,2.4521,0.0,0.0,2.4521,0.0,True,1.0,1.0
300700.SZ,28,14,14,3.329,3.329,3.329,0.0,0.0,3.329,0.0,True,1.0,1.0
300702.SZ,33,14,19,2.7576,2.7576,2.7576,0.0,0.0,2.7576,0.0,True,1.0,1.0
300703.SZ,29,14,15,2.5402,2.5402,2.5402,0.0,0.0,2.5402,0.0,True,1.0,1.0
300705.SZ,34,14,20,4.1653,4.1653,4.1653,0.0,0.0,4.1653,0.0,True,1.0,1.0
300706.SZ,28,14,14,1.8108,1.8108,1.8108,0.0,0.0,1.8108,0.0,True,1.0,1.0
300707.SZ,34,14,20,2.05520005603661,2.05520005603661,2.05520005603661,0.0,0.0,2.0552,-5.60366100188503e-08,True,0.9981510043144226,0.9981510043144226
300708.SZ,30,14,16,2.6759999567625243,2.6759999567625243,2.6759999567625243,0.0,0.0,2.6842,0.008200043237475807,False,0.7002989649772644,0.7002989649772644
300710.SZ,33,14,19,1.466,1.466,1.466,0.0,0.0,1.466,0.0,True,1.0,1.0
300711.SZ,29,14,15,1.7972,1.7972,1.7972,0.0,0.0,1.7972,0.0,True,1.0,1.0
300712.SZ,30,14,16,1.342,1.342,1.342,0.0,0.0,1.342,0.0,True,1.0,1.0
300713.SZ,29,14,15,2.975,2.975,2.975,0.0,0.0,2.975,0.0,True,1.0,1.0
300716.SZ,28,14,14,1.521,1.521,1.521,0.0,0.0,1.521,0.0,True,1.0,1.0
300717.SZ,29,14,15,1.7217000031799672,1.7217000031799672,1.7217000144577999,1.1277832667744292e-08,6.550405208174606e-09,1.7217,-3.179967178468246e-09,True,0.9952953457832336,0.9952953457832336
300719.SZ,34,14,20,1.6147,1.6146999897005587,1.6147,1.029944129982141e-08,6.3785479035247475e-09,1.6147,0.0,True,1.0,1.0
300721.SZ,30,14,16,1.9633,1.9633,1.9633,0.0,0.0,1.9633,0.0,True,1.0,1.0
300722.SZ,31,14,17,3.6597,3.6597,3.6597,0.0,0.0,3.6597,0.0,True,1.0,1.0
300723.SZ,29,14,15,2.765,2.765,2.765,0.0,0.0,2.765,0.0,True,1.0,1.0
300725.SZ,28,14,14,2.6073,2.6073,2.6073,0.0,0.0,2.6073,0.0,True,1.0,1.0
300727.SZ,33,14,19,1.7885,1.7885,1.7885,0.0,0.0,1.7885,0.0,True,1.0,1.0
300729.SZ,29,14,15,3.0063,3.0063,3.0063,0.0,0.0,3.0063,0.0,True,1.0,1.0
300730.SZ,33,14,19,2.5960999617919516,2.5960999617919516,2.5960999617919516,0.0,0.0,2.5961,3.8208048280807816e-08,True,0.9999614953994751,0.9999614953994751
300731.SZ,31,14,17,1.4402,1.4402,1.4402,0.0,0.0,1.4402,0.0,True,1.0,1.0
300732.SZ,33,14,19,4.936,4.936,4.936,0.0,0.0,4.936,0.0,True,1.0,1.0
300733.SZ,31,14,17,1.6548,1.6548,1.654800012266454,1.2266453852660675e-08,7.4126503823185125e-09,1.6548,0.0,True,1.0,1.0
300735.SZ,31,14,17,2.0421,2.0421,2.0421,0.0,0.0,2.0421,0.0,True,1.0,1.0
300738.SZ,28,14,14,12.07849989692984,12.07849979385968,12.0785,2.0614032081311962e-07,1.706671545077524e-08,12.0785,1.0307016040655981e-07,True,1.0,1.0
300739.SZ,30,14,16,2.5521,2.5521,2.5521,0.0,0.0,2.5521,0.0,True,1.0,1.0
300743.SZ,31,14,17,2.3857,2.3857,2.3857,0.0,0.0,2.3857,0.0,True,1.0,1.0
300746.SZ,28,14,14,1.107,1.107,1.107,0.0,0.0,1.107,0.0,True,1.0,1.0
300748.SZ,28,14,14,2.7342999397679457,2.7342999397679457,2.7342999397679457,0.0,0.0,2.7343,6.0232054455156e-08,True,0.995026171207428,0.995026171207428
300749.SZ,34,14,20,1.875,1.875,1.875,0.0,0.0,1.875,0.0,True,1.0,1.0
300751.SZ,32,14,18,4.83329994865412,4.83329994865412,4.83329994865412,0.0,0.0,4.8333,5.134588043631538e-08,True,0.9944965243339539,0.9944965243339539
300752.SZ,28,14,14,2.635,2.635,2.635,0.0,0.0,2.635,0.0,True,1.0,1.0
300753.SZ,30,14,16,1.6173,1.6173,1.6173,0.0,0.0,1.6173,0.0,True,1.0,1.0
300755.SZ,32,14,18,2.0253,2.0253,2.0253,0.0,0.0,2.0253,0.0,True,1.0,1.0
300756.SZ,30,14,16,3.6473,3.6473,3.6473,0.0,0.0,3.6473,0.0,True,1.0,1.0
300758.SZ,30,14,16,3.3116,3.3116,3.3116,0.0,0.0,3.3116,0.0,True,1.0,1.0
300759.SZ,33,14,19,2.332,2.332,2.3320000584116256,5.841162575848102e-08,2.5047866963328057e-08,2.332,0.0,True,1.0,1.0
300760.SZ,28,14,14,1.1135999992277683,1.1135999992277683,1.1135999992277683,0.0,0.0,1.1136,7.722316119895822e-10,True,0.9879669547080994,0.9879669547080994
300761.SZ,34,14,20,2.0282000069829538,2.0282000069829538,2.0282000069829538,0.0,0.0,2.0282,-6.9829537707732925e-09,True,0.9952667355537415,0.9952667355537415
300765.SZ,34,14,20,6.1065,6.1065,6.1065,0.0,0.0,6.1065,0.0,True,1.0,1.0
300766.SZ,31,14,17,1.013,1.013,1.013,0.0,0.0,1.013,0.0,True,1.0,1.0
300768.SZ,29,14,15,1.5423,1.5423,1.5423,0.0,0.0,1.5423,0.0,True,1.0,1.0
300769.SZ,28,14,14,5.291,5.291,5.291,0.0,0.0,5.291,0.0,True,1.0,1.0
300771.SZ,34,14,20,2.6468,2.6468,2.6468,0.0,0.0,2.6468,0.0,True,1.0,1.0
300773.SZ,31,14,17,2.309599947582186,2.309599947582186,2.309599947582186,0.0,0.0,2.3096,5.241781408926727e-08,True,0.9915570020675659,0.9915570020675659
300776.SZ,29,14,15,4.2439,4.2439,4.2439,0.0,0.0,4.2439,0.0,True,1.0,1.0
300777.SZ,30,14,16,1.0232,1.0232,1.0232,0.0,0.0,1.0232,0.0,True,1.0,1.0
300778.SZ,34,14,20,2.2792999719582845,2.2792999719582845,2.2792999719582845,0.0,0.0,2.2793,2.8041715616211604e-08,True,0.9998683929443359,0.9998683929443359
300780.SZ,30,14,16,1.032200014248271,1.032200014248271,1.032200014248271,0.0,0.0,1.0322,-1.4248271007488711e-08,True,0.9998062252998352,0.9998062252998352
300781.SZ,33,14,19,2.004499939146668,2.004499939146668,2.0045,6.085333215111177e-08,3.035836068771223e-08,2.0045,6.085333215111177e-08,True,0.6711399555206299,0.6711399555206299
300782.SZ,30,14,16,5.259,5.259,5.259,0.0,0.0,5.259,0.0,True,1.0,1.0
300783.SZ,34,14,20,1.0444,1.0444,1.0444,0.0,0.0,1.0444,0.0,True,1.0,1.0
300784.SZ,33,14,19,1.0113999878091813,1.0113999878091813,1.0113999878091813,0.0,0.0,1.0114,1.2190818798885061e-08,True,0.996440589427948,0.996440589427948
300785.SZ,33,14,19,3.5012,3.5012,3.5012,0.0,0.0,3.5012,0.0,True,1.0,1.0
300787.SZ,32,14,18,4.3016,4.3016,4.3016,0.0,0.0,4.3016,0.0,True,1.0,1.0
300788.SZ,28,14,14,1.0937000021781316,1.0936999889142307,1.0937000154420327,2.652780195511184e-08,2.4255099115187934e-08,1.0937,-2.1781316750235646e-09,True,0.9842735528945923,0.9842735528945923
300789.SZ,34,14,20,3.2311,3.2311,3.2311000841607864,8.416078633999291e-08,2.6047100473520753e-08,3.2311,0.0,True,1.0,1.0
300790.SZ,29,14,15,2.818299949159508,2.818299949159508,2.818299953005827,3.846318819000771e-09,1.3647655992570436e-09,2.8183,5.084049181647288e-08,True,0.9984033107757568,0.9984033107757568
300795.SZ,32,14,18,3.230600080204872,3.230600080204872,3.230600080204872,0.0,0.0,3.2306,-8.020487207716087e-08,True,0.9952330589294434,0.9952330589294434
300798.SZ,33,14,19,1.0174,1.0173999809655387,1.0174,1.903446134043918e-08,1.870892602755964e-08,1.0174,0.0,True,0.9989188313484192,0.9989188313484192
300800.SZ,34,14,20,3.1902,3.1902,3.1902,0.0,0.0,3.1902,0.0,True,1.0,1.0
300801.SZ,29,14,15,1.9682,1.9682,1.9682,0.0,0.0,1.9682,0.0,True,1.0,1.0
300804.SZ,32,14,18,1.022,1.022,1.022,0.0,0.0,1.022,0.0,True,1.0,1.0
300805.SZ,34,14,20,1.0163,1.0163,1.0163,0.0,0.0,1.0163,0.0,True,1.0,1.0
300806.SZ,32,14,18,3.6352,3.63519989923101,3.6352,1.00768990041189e-07,2.7720342771013698e-08,3.6352,0.0,True,1.0,1.0
300807.SZ,31,14,17,1.018,1.018,1.018,0.0,0.0,1.018,0.0,True,1.0,1.0
300808.SZ,28,14,14,1.0351999785381818,1.0351999785381818,1.0351999785381818,0.0,0.0,1.0352,2.146181810047665e-08,True,0.999806821346283,0.999806821346283
300809.SZ,31,14,17,1.6621999623429733,1.6621999623429733,1.6622000394528897,7.710991645204501e-08,4.639027686136741e-08,1.6622,3.765702660807335e-08,True,0.9965106844902039,0.999398410320282
300810.SZ,34,14,20,1.5107,1.5107,1.5107000077879753,7.787975375705969e-09,5.155209754223849e-09,1.5107,0.0,True,1.0,1.0
300811.SZ,29,14,15,4.6334,4.6334,4.633400028551363,2.8551363051576573e-08,6.162076024426247e-09,4.6334,0.0,True,1.0,1.0
300812.SZ,33,14,19,1.839,1.839,1.839,0.0,0.0,1.839,0.0,True,1.0,1.0
300813.SZ,30,14,16,2.163500001912653,2.163500001912653,2.163500001912653,0.0,0.0,2.1635,-1.912653146973753e-09,True,0.9972267150878906,0.9972267150878906
300814.SZ,32,14,18,1.0231,1.023099995151372,1.0231,4.848627943587758e-09,4.739153497788836e-09,1.0231,0.0,True,0.996969997882843,0.996969997882843
300815.SZ,34,14,20,3.1554,3.1554,3.1554,0.0,0.0,3.1554,0.0,True,1.0,1.0
300816.SZ,28,14,14,1.017899981124004,1.017899981124004,1.017899981124004,0.0,0.0,1.0179,1.8875996099509962e-08,True,0.9994105696678162,0.9994105696678162
300817.SZ,33,14,19,2.802599967548862,2.802599967548862,2.802599967548862,0.0,0.0,2.8026,3.2451137776945416e-08,True,0.996253490447998,0.996253490447998
300823.SZ,33,14,19,1.5998,1.5998,1.5998,0.0,0.0,1.5998,0.0,True,1.0,1.0
300826.SZ,33,14,19,1.9395,1.9395,1.9395,0.0,0.0,1.9395,0.0,True,1.0,1.0
300828.SZ,33,14,19,1.6994,1.6994,1.6994,0.0,0.0,1.6994,0.0,True,1.0,1.0
300829.SZ,32,14,18,1.6304,1.6304,1.6304,0.0,0.0,1.6304,0.0,True,1.0,1.0
300832.SZ,32,14,18,2.0568,2.0568,2.0568,0.0,0.0,2.0568,0.0,True,1.0,1.0
300834.SZ,29,14,15,1.0991000330515917,1.099100012550341,1.0991000330515917,2.050125069708031e-08,1.8652761423507284e-08,1.0991,-3.3051591685762105e-08,True,0.9871712923049927,0.9871712923049927
300835.SZ,34,14,20,1.7656,1.7656,1.7656000127916853,1.2791685266577701e-08,7.244950875950216e-09,1.7656,0.0,True,1.0,1.0
300836.SZ,31,14,17,1.9209,1.9209,1.9209,0.0,0.0,1.9209,0.0,True,1.0,1.0
300842.SZ,28,14,14,1.4278,1.4278,1.4278,0.0,0.0,1.4278,0.0,True,1.0,1.0
300843.SZ,30,14,16,1.021399983496192,1.021399983496192,1.021399983496192,0.0,0.0,1.0214,1.6503808097922956e-08,True,0.9982377290725708,0.9982377290725708
300844.SZ,31,14,17,2.2399,2.2399,2.2399,0.0,0.0,2.2399,0.0,True,1.0,1.0
300845.SZ,29,14,15,2.3814,2.3814,2.3814,0.0,0.0,2.3814,0.0,True,1.0,1.0
300846.SZ,31,14,17,1.002,1.002,1.002,0.0,0.0,1.002,0.0,True,1.0,1.0
300848.SZ,29,14,15,5.9728,5.9728,5.9728,0.0,0.0,5.9728,0.0,True,1.0,1.0
300850.SZ,28,14,14,2.9346,2.9346,2.9346,0.0,0.0,2.9554,0.02079999999999993,False,1.0,1.0
300851.SZ,30,14,16,1.0819,1.0819,1.0819,0.0,0.0,1.0819,0.0,True,1.0,1.0
300852.SZ,34,14,20,2.6131,2.6131,2.6131,0.0,0.0,2.6131,0.0,True,1.0,1.0
300854.SZ,29,14,15,1.0281,1.0281,1.0281,0.0,0.0,1.0281,0.0,True,1.0,1.0
300859.SZ,34,14,20,1.0207,1.0207,1.0207,0.0,0.0,1.0299,0.009200000000000097,False,1.0,1.0
300875.SZ,28,14,14,1.314,1.314,1.314,0.0,0.0,1.314,0.0,True,1.0,1.0
300879.SZ,31,14,17,1.0094,1.0094,1.0094,0.0,0.0,1.0094,0.0,True,1.0,1.0
300880.SZ,31,14,17,1.5618,1.5618,1.5618,0.0,0.0,1.5618,0.0,True,1.0,1.0
300881.SZ,31,14,17,1.18,1.18,1.18,0.0,0.0,1.18,0.0,True,1.0,1.0
300884.SZ,29,14,15,2.2634,2.2634,2.2634,0.0,0.0,2.2634,0.0,True,1.0,1.0
300886.SZ,32,14,18,1.3175999783137378,1.3175999783137378,1.317600009632678,3.131894033003846e-08,2.376968795196884e-08,1.3176,2.1686262341447105e-08,True,0.9982544183731079,0.9982544183731079
300887.SZ,31,14,17,6.3894,6.3894,6.3894,0.0,0.0,6.3894,0.0,True,1.0,1.0
300888.SZ,30,14,16,1.552899962010733,1.552899962010733,1.552899962010733,0.0,0.0,1.5529,3.798926684339676e-08,True,0.9892459511756897,0.9892459511756897
300890.SZ,30,14,16,1.012,1.012,1.012,0.0,0.0,1.012,0.0,True,1.0,1.0
300891.SZ,30,14,16,1.0201,1.0201,1.0201,0.0,0.0,1.0201,0.0,True,1.0,1.0
300896.SZ,34,14,20,2.6608000370569442,2.6608000370569442,2.6608000370569442,0.0,0.0,2.6608,-3.70569441798807e-08,True,0.9933854341506958,0.9933854341506958
300897.SZ,29,14,15,2.274,2.274,2.274,0.0,0.0,2.274,0.0,True,1.0,1.0
300900.SZ,28,14,14,1.419,1.419,1.419,0.0,0.0,1.419,0.0,True,1.0,1.0
300901.SZ,28,14,14,1.039,1.039,1.039,0.0,0.0,1.039,0.0,True,1.0,1.0
300902.SZ,28,14,14,1.4431999998092389,1.4431999998092389,1.4431999998092389,0.0,0.0,1.4432,1.907611846263535e-10,True,0.9998614192008972,0.9998614192008972
300903.SZ,34,14,20,1.8102999683566112,1.8102999683566112,1.8102999683566112,0.0,0.0,1.8103,3.1643388798130445e-08,True,0.9998342990875244,0.9998342990875244
300904.SZ,34,14,20,1.0171000294118242,1.0171000294118242,1.0171000294118242,0.0,0.0,1.0171,-2.941182430937772e-08,True,0.9999016523361206,0.9999016523361206
300906.SZ,34,14,20,1.077,1.077,1.077,0.0,0.0,1.077,0.0,True,1.0,1.0
300908.SZ,33,14,19,1.6115,1.6115,1.6115,0.0,0.0,1.6115,0.0,True,1.0,1.0
300910.SZ,29,14,15,2.0911,2.0911,2.0911,0.0,0.0,2.0911,0.0,True,1.0,1.0
300912.SZ,34,14,20,1.005,1.005,1.005,0.0,0.0,1.005,0.0,True,1.0,1.0
300913.SZ,34,14,20,2.5655,2.56549991630141,2.5655,8.369859028078963e-08,3.262466976448631e-08,2.5655,0.0,True,1.0,1.0
300918.SZ,34,14,20,1.0607999840435554,1.0607999840435554,1.0607999840435554,0.0,0.0,1.0608,1.5956444610054632e-08,True,0.9981146454811096,0.9981146454811096
300919.SZ,33,14,19,1.4747999801539793,1.4747999801539793,1.4747999801539793,0.0,0.0,1.4748,1.984602082671927e-08,True,0.99471116065979,0.99471116065979
300920.SZ,31,14,17,1.0653,1.0653,1.0653,0.0,0.0,1.0653,0.0,True,1.0,1.0
300921.SZ,34,14,20,2.6493,2.6493,2.6493,0.0,0.0,2.6493,0.0,True,1.0,1.0
300922.SZ,31,14,17,1.4679,1.4679,1.4679,0.0,0.0,1.4679,0.0,True,1.0,1.0
300923.SZ,32,14,18,1.0834,1.0834,1.0834,0.0,0.0,1.0834,0.0,True,1.0,1.0
300925.SZ,28,14,14,2.9363,2.9363,2.9363,0.0,0.0,2.9363,0.0,True,1.0,1.0
300926.SZ,34,14,20,2.6658,2.6658,2.6658,0.0,0.0,2.6658,0.0,True,1.0,1.0
300927.SZ,34,14,20,1.8678,1.8678,1.86780004733001,4.73300101333507e-08,2.5339977585046954e-08,1.8678,0.0,True,1.0,1.0
300932.SZ,34,14,20,2.7098,2.7098,2.7098,0.0,0.0,2.7098,0.0,True,1.0,1.0
300933.SZ,34,14,20,1.0179999874109538,1.0179999874109538,1.018,1.2589046249900093e-08,1.2366450300178692e-08,1.018,1.2589046249900093e-08,True,0.9961689710617065,0.9961689710617065
300936.SZ,32,14,18,1.0499,1.0499,1.0499,0.0,0.0,1.0499,0.0,True,1.0,1.0
300937.SZ,31,14,17,1.0236,1.0236,1.0236,0.0,0.0,1.0236,0.0,True,1.0,1.0
300938.SZ,31,14,17,3.51,3.51,3.51,0.0,0.0,3.51,0.0,True,1.0,1.0
300939.SZ,30,14,16,1.599,1.599,1.599,0.0,0.0,1.599,0.0,True,1.0,1.0
300941.SZ,33,14,19,1.5537999743107462,1.5537999743107462,1.5537999743107462,0.0,0.0,1.5538,2.5689253835281534e-08,True,0.9995495080947876,0.9995495080947876
300942.SZ,33,14,19,1.0162,1.0162,1.0162,0.0,0.0,1.0162,0.0,True,1.0,1.0
300943.SZ,33,14,19,1.5559,1.5559,1.5559,0.0,0.0,1.5559,0.0,True,1.0,1.0
300945.SZ,32,14,18,1.0429000031923774,1.0428999940666581,1.0429000031923774,9.125719291347423e-09,8.750330102035734e-09,1.0429,-3.192377473482111e-09,True,0.9970275163650513,0.9970275163650513
300946.SZ,34,14,20,2.4213000487281837,2.4213000487281837,2.4213000487281837,0.0,0.0,2.4213,-4.8728183710267103e-08,True,0.9977697730064392,0.9977697730064392
300947.SZ,32,14,18,2.903,2.903,2.903,0.0,0.0,2.903,0.0,True,1.0,1.0
300953.SZ,33,14,19,1.4006,1.4006,1.4006,0.0,0.0,1.4006,0.0,True,1.0,1.0
300955.SZ,29,14,15,1.0897,1.0897,1.0897000188669448,1.8866944895279403e-08,1.7313889047700657e-08,1.0897,0.0,True,1.0,1.0
300956.SZ,28,14,14,1.4746,1.4746,1.4746,0.0,0.0,1.4849,0.010300000000000198,False,1.0,1.0
300957.SZ,28,14,14,1.0471999702765797,1.0471999702765797,1.0471999702765797,0.0,0.0,1.0472,2.9723420169602832e-08,True,0.9930290579795837,0.9930290579795837
300962.SZ,29,14,15,1.0722,1.0722,1.072200018529141,1.8529140888290385e-08,1.7281422205083366e-08,1.0722,0.0,True,1.0,1.0
300963.SZ,29,14,15,3.9448,3.9448,3.9448,0.0,0.0,3.9448,0.0,True,1.0,1.0
300965.SZ,32,14,18,1.0235000113143513,1.0235000113143513,1.0235000113143513,0.0,0.0,1.0235,-1.1314351233693287e-08,True,0.996189534664154,0.996189534664154
300966.SZ,29,14,15,1.0062000139383367,1.0062000139383367,1.0062000139383367,0.0,0.0,1.0062,-1.3938336707042254e-08,True,0.9998012185096741,0.9998012185096741
300969.SZ,28,14,14,1.431,1.431,1.431,0.0,0.0,1.431,0.0,True,1.0,1.0
300970.SZ,28,14,14,2.0666000047101343,2.0666000047101343,2.0666000047101343,0.0,0.0,2.0666,-4.710134060559312e-09,True,0.9997096657752991,0.9997096657752991
300972.SZ,34,14,20,1.021799978773972,1.021799978773972,1.021799978773972,0.0,0.0,1.0218,2.1226028046328338e-08,True,0.999119222164154,0.999119222164154
300975.SZ,32,14,18,1.5184,1.5184,1.5184,0.0,0.0,1.5184,0.0,True,1.0,1.0
300976.SZ,34,14,20,2.6895,2.6895,2.6895,0.0,0.0,2.6895,0.0,True,1.0,1.0
300977.SZ,33,14,19,3.539,3.539,3.539,0.0,0.0,3.539,0.0,True,1.0,1.0
300978.SZ,29,14,15,1.1087000165960266,1.1087000165960266,1.1087000165960266,0.0,0.0,1.1087,-1.6596026553017396e-08,True,0.9919725656509399,0.9919725656509399
300979.SZ,29,14,15,1.1414000314744823,1.1414000314744823,1.1414000314744823,0.0,0.0,1.1414,-3.147448235374384e-08,True,0.9813386797904968,0.9813386797904968
300980.SZ,32,14,18,1.5683,1.5683,1.5683,0.0,0.0,1.5683,0.0,True,1.0,1.0
300981.SZ,28,14,14,3.0783,3.0783,3.0783000125087,1.250869985369718e-08,4.063509032159692e-09,3.0783,0.0,True,1.0,1.0
300982.SZ,28,14,14,1.3029000209874326,1.3029000209874326,1.3029000209874326,0.0,0.0,1.3029,-2.0987432680641405e-08,True,0.9948576092720032,0.9948576092720032
300983.SZ,33,14,19,2.258,2.258,2.258,0.0,0.0,2.258,0.0,True,1.0,1.0
300987.SZ,32,14,18,1.3482,1.3481999911964937,1.3482,8.803506368337821e-09,6.5298222580758206e-09,1.3482,0.0,True,1.0,1.0
300988.SZ,31,14,17,1.8781,1.8781,1.8781000049679237,4.96792362802978e-09,2.645185894270688e-09,1.8781,0.0,True,1.0,1.0
300989.SZ,34,14,20,3.544399920287675,3.544399920287675,3.544399920287675,0.0,0.0,3.5444,7.97123251849996e-08,True,0.9998871684074402,0.9998871684074402
300990.SZ,31,14,17,3.437000089024879,3.437000089024879,3.437000089024879,0.0,0.0,3.437,-8.902487902417988e-08,True,0.997730553150177,0.997730553150177
300992.SZ,33,14,19,1.0149,1.0149,1.0149000226907607,2.2690760825838652e-08,2.235763210743783e-08,1.0149,0.0,True,1.0,1.0
300993.SZ,34,14,20,2.4825,2.4825,2.4825,0.0,0.0,2.4825,0.0,True,1.0,1.0
300994.SZ,32,14,18,1.3503000143360493,1.3503000143360493,1.3503000143360493,0.0,0.0,1.3503,-1.4336049236618464e-08,True,0.9783011078834534,0.9783011078834534
300995.SZ,32,14,18,1.0405000028423714,1.0405000028423714,1.0405000028423714,0.0,0.0,1.044,0.0034999971576286093,False,0.9981739521026611,0.9981739521026611
301000.SZ,30,14,16,5.0627,5.0627,5.062700013000256,1.3000255982831277e-08,2.567850353137906e-09,5.0627,0.0,True,1.0,1.0
301001.SZ,30,14,16,1.0281,1.0281,1.0281,0.0,0.0,1.0281,0.0,True,1.0,1.0
301003.SZ,28,14,14,2.000299959933134,2.000299959933134,2.000299959933134,0.0,0.0,2.0003,4.0066866269228285e-08,True,0.9919512271881104,0.9919512271881104
301004.SZ,33,14,19,1.5883000429982095,1.5883000429982095,1.5883000429982095,0.0,0.0,1.5883,-4.299820943742816e-08,True,0.9826858639717102,0.9826858639717102
301005.SZ,28,14,14,2.4155,2.4155,2.4155000327704337,3.277043347793551e-08,1.3566728825475268e-08,2.4155,0.0,True,1.0,1.0
301008.SZ,31,14,17,1.7715,1.7715,1.7715,0.0,0.0,1.7715,0.0,True,1.0,1.0
301009.SZ,28,14,14,1.021,1.0209999918402897,1.021,8.159710240818185e-09,7.991880745169625e-09,1.021,0.0,True,1.0,1.0
301011.SZ,28,14,14,1.7353,1.7353,1.7353,0.0,0.0,1.7353,0.0,True,1.0,1.0
301013.SZ,31,14,17,1.5113,1.5113,1.5113,0.0,0.0,1.5113,0.0,True,1.0,1.0
301015.SZ,30,14,16,1.1339,1.1339,1.1339,0.0,0.0,1.1339,0.0,True,1.0,1.0
301016.SZ,31,14,17,1.9439,1.9439,1.9439,0.0,0.0,1.9439,0.0,True,1.0,1.0
301019.SZ,32,14,18,2.3048,2.304799943698546,2.3048,5.630145416546384e-08,2.442791312281492e-08,2.3048,0.0,True,1.0,1.0
301022.SZ,28,14,14,1.3533,1.3533,1.353300011355466,1.135546612296423e-08,8.390945188032389e-09,1.3533,0.0,True,1.0,1.0
301024.SZ,32,14,18,1.52,1.52,1.52,0.0,0.0,1.52,0.0,True,1.0,1.0
301025.SZ,28,14,14,1.0178000211702054,1.0178,1.0178000211702054,2.117020536651637e-08,2.0799965539572438e-08,1.0178,-2.117020536651637e-08,True,0.9972489476203918,0.9972489476203918
301026.SZ,29,14,15,1.4606,1.4606,1.4606,0.0,0.0,1.4606,0.0,True,1.0,1.0
301031.SZ,30,14,16,1.5164999894728386,1.5164999894728386,1.5164999894728386,0.0,0.0,1.5165,1.0527161364848325e-08,True,0.9993405938148499,0.9993405938148499
301035.SZ,32,14,18,1.085999971334599,1.085999971334599,1.085999971334599,0.0,0.0,1.086,2.866540116386318e-08,True,0.9955801367759705,0.9955801367759705
301036.SZ,31,14,17,1.0709,1.0709,1.0709,0.0,0.0,1.0709,0.0,True,1.0,1.0
301037.SZ,30,14,16,1.544,1.544,1.544,0.0,0.0,1.544,0.0,True,1.0,1.0
301039.SZ,33,14,19,1.1399,1.1399,1.1399,0.0,0.0,1.1399,0.0,True,1.0,1.0
301041.SZ,33,14,19,1.0107000289606292,1.0107,1.0107000289606292,2.8960629228080847e-08,2.8654030274307017e-08,1.0107,-2.8960629228080847e-08,True,0.9963391423225403,0.9963391423225403
301043.SZ,33,14,19,1.1049999724886226,1.1049999724886226,1.1049999724886226,0.0,0.0,1.105,2.7511377398425907e-08,True,0.9875113368034363,0.9875113368034363
301045.SZ,31,14,17,1.0085,1.0085,1.0085,0.0,0.0,1.0085,0.0,True,1.0,1.0
301046.SZ,29,14,15,1.0432,1.0432,1.043200015499483,1.5499483030367855e-08,1.4857633272975323e-08,1.0432,0.0,True,1.0,1.0
301047.SZ,30,14,16,2.1918999326370825,2.1918999326370825,2.1918999326370825,0.0,0.0,2.1919,6.736291746634038e-08,True,0.9499521255493164,0.9499521255493164
301048.SZ,28,14,14,1.0269,1.026899995882305,1.0269,4.117694851757392e-09,4.009830413630726e-09,1.0269,0.0,True,1.0,1.0
301051.SZ,32,14,18,2.5822,2.5822,2.5822,0.0,0.0,2.5822,0.0,True,1.0,1.0
301052.SZ,31,14,17,1.3569,1.3569,1.3569,0.0,0.0,1.3569,0.0,True,1.0,1.0
301053.SZ,29,14,15,1.0324,1.0324,1.0324,0.0,0.0,1.0324,0.0,True,1.0,1.0
301057.SZ,34,14,20,1.0616,1.0616,1.0616,0.0,0.0,1.0616,0.0,True,1.0,1.0
301058.SZ,34,14,20,1.0539,1.0539,1.0539,0.0,0.0,1.0539,0.0,True,1.0,1.0
301059.SZ,32,14,18,2.002,2.002,2.002,0.0,0.0,2.002,0.0,True,1.0,1.0
301060.SZ,32,14,18,1.0478,1.0478,1.0478,0.0,0.0,1.0478,0.0,True,1.0,1.0
301061.SZ,32,14,18,2.9704999464626454,2.9704999464626454,2.9704999464626454,0.0,0.0,2.9705,5.353735454960429e-08,True,0.9946473836898804,0.9946473836898804
301062.SZ,31,14,17,1.0254999885683527,1.025499975043818,1.0254999885683527,1.352453460334857e-08,1.318823476753956e-08,1.0255,1.143164740646796e-08,True,0.9948318004608154,0.9948318004608154
301065.SZ,31,14,17,1.5424,1.5424,1.5424,0.0,0.0,1.5424,0.0,True,1.0,1.0
301072.SZ,33,14,19,1.0038,1.0038,1.0038,0.0,0.0,1.0038,0.0,True,1.0,1.0
301073.SZ,32,14,18,2.3123999429067807,2.3123999429067807,2.3123999429067807,0.0,0.0,2.3124,5.7093219041348675e-08,True,0.996799886226654,0.996799886226654
301075.SZ,33,14,19,1.03,1.03,1.03,0.0,0.0,1.03,0.0,True,1.0,1.0
301076.SZ,30,14,16,2.302399944487848,2.3023999173016936,2.302399944487848,2.7186154216707337e-08,1.1807746209251538e-08,2.3024,5.551215220833683e-08,True,0.7657227516174316,0.9981324076652527
301077.SZ,32,14,18,3.3829999598787928,3.3829999598787928,3.3829999598787928,0.0,0.0,3.383,4.012120724539159e-08,True,0.9891220927238464,0.9891220927238464
301081.SZ,34,14,20,1.3567,1.3567,1.3567,0.0,0.0,1.3567,0.0,True,1.0,1.0
301082.SZ,29,14,15,1.464,1.464,1.464000006228665,6.228665139218492e-09,4.2545526907230135e-09,1.9119,0.44789999999999996,False,0.9952185750007629,1.0
301083.SZ,33,14,19,1.0198,1.0198,1.0198,0.0,0.0,1.0198,0.0,True,1.0,1.0
301086.SZ,34,14,20,1.6186,1.6186,1.6186000446945163,4.469451631017307e-08,2.761307074643091e-08,1.6186,0.0,True,1.0,1.0
301087.SZ,31,14,17,1.5164999891095852,1.5164999891095852,1.5164999891095852,0.0,0.0,1.5481,0.031600010890414865,False,0.9851632118225098,0.9851632118225098
301088.SZ,28,14,14,1.1222000162066097,1.1222000070872589,1.1222000162066097,9.119350830033568e-09,8.126315004752765e-09,1.1222,-1.6206609609881184e-08,True,0.9915344715118408,0.9915344715118408
301090.SZ,30,14,16,1.017599986258988,1.017599986258988,1.017599986258988,0.0,0.0,1.0176,1.3741012105938921e-08,True,0.9994103908538818,0.9994103908538818
301097.SZ,31,14,17,1.0417,1.0417,1.0417,0.0,0.0,1.0417,0.0,True,1.0,1.0
301098.SZ,28,14,14,1.5439999813987249,1.5439999627974497,1.544,3.72025503736495e-08,2.4094916335392272e-08,1.544,1.860127518682475e-08,True,0.9946243762969971,1.0
301099.SZ,33,14,19,1.7036000404783656,1.7036000404783656,1.7036000404783656,0.0,0.0,1.7036,-4.047836554832429e-08,True,0.7739492654800415,0.7739492654800415
301103.SZ,30,14,16,1.3981,1.3981,1.3981,0.0,0.0,1.3981,0.0,True,1.0,1.0
301106.SZ,30,14,16,1.4799,1.4799,1.4799,0.0,0.0,1.4799,0.0,True,1.0,1.0
301107.SZ,34,14,20,1.4729,1.4729,1.4729,0.0,0.0,1.4729,0.0,True,1.0,1.0
301109.SZ,28,14,14,2.4717,2.4717,2.4717,0.0,0.0,2.4717,0.0,True,1.0,1.0
301111.SZ,33,14,19,1.0203,1.0203,1.0203,0.0,0.0,1.0203,0.0,True,1.0,1.0
301112.SZ,32,14,18,1.0247999762362656,1.0247999762362656,1.0248,2.37637343136754e-08,2.3188656191183125e-08,1.0248,2.37637343136754e-08,True,0.9972677826881409,0.9972677826881409
301113.SZ,33,14,19,1.3958000008492455,1.3958000008492455,1.3958000008492455,0.0,0.0,1.3958,-8.492455627617801e-10,True,0.9966327548027039,0.9966327548027039
301115.SZ,30,14,16,1.0801,1.080099980518733,1.0801,1.9481267043985895e-08,1.803654017589658e-08,1.0801,0.0,True,1.0,1.0
301119.SZ,33,14,19,1.352,1.352,1.352,0.0,0.0,1.352,0.0,True,1.0,1.0
301120.SZ,34,14,20,1.5357,1.5357,1.5357,0.0,0.0,1.5357,0.0,True,1.0,1.0
301122.SZ,31,14,17,1.3635,1.3635,1.3635,0.0,0.0,1.3635,0.0,True,1.0,1.0
301123.SZ,32,14,18,1.0418999969531448,1.0418999969531448,1.0418999969531448,0.0,0.0,1.0419,3.0468552125739734e-09,True,0.9976965188980103,0.9976965188980103
301126.SZ,33,14,19,1.0168999837066544,1.0168999837066544,1.0169000184000607,3.469340636996776e-08,3.4116832457316456e-08,1.0169,1.629334556163542e-08,True,0.9983282685279846,0.9983282685279846
301128.SZ,30,14,16,1.4857,1.4857,1.4857,0.0,0.0,1.4857,0.0,True,1.0,1.0
301132.SZ,34,14,20,1.0466,1.0466,1.0466000105681401,1.056814014077645e-08,1.0097592337833413e-08,1.0466,0.0,True,1.0,1.0
301133.SZ,29,14,15,1.0223,1.0222999713181988,1.0223,2.8681801156338338e-08,2.8056149032904568e-08,1.0223,0.0,True,1.0,1.0
301135.SZ,28,14,14,1.0526,1.0526,1.0526,0.0,0.0,1.0526,0.0,True,1.0,1.0
301136.SZ,31,14,17,1.013,1.013,1.013,0.0,0.0,1.013,0.0,True,1.0,1.0
301137.SZ,30,14,16,1.0219,1.0219,1.021900003692963,3.6929630464754837e-09,3.6138203801501944e-09,1.0219,0.0,True,1.0,1.0
301141.SZ,32,14,18,1.4195,1.4195,1.4195000206595927,2.0659592703253793e-08,1.4554133640897353e-08,1.4195,0.0,True,1.0,1.0
301149.SZ,30,14,16,1.0513000205756122,1.0512999792292808,1.0513000205756122,4.1346331469682696e-08,3.932876501519003e-08,1.0513,-2.0575612325046677e-08,True,0.9871587157249451,0.9939122796058655
301150.SZ,32,14,18,3.6086,3.6086,3.6086,0.0,0.0,3.6086,0.0,True,1.0,1.0
301151.SZ,29,14,15,1.0863000189316523,1.0863000189316523,1.0863000189316523,0.0,0.0,1.0863,-1.8931652245868236e-08,True,0.9952130913734436,0.9952130913734436
301152.SZ,32,14,18,1.007,1.007,1.007,0.0,0.0,1.007,0.0,True,1.0,1.0
301155.SZ,31,14,17,1.0164,1.0164,1.0164,0.0,0.0,1.0164,0.0,True,1.0,1.0
301156.SZ,28,14,14,1.940699971391497,1.940699971391497,1.940699971391497,0.0,0.0,1.9407,2.860850312202956e-08,True,0.9944350123405457,0.9944350123405457
301159.SZ,33,14,19,1.0067,1.0067,1.0067,0.0,0.0,1.0067,0.0,True,1.0,1.0
301161.SZ,32,14,18,1.0158,1.0158,1.0158,0.0,0.0,1.0158,0.0,True,1.0,1.0
301163.SZ,34,14,20,1.025,1.024999995208254,1.025,4.791745888965693e-09,4.67487403801531e-09,1.025,0.0,True,1.0,1.0
301165.SZ,33,14,19,1.4577,1.4577,1.4577,0.0,0.0,1.4577,0.0,True,1.0,1.0
301166.SZ,29,14,15,1.0522,1.0522,1.0522,0.0,0.0,1.0522,0.0,True,1.0,1.0
301167.SZ,34,14,20,1.455,1.455,1.455,0.0,0.0,1.455,0.0,True,1.0,1.0
301168.SZ,30,14,16,1.0135,1.0135,1.0135,0.0,0.0,1.0135,0.0,True,1.0,1.0
301170.SZ,32,14,18,1.0225,1.0225,1.0225,0.0,0.0,1.0225,0.0,True,1.0,1.0
301172.SZ,33,14,19,1.4249,1.4249,1.4249,0.0,0.0,1.4249,0.0,True,1.0,1.0
301173.SZ,33,14,19,1.0053,1.0053,1.0053,0.0,0.0,1.0053,0.0,True,1.0,1.0
301176.SZ,33,14,19,1.006499973939825,1.006499973939825,1.006499973939825,0.0,0.0,1.0065,2.60601749069167e-08,True,0.9995032548904419,0.9995032548904419
301178.SZ,25,10,15,1.4224,1.4224,1.4224,0.0,0.0,1.4224,0.0,True,1.0,1.0
301179.SZ,32,14,18,3.2467,3.2467,3.2467,0.0,0.0,3.2467,0.0,True,1.0,1.0
301182.SZ,32,14,18,1.0173000259714429,1.0173000259714429,1.0173000259714429,0.0,0.0,1.0173,-2.597144277416419e-08,True,0.9997050762176514,0.9997050762176514
301183.SZ,34,14,20,1.0044,1.0044,1.0044000043735104,4.373510442690076e-09,4.354351296983349e-09,1.0044,0.0,True,1.0,1.0
301185.SZ,34,14,20,1.0435,1.0435,1.0435,0.0,0.0,1.0435,0.0,True,1.0,1.0
301186.SZ,30,14,16,1.0560000099758386,1.0559999825361839,1.0560000099758386,2.7439654770589073e-08,2.5984521317586818e-08,1.056,-9.975838599629583e-09,True,0.9942234754562378,0.9942234754562378
301187.SZ,31,14,17,1.6088,1.6088,1.6088,0.0,0.0,1.6088,0.0,True,1.0,1.0
301188.SZ,29,14,15,1.0342,1.0342,1.0342,0.0,0.0,1.0342,0.0,True,1.0,1.0
301189.SZ,29,14,15,1.016299973336933,1.016299973336933,1.016299973336933,0.0,0.0,1.0163,2.666306708754007e-08,True,0.9997048377990723,0.9997048377990723
301190.SZ,31,14,17,1.0317,1.0317,1.0317000209817555,2.098175544418268e-08,2.0337070315191122e-08,1.0317,0.0,True,0.9939904808998108,1.0
301191.SZ,32,14,18,1.3463,1.3463,1.3463,0.0,0.0,1.3463,0.0,True,1.0,1.0
301192.SZ,33,14,19,1.0349,1.0349,1.0349,0.0,0.0,1.0349,0.0,True,1.0,1.0
301193.SZ,31,14,17,1.645,1.645,1.645,0.0,0.0,1.645,0.0,True,1.0,1.0
301195.SZ,30,14,16,1.5771,1.5771,1.5771,0.0,0.0,1.5771,0.0,True,1.0,1.0
301196.SZ,31,14,17,1.1026000000483949,1.1025999861268951,1.1026000000483949,1.3921499730784603e-08,1.2626065418260083e-08,1.1026,-4.83948436880155e-11,True,0.9853074550628662,0.9853074550628662
301199.SZ,33,14,19,1.4209000145248178,1.4209000145248178,1.4209000145248178,0.0,0.0,1.4209,-1.452481779296022e-08,True,0.9971848726272583,0.9971848726272583
301203.SZ,31,14,17,1.1434,1.1433999817108758,1.1434,1.8289124215087327e-08,1.5995385879908455e-08,1.1655,0.02210000000000001,False,0.9790099859237671,1.0
301205.SZ,33,14,19,1.8075,1.8075,1.8075,0.0,0.0,1.8075,0.0,True,1.0,1.0
301207.SZ,30,14,16,1.6315999781105637,1.6315999781105637,1.6315999781105637,0.0,0.0,1.6316,2.1889436263577977e-08,True,0.9715616703033447,0.9715616703033447
301209.SZ,34,14,20,1.4254,1.4254,1.4254,0.0,0.0,1.4254,0.0,True,1.0,1.0
301210.SZ,29,14,15,1.4202000359526519,1.4202000359526519,1.4202000359526519,0.0,0.0,1.4202,-3.595265196665309e-08,True,0.9947190284729004,0.9947190284729004
301211.SZ,33,14,19,1.8629999550466374,1.8629999550466374,1.8629999550466374,0.0,0.0,1.863,4.495336258791838e-08,True,0.6894793510437012,0.6894793510437012
301212.SZ,34,14,20,1.0303,1.0303,1.0303,0.0,0.0,1.0303,0.0,True,1.0,1.0
301213.SZ,34,14,20,1.0113,1.0113,1.0113,0.0,0.0,1.0113,0.0,True,1.0,1.0
301215.SZ,29,14,15,1.0452000260492718,1.0452000260492718,1.0452000260492718,0.0,0.0,1.0452,-2.6049271850681066e-08,True,0.9939724206924438,0.9939724206924438
301217.SZ,30,14,16,1.0255999960876465,1.0255999960876465,1.0255999960876465,0.0,0.0,1.0256,3.912353552237846e-09,True,0.9994149804115295,0.9994149804115295
301218.SZ,30,14,16,1.5126,1.5126,1.5126,0.0,0.0,1.5126,0.0,True,1.0,1.0
301219.SZ,33,14,19,2.593700061077951,2.593700061077951,2.593700061077951,0.0,0.0,2.5937,-6.10779506970971e-08,True,0.9857346415519714,0.9857346415519714
301221.SZ,33,14,19,1.02,1.0199999997606428,1.02,2.3935720072643107e-10,2.3466392228081476e-10,1.02,0.0,True,1.0,1.0
301222.SZ,28,14,14,1.0648,1.0648,1.0648,0.0,0.0,1.0648,0.0,True,1.0,1.0
301223.SZ,29,14,15,1.0549,1.0549,1.0549,0.0,0.0,1.0549,0.0,True,1.0,1.0
301228.SZ,29,14,15,1.01,1.01,1.01,0.0,0.0,1.01,0.0,True,1.0,1.0
301229.SZ,28,14,14,1.9944000483747726,1.9944000483747726,1.9944000483747726,0.0,0.0,1.9944,-4.8374772632087115e-08,True,0.9975430965423584,0.9975430965423584
301235.SZ,29,14,15,1.0141,1.0141,1.0141,0.0,0.0,1.0141,0.0,True,1.0,1.0
301237.SZ,29,14,15,1.0632,1.0632,1.0632,0.0,0.0,1.0632,0.0,True,1.0,1.0
301238.SZ,28,14,14,1.027800013451332,1.027800013451332,1.027800013451332,0.0,0.0,1.0278,-1.345133204821991e-08,True,0.9952325224876404,0.9952325224876404
301246.SZ,31,14,17,1.0089,1.008899973972701,1.0089,2.60272989827115e-08,2.5797699457539402e-08,1.0089,0.0,True,1.0,1.0
301248.SZ,33,14,19,1.5300999760515186,1.5300999760515186,1.5300999760515186,0.0,0.0,1.5301,2.394848142017736e-08,True,0.999281108379364,0.999281108379364
301252.SZ,31,14,17,2.1561,2.1561,2.1561,0.0,0.0,2.1561,0.0,True,1.0,1.0
301255.SZ,29,14,15,2.3409,2.3409,2.3409,0.0,0.0,2.3409,0.0,True,1.0,1.0
301256.SZ,30,14,16,1.0648999705846687,1.0648999705846687,1.0648999705846687,0.0,0.0,1.0649,2.9415331281867907e-08,True,0.9963377118110657,0.9963377118110657
301257.SZ,28,14,14,1.3218999615385374,1.3218999615385374,1.321899973548523,1.2009985672634116e-08,9.085396794062914e-09,1.3219,3.846146268138284e-08,True,0.9984870553016663,0.9984870553016663
301259.SZ,29,14,15,1.32,1.32,1.32,0.0,0.0,1.32,0.0,True,1.0,1.0
301261.SZ,34,14,20,1.0262000106214755,1.0262000067048007,1.0262000106214755,3.916674762294292e-09,3.8166777643300945e-09,1.0262,-1.0621475476924047e-08,True,0.9955174326896667,0.9955174326896667
301267.SZ,32,14,18,1.5396999539845968,1.5396999539845968,1.5397000091343207,5.5149723898750835e-08,3.581848772290251e-08,1.5397,4.601540326554243e-08,True,0.9840229153633118,0.9840229153633118
301268.SZ,31,14,17,1.025,1.025,1.025,0.0,0.0,1.025,0.0,True,1.0,1.0
301269.SZ,32,14,18,1.0041,1.0041,1.0041,0.0,0.0,1.0041,0.0,True,1.0,1.0
301270.SZ,30,14,16,1.0257,1.0257,1.0257,0.0,0.0,1.0257,0.0,True,1.0,1.0
301272.SZ,31,14,17,1.0313999843547623,1.0313999843547623,1.0313999843547623,0.0,0.0,1.0314,1.564523777197735e-08,True,0.9981578588485718,0.9981578588485718
301273.SZ,30,14,16,1.018,1.018,1.018,0.0,0.0,1.018,0.0,True,1.0,1.0
301276.SZ,34,14,20,1.2984,1.2984,1.2984,0.0,0.0,1.2984,0.0,True,1.0,1.0
301280.SZ,30,14,16,2.2406,2.2406,2.2406,0.0,0.0,2.2406,0.0,True,1.0,1.0
301281.SZ,32,14,18,1.4388,1.4388,1.4388,0.0,0.0,1.4388,0.0,True,1.0,1.0
301282.SZ,33,14,19,1.0386999744414815,1.0386999744414815,1.0386999744414815,0.0,0.0,1.0387,2.5558518412793774e-08,True,0.9939347505569458,0.9939347505569458
301283.SZ,28,14,14,1.073300008112711,1.073300008112711,1.073300008112711,0.0,0.0,1.0733,-8.112711169516729e-09,True,0.9955278038978577,0.9955278038978577
301285.SZ,33,14,19,1.0065,1.006499981823297,1.0065,1.8176703031613783e-08,1.805931746807132e-08,1.0065,0.0,True,0.9985097050666809,0.9985097050666809
301286.SZ,31,14,17,1.0079,1.0079,1.0079,0.0,0.0,1.0079,0.0,True,1.0,1.0
301287.SZ,28,14,14,1.0284000033528573,1.0284000033528573,1.0284000033528573,0.0,0.0,1.0284,-3.3528573251118132e-09,True,0.9955270290374756,0.9955270290374756
301288.SZ,30,14,16,1.013200016406437,1.013200016406437,1.013200016406437,0.0,0.0,1.0132,-1.6406436875726627e-08,True,0.9998025894165039,0.9998025894165039
301291.SZ,29,14,15,1.0437999715819064,1.0437999715819064,1.0437999951098715,2.3527965131719952e-08,2.254068382092663e-08,1.0438,2.8418093656057408e-08,True,0.9983713626861572,0.9983713626861572
301293.SZ,34,14,20,1.3063,1.3062999812206775,1.3063,1.8779322541462307e-08,1.437596458812088e-08,1.3063,0.0,True,0.9969379305839539,0.9969379305839539
301295.SZ,31,14,17,1.441,1.441,1.441,0.0,0.0,1.441,0.0,True,1.0,1.0
301296.SZ,28,14,14,1.0152,1.0152,1.0152000043183325,4.318332358366206e-09,4.2536764759320384e-09,1.0152,0.0,True,1.0,1.0
301299.SZ,34,14,20,1.1079999893338668,1.1079999893338668,1.1079999893338668,0.0,0.0,1.108,1.0666133309911174e-08,True,0.9879963994026184,0.9879963994026184
301301.SZ,29,14,15,1.0458,1.0458,1.0458,0.0,0.0,1.0458,0.0,True,1.0,1.0
301303.SZ,29,14,15,1.4895000237249547,1.4895000237249547,1.4895000237249547,0.0,0.0,1.4895,-2.3724954667514453e-08,True,0.9936220049858093,0.9936220049858093
301305.SZ,33,14,19,1.0267999904889114,1.0267999904889114,1.0267999904889114,0.0,0.0,1.0268,9.511088583380456e-09,True,0.9901636242866516,0.9901636242866516
301306.SZ,34,14,20,1.004,1.004,1.004,0.0,0.0,1.004,0.0,True,1.0,1.0
301307.SZ,29,14,15,1.0054,1.0054,1.0054,0.0,0.0,1.0054,0.0,True,1.0,1.0
301309.SZ,29,14,15,1.0462,1.046199980182821,1.0462,1.9817179008896346e-08,1.8942056020738238e-08,1.0462,0.0,True,1.0,1.0
301312.SZ,34,14,20,3.0176,3.0176,3.0176,0.0,0.0,3.0176,0.0,True,1.0,1.0
301313.SZ,31,14,17,1.0110999817174475,1.0110999817174475,1.0110999817174475,0.0,0.0,1.0111,1.8282552582959966e-08,True,0.9999011158943176,0.9999011158943176
301315.SZ,34,14,20,1.0155,1.0155,1.0155,0.0,0.0,1.0155,0.0,True,1.0,1.0
301316.SZ,28,14,14,1.0098,1.0098,1.0098,0.0,0.0,1.0098,0.0,True,1.0,1.0
301318.SZ,34,14,20,2.013,2.013,2.013,0.0,0.0,2.013,0.0,True,1.0,1.0
301319.SZ,32,14,18,2.2404,2.2404,2.2404,0.0,0.0,2.2404,0.0,True,1.0,1.0
301320.SZ,31,14,17,1.0223,1.0223,1.0223,0.0,0.0,1.0223,0.0,True,1.0,1.0
301321.SZ,28,14,14,1.5145000123720485,1.5145000123720485,1.5145000123720485,0.0,0.0,1.5145,-1.2372048496800403e-08,True,0.9996698498725891,0.9996698498725891
301322.SZ,30,14,16,2.2701,2.2701,2.2701,0.0,0.0,2.2701,0.0,True,1.0,1.0
301325.SZ,29,14,15,1.216,1.216,1.216,0.0,0.0,1.216,0.0,True,1.0,1.0
301327.SZ,29,14,15,1.8891,1.8891,1.8891,0.0,0.0,1.8891,0.0,True,1.0,1.0
301329.SZ,29,14,15,1.0422000130003197,1.0422000130003197,1.042200015051654,2.05133421360415e-09,1.968273064686213e-09,1.0422,-1.300031970963289e-08,True,0.9949145913124084,0.9949145913124084
301330.SZ,29,14,15,1.6264,1.6264,1.6264,0.0,0.0,1.6264,0.0,True,1.0,1.0
301333.SZ,29,14,15,1.6199,1.6199,1.619900018298892,1.8298892179302584e-08,1.129630975943119e-08,1.6199,0.0,True,1.0,1.0
301336.SZ,32,14,18,1.0148,1.0148,1.0148,0.0,0.0,1.0148,0.0,True,1.0,1.0
301337.SZ,30,14,16,1.0122,1.0122,1.0122,0.0,0.0,1.0122,0.0,True,1.0,1.0
301338.SZ,30,14,16,1.4284,1.4284,1.4284,0.0,0.0,1.4284,0.0,True,1.0,1.0
301339.SZ,34,14,20,1.4668999975485217,1.4668999975485217,1.4668999975485217,0.0,0.0,1.4669,2.451478353648895e-09,True,0.9895698428153992,0.9895698428153992
301345.SZ,30,14,16,1.0928000145960237,1.0928000145960237,1.0928000145960237,0.0,0.0,1.0928,-1.4596023723001395e-08,True,0.9931368827819824,0.9931368827819824
301348.SZ,33,14,19,1.2186,1.2186,1.218600025784073,2.578407309883346e-08,2.1158766698533943e-08,1.2186,0.0,True,1.0,1.0
301349.SZ,34,14,20,1.533,1.533,1.533,0.0,0.0,1.533,0.0,True,1.0,1.0
301353.SZ,28,14,14,1.3288,1.3288,1.3288,0.0,0.0,1.3288,0.0,True,1.0,1.0
301355.SZ,30,14,16,1.0345,1.0344999978240121,1.0345,2.1759878343630135e-09,2.1034198495534206e-09,1.0345,0.0,True,1.0,1.0
301357.SZ,34,14,20,1.418,1.418,1.418,0.0,0.0,1.418,0.0,True,1.0,1.0
301359.SZ,30,14,16,1.4772,1.4772,1.4772,0.0,0.0,1.4772,0.0,True,1.0,1.0
301360.SZ,28,14,14,1.0147,1.0147,1.0147,0.0,0.0,1.0147,0.0,True,1.0,1.0
301363.SZ,28,14,14,1.4308000408493677,1.4308000408493677,1.4308000408493677,0.0,0.0,1.4308,-4.0849367666240255e-08,True,0.9962957501411438,0.9962957501411438
301365.SZ,32,14,18,1.638000048084174,1.638000048084174,1.638000048084174,0.0,0.0,1.638,-4.8084174197882135e-08,True,0.9852258563041687,0.9852258563041687
301370.SZ,32,14,18,1.0197,1.0197,1.0197,0.0,0.0,1.0197,0.0,True,1.0,1.0
301371.SZ,29,14,15,1.3986,1.3986,1.3986,0.0,0.0,1.3986,0.0,True,1.0,1.0
301372.SZ,32,14,18,1.01,1.01,1.01,0.0,0.0,1.01,0.0,True,1.0,1.0
301376.SZ,34,14,20,1.0445999893948612,1.0445999893948612,1.0445999893948612,0.0,0.0,1.0446,1.0605138767161293e-08,True,0.9891824722290039,0.9891824722290039
301377.SZ,32,14,18,1.0382000235534046,1.0382000235534046,1.0382000235534046,0.0,0.0,1.0405,0.0022999764465954087,False,0.9960508346557617,0.9960508346557617
301378.SZ,31,14,17,2.1560999835602765,2.1560999835602765,2.1560999835602765,0.0,0.0,2.1561,1.6439723360406333e-08,True,0.9999536275863647,0.9999536275863647
301380.SZ,30,14,16,1.4967,1.4967,1.4967,0.0,0.0,1.4967,0.0,True,1.0,1.0
301381.SZ,32,14,18,1.0418000309547144,1.0418000309547144,1.0418000309547144,0.0,0.0,1.0418,-3.095471434733099e-08,True,0.9897292852401733,0.9897292852401733
301383.SZ,31,14,17,1.4287,1.4286999985666617,1.4287,1.4333383369091734e-09,1.0032465436474932e-09,1.4287,0.0,True,1.0,1.0
301387.SZ,33,14,19,1.4427,1.4427,1.4427000407517716,4.0751771512859136e-08,2.824687843131568e-08,1.4427,0.0,True,1.0,1.0
301388.SZ,30,14,16,1.0426,1.0426,1.042600008597158,8.59715809653494e-09,8.245883461092404e-09,1.0426,0.0,True,1.0,1.0
301390.SZ,33,14,19,1.0158000288088496,1.0158,1.0158000288088496,2.8808849528161318e-08,2.8360748878835174e-08,1.0158,-2.8808849528161318e-08,True,0.9972435235977173,0.9972435235977173
301393.SZ,32,14,18,1.0179999782287408,1.0179999782287408,1.0179999782287408,0.0,0.0,1.018,2.1771259239855567e-08,True,0.997642457485199,0.997642457485199
301395.SZ,28,14,14,1.7814,1.7814,1.7814000476478786,4.7647878531620336e-08,2.6747433777714345e-08,1.7814,0.0,True,1.0,1.0
301396.SZ,28,14,14,1.7074999711711267,1.7074999711711267,1.7074999711711267,0.0,0.0,1.7075,2.8828873288588852e-08,True,0.9992386698722839,0.9992386698722839
301397.SZ,31,14,17,1.6465,1.6464999378167984,1.6465,6.218320169892877e-08,3.7766900515595974e-08,1.6465,0.0,True,0.7535985708236694,1.0
301399.SZ,33,14,19,2.1928,2.1928,2.1928,0.0,0.0,2.1928,0.0,True,1.0,1.0
301408.SZ,33,14,19,1.0175,1.0175,1.017500021578329,2.15783289014837e-08,2.1207202851581032e-08,1.0175,0.0,True,1.0,1.0
301429.SZ,34,14,20,1.0524999835668403,1.0524999835668403,1.0524999835668403,0.0,0.0,1.0525,1.643315972188475e-08,True,0.9938242435455322,0.9938242435455322
301439.SZ,32,14,18,1.0517,1.0517,1.0517,0.0,0.0,1.0517,0.0,True,1.0,1.0
301446.SZ,34,14,20,1.3321000165888566,1.3321000165888566,1.3321000165888566,0.0,0.0,1.3321,-1.658885651067976e-08,True,0.9970722794532776,0.9970722794532776
301456.SZ,30,14,16,1.0261,1.0261,1.0261,0.0,0.0,1.0261,0.0,True,1.0,1.0
301458.SZ,30,14,16,1.0065,1.0065,1.0065,0.0,0.0,1.0065,0.0,True,1.0,1.0
301479.SZ,33,14,19,1.4145,1.4145,1.4145,0.0,0.0,1.4145,0.0,True,1.0,1.0
301487.SZ,34,14,20,1.001,1.001,1.001,0.0,0.0,1.001,0.0,True,1.0,1.0
301489.SZ,30,14,16,1.41,1.41,1.41,0.0,0.0,1.41,0.0,True,1.0,1.0
301498.SZ,29,14,15,1.0120000290663766,1.0120000290663766,1.0120000290663766,0.0,0.0,1.012,-2.9066376638908764e-08,True,0.9974308013916016,0.9974308013916016
301501.SZ,32,14,18,1.4584,1.4584,1.4584,0.0,0.0,1.4584,0.0,True,1.0,1.0
301503.SZ,29,14,15,1.043900008983116,1.043900008983116,1.043900008983116,0.0,0.0,1.0439,-8.98311602881563e-09,True,0.9926238059997559,0.9926238059997559
301505.SZ,25,10,15,1.3474999950943094,1.3474999950943094,1.3474999950943094,0.0,0.0,1.3475,4.905690520473627e-09,True,0.9987384080886841,0.9987384080886841
301510.SZ,30,14,16,1.0029,1.0028999889935393,1.0029,1.100646063179056e-08,1.0974634192631928e-08,1.0029,0.0,True,0.9986040592193604,1.0
301511.SZ,28,14,14,1.404,1.404,1.404,0.0,0.0,1.404,0.0,True,1.0,1.0
301515.SZ,34,14,20,1.0249999698602386,1.0249999698602386,1.025,3.0139761353353833e-08,2.9404646087417417e-08,1.025,3.0139761353353833e-08,True,0.9943414926528931,0.9943414926528931
301516.SZ,30,14,16,1.01,1.01,1.01,0.0,0.0,1.01,0.0,True,1.0,1.0
301519.SZ,32,14,18,1.0194000164189658,1.0194,1.0194000164189658,1.641896574255952e-08,1.610649938994257e-08,1.0194,-1.641896574255952e-08,True,0.9932312965393066,0.9932312965393066
301520.SZ,34,14,20,1.0204,1.0204,1.0204,0.0,0.0,1.0204,0.0,True,1.0,1.0
301525.SZ,30,14,16,1.0162000132081666,1.0162000132081666,1.0162000231371728,9.929006283826425e-09,9.770720482949341e-09,1.0162,-1.320816656047441e-08,True,0.9991143345832825,0.9991143345832825
301526.SZ,29,14,15,1.0092,1.0092,1.0092,0.0,0.0,1.0092,0.0,True,1.0,1.0
301528.SZ,32,14,18,1.0063,1.0063,1.0063,0.0,0.0,1.0063,0.0,True,1.0,1.0
301529.SZ,33,14,19,1.0202999702734519,1.0202999702734519,1.0202999702734519,0.0,0.0,1.0203,2.972654811195241e-08,True,0.9981378316879272,0.9981378316879272
301538.SZ,30,14,16,1.9874,1.9874,1.9874,0.0,0.0,1.9874,0.0,True,1.0,1.0
301550.SZ,29,14,15,2.139499961280515,2.139499961280515,2.139499961280515,0.0,0.0,2.1395,3.871948495159927e-08,True,0.688572108745575,0.688572108745575
301551.SZ,34,14,20,1.0177000081409415,1.0177000081409415,1.0177000081409415,0.0,0.0,1.0177,-8.140941476497687e-09,True,0.9898791313171387,0.9898791313171387
301557.SZ,32,14,18,1.0154,1.0154,1.0154,0.0,0.0,1.0154,0.0,True,1.0,1.0
301558.SZ,31,14,17,1.014400022897213,1.014400022897213,1.014400022897213,0.0,0.0,1.0144,-2.2897213014516637e-08,True,0.999605655670166,0.999605655670166
301559.SZ,28,14,14,1.0992,1.0992,1.0992,0.0,0.0,1.0992,0.0,True,1.0,1.0
301560.SZ,28,14,14,1.0022999970666808,1.0022999970666808,1.0022999970666808,0.0,0.0,1.0023,2.9333191431391015e-09,True,0.9977052807807922,0.9977052807807922
301577.SZ,31,14,17,1.0229,1.0229,1.0229,0.0,0.0,1.0229,0.0,True,1.0,1.0
301580.SZ,32,14,18,1.4157,1.4157,1.4157,0.0,0.0,1.4157,0.0,True,1.0,1.0
301585.SZ,33,14,19,1.3119,1.3119,1.3119,0.0,0.0,1.3119,0.0,True,1.0,1.0
301586.SZ,31,14,17,1.0092,1.009199985736546,1.0092,1.426345419552888e-08,1.4133426670163376e-08,1.0092,0.0,True,1.0,1.0
301587.SZ,30,14,16,1.0211999821930824,1.0211999821930824,1.0211999821930824,0.0,0.0,1.0212,1.780691771813281e-08,True,0.9948100447654724,0.9948100447654724
301589.SZ,31,14,17,1.8564000551516378,1.8564000551516378,1.8564000551516378,0.0,0.0,1.8564,-5.5151637701200684e-08,True,0.9968756437301636,0.9968756437301636
301591.SZ,34,14,20,1.0171000041364353,1.0171000041364353,1.0171000041364353,0.0,0.0,1.0171,-4.1364354164130646e-09,True,0.9971487522125244,0.9971487522125244
301592.SZ,30,14,16,1.0051,1.0051,1.005100021650979,2.1650978787590702e-08,2.1541119080281266e-08,1.0051,0.0,True,1.0,1.0
301596.SZ,30,14,16,1.412799963411666,1.412799963411666,1.4127999866612244,2.324955850063759e-08,1.6456369693338578e-08,1.4128,3.658833414021956e-08,True,0.9956823587417603,0.9956823587417603
301598.SZ,33,14,19,1.0320000113712569,1.0320000113712569,1.0320000113712569,0.0,0.0,1.032,-1.1371256825043474e-08,True,0.9896317720413208,0.9896317720413208
301600.SZ,32,14,18,1.5186000283426084,1.5186000283426084,1.5186000283426084,0.0,0.0,1.5186,-2.834260848239012e-08,True,0.9959831237792969,0.9959831237792969
301602.SZ,33,14,19,1.004,1.0039999700784692,1.004,2.99215308086076e-08,2.980232152251753e-08,1.004,0.0,True,1.0,1.0
301603.SZ,33,14,19,1.0215999855334255,1.0215999855334255,1.0215999855334255,0.0,0.0,1.0216,1.4466574604909965e-08,True,0.9987275004386902,0.9987275004386902
301606.SZ,32,14,18,1.0233,1.0233,1.0233,0.0,0.0,1.0233,0.0,True,1.0,1.0
301608.SZ,28,14,14,1.0228000210107766,1.0228000210107766,1.0228000210107766,0.0,0.0,1.0228,-2.1010776674046383e-08,True,0.9940359592437744,0.9940359592437744
301611.SZ,28,14,14,1.0033,1.0033,1.0033,0.0,0.0,1.0033,0.0,True,1.0,1.0
301613.SZ,30,14,16,1.5182,1.5182,1.5182,0.0,0.0,1.5182,0.0,True,1.0,1.0
301617.SZ,29,14,15,1.3206000160010927,1.3206000160010927,1.3206000160010927,0.0,0.0,1.3206,-1.6001092673079143e-08,True,0.9968196153640747,0.9968196153640747
301618.SZ,32,14,18,1.4079000371135144,1.4079000371135144,1.4079000371135144,0.0,0.0,1.4079,-3.711351448387745e-08,True,0.9982953071594238,0.9982953071594238
301622.SZ,34,14,20,1.0059,1.0059,1.0059,0.0,0.0,1.0059,0.0,True,1.0,1.0
301626.SZ,30,14,16,1.0079,1.0079,1.0079,0.0,0.0,1.0079,0.0,True,1.0,1.0
301629.SZ,29,14,15,1.0059,1.0059,1.0059,0.0,0.0,1.0059,0.0,True,1.0,1.0
301631.SZ,31,14,17,1.4151,1.4151,1.4151,0.0,0.0,1.4151,0.0,True,1.0,1.0
301633.SZ,31,14,17,1.0136,1.0136,1.0136000208311848,2.083118477713697e-08,2.055168190325273e-08,1.0136,0.0,True,1.0,1.0
301658.SZ,33,14,19,1.0045,1.0044999846426101,1.0045,1.5357389804293575e-08,1.5288591144144924e-08,1.0045,0.0,True,1.0,1.0
301662.SZ,34,14,20,1.0127,1.0127,1.0127,0.0,0.0,1.0127,0.0,True,1.0,1.0
600006.SH,31,14,17,3.7785,3.7785,3.7785,0.0,0.0,3.7785,0.0,True,1.0,1.0
600008.SH,30,14,16,10.2183002916574,10.2183002916574,10.2183002916574,0.0,0.0,10.2183,-2.916574004530048e-07,True,0.9867981672286987,0.9867981672286987
600021.SH,30,14,16,2.3615,2.3615,2.3615,0.0,0.0,2.3615,0.0,True,1.0,1.0
600023.SH,33,14,19,1.9993000589218097,1.9993000259473677,1.9993000589218097,3.29744420657363e-08,1.649299309455274e-08,1.9993,-5.892180965361149e-08,True,0.9395288228988647,0.9904466271400452
600025.SH,30,14,16,1.2316,1.2315999695416184,1.2316,3.045838159465575e-08,2.4730741794946206e-08,1.2316,0.0,True,1.0,1.0
600026.SH,31,14,17,1.8934000376915008,1.8934,1.8934000376915008,3.76915008093448e-08,1.9906781482533184e-08,1.8934,-3.76915008093448e-08,True,0.9795077443122864,0.9795077443122864
600030.SH,30,14,16,6.636900074670929,6.636900074670929,6.636900074670929,0.0,0.0,6.6369,-7.467092899560157e-08,True,0.981105625629425,0.981105625629425
600032.SH,33,14,19,1.0338000139262096,1.0338000139262096,1.0338000139262096,0.0,0.0,1.0338,-1.3926209518899668e-08,True,0.9946798086166382,0.9946798086166382
600037.SH,30,14,16,5.6415,5.6415,5.641500139405013,1.3940501286668905e-07,2.471062888712028e-08,5.6415,0.0,True,1.0,1.0
600051.SH,31,14,17,5.1259,5.1259,5.1259,0.0,0.0,5.1259,0.0,True,1.0,1.0
600052.SH,30,14,16,3.538699988671703,3.538699988671703,3.538699988671703,0.0,0.0,3.5387,1.1328296967150209e-08,True,0.9960154891014099,0.9960154891014099
600053.SH,30,14,16,2.2845000045309445,2.2845000045309445,2.2845000045309445,0.0,0.0,2.2845,-4.530944508474022e-09,True,0.9997811317443848,0.9997811317443848
600057.SH,30,14,16,13.037600205247966,13.037600205247966,13.037600205247966,0.0,0.0,13.0376,-2.0524796617849006e-07,True,0.987835168838501,0.987835168838501
600076.SH,33,14,19,3.265,3.265,3.265,0.0,0.0,3.265,0.0,True,1.0,1.0
600078.SH,29,14,15,6.7429,6.7429,6.7429,0.0,0.0,6.7429,0.0,True,1.0,1.0
600080.SH,30,14,16,5.2472,5.2472,5.247200038172699,3.817269877970375e-08,7.2748701745128355e-09,5.2472,0.0,True,1.0,1.0
600084.SH,32,14,18,7.186400072197165,7.186400072197165,7.186400072197165,0.0,0.0,7.1864,-7.219716469109017e-08,True,0.9999443292617798,0.9999443292617798
600096.SH,34,14,20,2.917900086134238,2.917900086134238,2.917900086134238,0.0,0.0,2.9179,-8.61342379643304e-08,True,0.9922546744346619,0.9922546744346619
600100.SH,34,14,20,21.303399981200343,21.303399981200343,21.303399981200343,0.0,0.0,21.3034,1.879965694229213e-08,True,0.9999812245368958,0.9999812245368958
600110.SH,31,14,17,14.364,14.364,14.364,0.0,0.0,14.364,0.0,True,1.0,1.0
600113.SH,28,14,14,5.0613,5.0613,5.0613,0.0,0.0,5.0755,0.014199999999999768,False,1.0,1.0
600114.SH,34,14,20,6.8812,6.8812,6.8812,0.0,0.0,6.8812,0.0,True,1.0,1.0
600117.SH,34,14,20,2.75,2.75,2.75,0.0,0.0,2.75,0.0,True,1.0,1.0
600119.SH,33,14,19,2.945,2.945,2.945,0.0,0.0,2.945,0.0,True,1.0,1.0
600126.SH,29,14,15,5.9523998490947445,5.9523998490947445,5.9523998490947445,0.0,0.0,5.9524,1.5090525540273347e-07,True,0.9999328255653381,0.9999328255653381
600133.SH,33,14,19,4.6217,4.6217,4.621700053637683,5.3637683627982824e-08,1.1605617765753474e-08,4.6217,0.0,True,1.0,1.0
600148.SH,31,14,17,2.8663,2.8663,2.8663,0.0,0.0,2.8663,0.0,True,1.0,1.0
600149.SH,34,14,20,2.889199935503311,2.889199935503311,2.889199935503311,0.0,0.0,2.8892,6.449668932262398e-08,True,0.9999307990074158,0.9999307990074158
600165.SH,32,14,18,5.2171001069483935,5.2171001069483935,5.2171001069483935,0.0,0.0,5.2171,-1.0694839325253724e-07,True,0.9530198574066162,0.9530198574066162
600167.SH,32,14,18,4.457,4.457,4.457,0.0,0.0,4.457,0.0,True,1.0,1.0
600172.SH,31,14,17,9.345,9.345,9.345,0.0,0.0,9.345,0.0,True,1.0,1.0
600182.SH,28,14,14,1.303600003445815,1.303600003445815,1.3036000079157501,4.46993508873561e-09,3.428916137557686e-09,1.3036,-3.445814966696048e-09,True,0.9479134678840637,0.9479134678840637
600185.SH,32,14,18,7.304100132407573,7.304100132407573,7.304100132407573,0.0,0.0,7.3041,-1.3240757290589045e-07,True,0.9999862909317017,0.9999862909317017
600186.SH,32,14,18,5.446,5.446,5.446,0.0,0.0,5.446,0.0,True,1.0,1.0
600187.SH,33,14,19,4.558,4.558,4.558,0.0,0.0,4.558,0.0,True,1.0,1.0
600189.SH,28,14,14,2.744,2.744,2.744,0.0,0.0,2.744,0.0,True,1.0,1.0
600191.SH,33,14,19,2.555,2.555,2.555,0.0,0.0,2.555,0.0,True,1.0,1.0
600199.SH,30,14,16,4.72,4.72,4.72,0.0,0.0,4.72,0.0,True,1.0,1.0
600202.SH,34,14,20,4.9812999580194965,4.9812999580194965,4.9813,4.1980503517891066e-08,8.427620073411921e-09,4.9813,4.1980503517891066e-08,True,0.9982735514640808,0.9982735514640808
600206.SH,33,14,19,4.3357,4.3357,4.335700017947878,1.7947877850588156e-08,4.139557130472163e-09,4.3357,0.0,True,1.0,1.0
600212.SH,29,14,15,2.718400050266034,2.718400050266034,2.718400050266034,0.0,0.0,2.7184,-5.026603400182239e-08,True,0.9998528361320496,0.9998528361320496
600217.SH,28,14,14,4.5532,4.5532,4.5532,0.0,0.0,4.5532,0.0,True,1.0,1.0
600219.SH,30,14,16,8.562699875176264,8.562699875176264,8.562699875176264,0.0,0.0,8.5627,1.2482373534794533e-07,True,0.9374963641166687,0.9374963641166687
600222.SH,34,14,20,4.127099921271072,4.127099921271072,4.127099921271072,0.0,0.0,4.1271,7.872892826554789e-08,True,0.9985219836235046,0.9985219836235046
600226.SH,31,14,17,28.613,28.613,28.613,0.0,0.0,28.613,0.0,True,1.0,1.0
600228.SH,32,14,18,2.169,2.169,2.169,0.0,0.0,2.169,0.0,True,1.0,1.0
600229.SH,33,14,19,1.7003999612144078,1.7003999612144078,1.7004,3.878559207137755e-08,2.2809687694698184e-08,1.7004,3.878559207137755e-08,True,0.9902964234352112,0.9902964234352112
600232.SH,32,14,18,3.3605,3.3605,3.3605,0.0,0.0,3.3605,0.0,True,1.0,1.0
600234.SH,29,14,15,2.353,2.353,2.353,0.0,0.0,2.353,0.0,True,1.0,1.0
600238.SH,33,14,19,4.012,4.012,4.012,0.0,0.0,4.012,0.0,True,1.0,1.0
600239.SH,29,14,15,19.1733999882934,19.1733999882934,19.1733999882934,0.0,0.0,19.1734,1.1706600133720713e-08,True,0.9999791383743286,0.9999791383743286
600243.SH,33,14,19,1.597,1.597,1.597,0.0,0.0,1.597,0.0,True,1.0,1.0
600250.SH,32,14,18,2.7104000038152605,2.7104000038152605,2.7104000038152605,0.0,0.0,2.7104,-3.8152605519314875e-09,True,0.9998524188995361,0.9998524188995361
600251.SH,33,14,19,9.493399794573973,9.493399794573973,9.493399794573973,0.0,0.0,9.4934,2.054260264117147e-07,True,0.9879074096679688,0.9879074096679688
600256.SH,34,14,20,60.88810128940096,60.8881,60.88810128940096,1.2894009557840036e-06,2.1176566988934093e-08,60.8881,-1.2894009557840036e-06,True,0.8996716737747192,0.8996716737747192
600257.SH,34,14,20,6.544299964348827,6.544299964348827,6.544299964348827,0.0,0.0,6.5443,3.565117268067297e-08,True,0.9999541640281677,0.9999541640281677
600265.SH,33,14,19,1.6591999677619227,1.6591999677619227,1.6591999677619227,0.0,0.0,1.6592,3.2238077318780256e-08,True,0.9998794794082642,0.9998794794082642
600273.SH,32,14,18,2.1601000393009313,2.1601000393009313,2.1601000393009313,0.0,0.0,2.1601,-3.930093139814517e-08,True,0.9779176712036133,0.9779176712036133
600278.SH,34,14,20,2.3387999703794895,2.33879996540884,2.3387999753501387,9.94129889519968e-09,4.2505981790253835e-09,2.3388,2.9620510488825857e-08,True,0.987001895904541,0.987001895904541
600280.SH,34,14,20,11.473,11.473,11.473,0.0,0.0,11.473,0.0,True,1.0,1.0
600289.SH,31,14,17,7.365399939974863,7.365399939974863,7.365399939974863,0.0,0.0,7.3654,6.00251368609861e-08,True,0.9999457001686096,0.9999457001686096
600300.SH,32,14,18,7.9029,7.9029,7.9029,0.0,0.0,7.9029,0.0,True,1.0,1.0
600301.SH,34,14,20,1.7643999479414236,1.7643999479414236,1.7643999479414236,0.0,0.0,1.7644,5.205857633860944e-08,True,0.9997733235359192,0.9997733235359192
600303.SH,33,14,19,6.606,6.606,6.606,0.0,0.0,6.606,0.0,True,1.0,1.0
600309.SH,32,14,18,42.0531,42.0531,42.0531,0.0,0.0,42.0531,0.0,True,1.0,1.0
600310.SH,34,14,20,10.4755,10.4755,10.4755,0.0,0.0,10.4755,0.0,True,1.0,1.0
600318.SH,28,14,14,3.1874999310756897,3.1874999310756897,3.1874999310756897,0.0,0.0,3.1875,6.892431025917745e-08,True,0.9979608058929443,0.9979608058929443
600332.SH,32,14,18,1.726100017749399,1.726100017749399,1.726100030195897,1.2446498054430322e-08,7.210762949101218e-09,1.7261,-1.7749399061628424e-08,True,0.9849371314048767,0.9849371314048767
600335.SH,29,14,15,5.748300078262006,5.74829984095036,5.748300078262006,2.373116458898039e-07,4.128379567156398e-08,5.7483,-7.826200576488418e-08,True,0.9951115846633911,0.9951115846633911
600338.SH,29,14,15,1.9033999862374258,1.9033999862374258,1.9034,1.3762574191389376e-08,7.230521325470191e-09,1.9034,1.3762574191389376e-08,True,0.9961122274398804,0.9961122274398804
600340.SH,32,14,18,24.438,24.438,24.438,0.0,0.0,24.438,0.0,True,1.0,1.0
600353.SH,29,14,15,10.7061,10.7061,10.7061,0.0,0.0,10.7061,0.0,True,1.0,1.0
600354.SH,33,14,19,2.983500059256949,2.983500059256949,2.983500059256949,0.0,0.0,2.9835,-5.925694912534141e-08,True,0.9998323917388916,0.9998323917388916
600360.SH,34,14,20,7.945199844396562,7.9451998285592556,7.945199860233868,3.167461226638579e-08,3.986635061007894e-09,7.9452,1.556034376903881e-07,True,0.9921084642410278,0.9921084642410278
600365.SH,33,14,19,2.6351999503097976,2.6351999503097976,2.6351999503097976,0.0,0.0,2.6352,4.969020261924584e-08,True,0.9999241232872009,0.9999241232872009
600372.SH,29,14,15,3.127099994543236,3.127099994543236,3.127099994543236,0.0,0.0,3.1271,5.456763929601038e-09,True,0.9983690977096558,0.9983690977096558
600373.SH,33,14,19,5.6618,5.6618,5.6618,0.0,0.0,5.6618,0.0,True,1.0,1.0
600375.SH,31,14,17,3.9883,3.9883,3.9883,0.0,0.0,3.9883,0.0,True,1.0,1.0
600378.SH,31,14,17,3.8825,3.8824998881484,3.8825,1.1185159998206018e-07,2.880916934502516e-08,3.8825,0.0,True,1.0,1.0
600379.SH,33,14,19,2.8443999446338406,2.8443999446338406,2.8443999446338406,0.0,0.0,2.8444,5.536615921286625e-08,True,0.9977499842643738,0.9977499842643738
600380.SH,30,14,16,11.98519965852089,11.98519965852089,11.9852,3.414791098776959e-07,2.8491733104748153e-08,11.9852,3.414791098776959e-07,True,0.9837549924850464,0.9837549924850464
600381.SH,33,14,19,1.01919998588285,1.01919998588285,1.01919998588285,0.0,0.0,1.0192,1.4117150115566801e-08,True,0.9998037815093994,0.9998037815093994
600382.SH,33,14,19,7.221000197913819,7.221000075659263,7.221000197913819,1.2225455581216238e-07,1.6930418565489348e-08,7.221,-1.9791381866696156e-07,True,0.9604902267456055,0.9604902267456055
600388.SH,30,14,16,9.41,9.41,9.41,0.0,0.0,9.41,0.0,True,1.0,1.0
600390.SH,30,14,16,6.764300040031197,6.764300040031197,6.764300040031197,0.0,0.0,6.7643,-4.003119613571471e-08,True,0.9983442425727844,0.9983442425727844
600396.SH,32,14,18,6.566,6.566,6.566,0.0,0.0,6.566,0.0,True,1.0,1.0
600397.SH,34,14,20,3.985200005674647,3.985200005674647,3.985200005674647,0.0,0.0,3.9852,-5.674646974540565e-09,True,0.9999498128890991,0.9999498128890991
600398.SH,31,14,17,11.5324,11.5324,11.532400031174515,3.117451363721102e-08,2.7032112688782057e-09,11.5324,0.0,True,0.9758679866790771,1.0
600399.SH,32,14,18,3.4898,3.4898,3.4898,0.0,0.0,3.4898,0.0,True,1.0,1.0
600403.SH,33,14,19,6.187,6.187,6.187,0.0,0.0,6.187,0.0,True,1.0,1.0
600406.SH,31,14,17,52.082300020514445,52.082300020514445,52.08230064284114,6.22326695065567e-07,1.1948909606919084e-08,52.0823,-2.0514448806352448e-08,True,0.9933893084526062,0.9933893084526062
600408.SH,33,14,19,4.214,4.214,4.214,0.0,0.0,4.214,0.0,True,1.0,1.0
600416.SH,34,14,20,3.428,3.428,3.428,0.0,0.0,3.428,0.0,True,1.0,1.0
600419.SH,29,14,15,3.3685,3.3684999575473196,3.3685,4.2452680482085725e-08,1.2602844138959693e-08,3.3685,0.0,True,1.0,1.0
600422.SH,34,14,20,10.995400246247728,10.9954,10.995400246247728,2.462477279863151e-07,2.2395521988419585e-08,10.9954,-2.462477279863151e-07,True,0.9797278642654419,0.9797278642654419
600433.SH,34,14,20,7.2314,7.2314,7.2314,0.0,0.0,7.2314,0.0,True,1.0,1.0
600446.SH,32,14,18,16.7085,16.7085,16.7085,0.0,0.0,16.7085,0.0,True,1.0,1.0
600449.SH,34,14,20,4.4776,4.4776,4.4776,0.0,0.0,4.4776,0.0,True,1.0,1.0
600455.SH,32,14,18,1.13,1.13,1.13,0.0,0.0,1.13,0.0,True,1.0,1.0
600463.SH,30,14,16,2.934299949909097,2.934299949909097,2.934299949909097,0.0,0.0,2.9343,5.009090298102592e-08,True,0.9998977780342102,0.9998977780342102
600468.SH,33,14,19,12.493,12.493,12.493,0.0,0.0,12.493,0.0,True,1.0,1.0
600469.SH,30,14,16,2.8815,2.8815,2.8815,0.0,0.0,2.8815,0.0,True,1.0,1.0
600470.SH,32,14,18,2.4363999379533006,2.4363999379533006,2.4363999379533006,0.0,0.0,2.4364,6.20466993339619e-08,True,0.9998358488082886,0.9998358488082886
600475.SH,34,14,20,5.252199933093839,5.252199933093839,5.252199958756568,2.566272971904482e-08,4.886091551341238e-09,5.2522,6.690616149995776e-08,True,0.9708693623542786,0.9708693623542786
600477.SH,34,14,20,34.33729999513856,34.33729929977715,34.33729999513856,6.953614075655423e-07,2.0250905215727238e-08,34.3373,4.861441027514957e-09,True,0.9784024953842163,0.9784024953842163
600486.SH,31,14,17,5.231199864458881,5.231199864458881,5.231199899912759,3.5453878055591304e-08,6.7773893130077684e-09,5.2312,1.3554111966129767e-07,True,0.9861026406288147,0.9861026406288147
600491.SH,31,14,17,10.934,10.934,10.934,0.0,0.0,10.934,0.0,True,1.0,1.0
600506.SH,31,14,17,1.327,1.327,1.327,0.0,0.0,1.327,0.0,True,1.0,1.0
600512.SH,33,14,19,6.6506,6.6506,6.6506000023572724,2.3572725993403765e-09,3.5444510259831843e-10,6.6506,0.0,True,1.0,1.0
600515.SH,29,14,15,3.273300069779594,3.273300069779594,3.273300069779594,0.0,0.0,3.2733,-6.977959410292556e-08,True,0.9999083280563354,0.9999083280563354
600518.SH,34,14,20,48.081300916230454,48.081300916230454,48.081300916230454,0.0,0.0,48.0813,-9.162304550613953e-07,True,0.9999937415122986,0.9999937415122986
600520.SH,31,14,17,2.342,2.342,2.342,0.0,0.0,2.342,0.0,True,1.0,1.0
600525.SH,29,14,15,12.706,12.706,12.706,0.0,0.0,12.706,0.0,True,1.0,1.0
600535.SH,34,14,20,13.531499964925944,13.531499964925944,13.531499964925944,0.0,0.0,13.5315,3.50740556598339e-08,True,0.9870080947875977,0.9870080947875977
600536.SH,34,14,20,8.975,8.975,8.975,0.0,0.0,8.975,0.0,True,1.0,1.0
600539.SH,28,14,14,1.214,1.214,1.214,0.0,0.0,1.214,0.0,True,1.0,1.0
600540.SH,33,14,19,3.453,3.453,3.453,0.0,0.0,3.453,0.0,True,1.0,1.0
600543.SH,34,14,20,2.465,2.465,2.465,0.0,0.0,2.465,0.0,True,1.0,1.0
600547.SH,32,14,18,22.437500095600143,22.437499900773197,22.437500095600143,1.9482694568750958e-07,8.683095035427497e-09,22.4375,-9.560014291309926e-08,True,0.990707516670227,0.990707516670227
600551.SH,32,14,18,6.1406001588343555,6.1406001588343555,6.1406001588343555,0.0,0.0,6.1406,-1.5883435544594704e-07,True,0.9892681241035461,0.9892681241035461
600556.SH,28,14,14,4.9503,4.950299882176327,4.9503,1.1782367348445177e-07,2.3801319815860002e-08,4.9503,0.0,True,1.0,1.0
600559.SH,33,14,19,7.4536,7.453599844890852,7.4536,1.5510914774807816e-07,2.0809964010421563e-08,7.4536,0.0,True,1.0,1.0
600568.SH,30,14,16,12.719300219231057,12.719300219231057,12.719300219231057,0.0,0.0,12.7193,-2.1923105641974416e-07,True,0.999976396560669,0.999976396560669
600569.SH,28,14,14,2.798399980733025,2.798399980733025,2.798399980733025,0.0,0.0,2.7984,1.926697512644182e-08,True,0.9998570680618286,0.9998570680618286
600575.SH,34,14,20,18.989299940376533,18.989299940376533,18.989299940376533,0.0,0.0,18.9893,5.962346705246091e-08,True,0.9999842047691345,0.9999842047691345
600576.SH,33,14,19,3.15,3.15,3.15,0.0,0.0,3.15,0.0,True,1.0,1.0
600580.SH,30,14,16,9.0609,9.0609,9.060900246177756,2.461777555140543e-07,2.7169238763704962e-08,9.0609,0.0,True,1.0,1.0
600584.SH,34,14,20,4.8944001012551865,4.894400031133085,4.8944001012551865,7.012210190282531e-08,1.4327006467011604e-08,4.8944,-1.0125518645764942e-07,True,0.9993053078651428,0.9993053078651428
600589.SH,30,14,16,5.4001998856144535,5.4001998856144535,5.4001998856144535,0.0,0.0,5.4002,1.1438554636811205e-07,True,0.9999629855155945,0.9999629855155945
600595.SH,31,14,17,7.997399936350977,7.997399936350977,7.997399936350977,0.0,0.0,7.9974,6.364902294109243e-08,True,0.9999499917030334,0.9999499917030334
600596.SH,28,14,14,12.7986,12.7986,12.7986,0.0,0.0,12.7986,0.0,True,1.0,1.0
600599.SH,33,14,19,2.205,2.205,2.205,0.0,0.0,2.205,0.0,True,1.0,1.0
600601.SH,32,14,18,6471.278,6471.278,6471.278,0.0,0.0,6471.278,0.0,True,1.0,1.0
600605.SH,30,14,16,52.1316,52.1316,52.1316,0.0,0.0,52.1316,0.0,True,1.0,1.0
600606.SH,31,14,17,164.595,164.595,164.595,0.0,0.0,164.595,0.0,True,1.0,1.0
600609.SH,33,14,19,25.927,25.927,25.927,0.0,0.0,25.927,0.0,True,1.0,1.0
600610.SH,29,14,15,79.35,79.35,79.35,0.0,0.0,79.35,0.0,True,1.0,1.0
600615.SH,32,14,18,65.8148,65.8148,65.8148,0.0,0.0,65.8148,0.0,True,1.0,1.0
600617.SH,33,14,19,62.6531,62.6531,62.6531,0.0,0.0,62.6531,0.0,True,1.0,1.0
600619.SH,29,14,15,57.6097,57.6097,57.6097,0.0,0.0,57.6097,0.0,True,1.0,1.0
600626.SH,34,14,20,10.717,10.717,10.717,0.0,0.0,10.717,0.0,True,1.0,1.0
600630.SH,34,14,20,3.2176000139866754,3.2176000139866754,3.2176000139866754,0.0,0.0,3.2176,-1.3986675373445223e-08,True,0.9954935312271118,0.9954935312271118
600636.SH,34,14,20,13.731600150719697,13.731599869841657,13.731600150719697,2.808780390495258e-07,2.0454865854421526e-08,13.7316,-1.507196962791113e-07,True,0.9987910985946655,0.9987910985946655
600637.SH,31,14,17,5.610699876450139,5.610699876450139,5.6106999496676595,7.321752093503164e-08,1.3049623495697652e-08,5.6107,1.2354986100859833e-07,True,0.970271110534668,0.970271110534668
600638.SH,33,14,19,15.933700327420999,15.9337,15.933700327420999,3.274209987580434e-07,2.0548961762169605e-08,15.9337,-3.274209987580434e-07,True,0.9931528568267822,0.9931528568267822
600641.SH,33,14,19,21.2002,21.2002,21.200200597686464,5.976864656531689e-07,2.8192491846924503e-08,21.2002,0.0,True,0.9970566034317017,0.9970566034317017
600651.SH,31,14,17,5951.086,5951.086,5951.086,0.0,0.0,5951.086,0.0,True,1.0,1.0
600654.SH,30,14,16,1512.2512704115993,1512.2512704115993,1512.2512704115993,0.0,0.0,1512.2513,2.9588400593638653e-05,True,0.9999998211860657,0.9999998211860657
600655.SH,32,14,18,250.762,250.762,250.762,0.0,0.0,250.762,0.0,True,1.0,1.0
600657.SH,31,14,17,16.855,16.855,16.855,0.0,0.0,16.855,0.0,True,1.0,1.0
600661.SH,33,14,19,5.1103000286536355,5.1103000286536355,5.1103000286536355,0.0,0.0,5.1103,-2.8653635908426622e-08,True,0.9999412894248962,0.9999412894248962
600666.SH,33,14,19,17.972,17.972,17.972,0.0,0.0,17.972,0.0,True,1.0,1.0
600675.SH,29,14,15,43.7095,43.7095,43.7095,0.0,0.0,43.7095,0.0,True,1.0,1.0
600678.SH,29,14,15,4.222500089387752,4.222500089387752,4.222500089387752,0.0,0.0,4.2225,-8.938775142297573e-08,True,0.9998815655708313,0.9998815655708313
600681.SH,30,14,16,12.700200290583375,12.700200290583375,12.700200290583375,0.0,0.0,12.7002,-2.905833742516961e-07,True,0.9768664836883545,0.9768664836883545
600682.SH,29,14,15,12.8676,12.8676,12.867600077945337,7.794533729565956e-08,6.057488365791566e-09,12.8676,0.0,True,0.9968603253364563,0.9968603253364563
600685.SH,30,14,16,2.0669999958043315,2.0669999751406203,2.0669999958043315,2.0663711186585942e-08,9.99695753678271e-09,2.067,4.195668701356681e-09,True,0.9944363832473755,0.9944363832473755
600686.SH,34,14,20,13.176699913087967,13.176699913087967,13.176699913087967,0.0,0.0,13.1767,8.691203312594098e-08,True,0.9977080821990967,0.9977080821990967
600689.SH,34,14,20,2.5540999464190546,2.5540999464190546,2.5541,5.358094545826475e-08,2.097840592862753e-08,2.5541,5.358094545826475e-08,True,0.9991778135299683,0.9991778135299683
600690.SH,34,14,20,43.199799161752246,43.199799161752246,43.19980011783824,9.560859908219754e-07,2.2131723049038248e-08,43.1998,8.382477574286895e-07,True,0.9553123116493225,0.9553123116493225
600694.SH,33,14,19,7.5067,7.5067,7.5067,0.0,0.0,7.5067,0.0,True,1.0,1.0
600696.SH,32,14,18,3.304,3.304,3.304,0.0,0.0,3.304,0.0,True,1.0,1.0
600698.SH,30,14,16,5.222,5.222,5.222,0.0,0.0,5.222,0.0,True,1.0,1.0
600702.SH,34,14,20,3.6524,3.6524,3.6524,0.0,0.0,3.6524,0.0,True,1.0,1.0
600710.SH,30,14,16,7.4528,7.4528,7.4528,0.0,0.0,7.4528,0.0,True,1.0,1.0
600711.SH,34,14,20,10.31569972087668,10.31569972087668,10.31569972087668,0.0,0.0,10.3157,2.791233200127863e-07,True,0.9960255026817322,0.9960255026817322
600721.SH,32,14,18,1.452200035231198,1.452200035231198,1.452200035231198,0.0,0.0,1.4522,-3.523119795900698e-08,True,0.9998622536659241,0.9998622536659241
600724.SH,33,14,19,15.458399853671901,15.458399853671901,15.45839995995728,1.0628537872037214e-07,6.87557442726685e-09,15.4584,1.4632809808290403e-07,True,0.9896625876426697,0.9896625876426697
600725.SH,32,14,18,8.235,8.235,8.235,0.0,0.0,8.235,0.0,True,1.0,1.0
600727.SH,31,14,17,5.7024,5.7024,5.702400006526301,6.526301277176572e-09,1.1444832486631193e-09,5.7024,0.0,True,1.0,1.0
600732.SH,32,14,18,6.935,6.935,6.935,0.0,0.0,6.935,0.0,True,1.0,1.0
600733.SH,29,14,15,9.36,9.36,9.36,0.0,0.0,9.36,0.0,True,1.0,1.0
600734.SH,34,14,20,8.50809990308767,8.50809990308767,8.50809990308767,0.0,0.0,8.5081,9.691233060493687e-08,True,0.9999882578849792,0.9999882578849792
600738.SH,33,14,19,7.6355,7.63549992252409,7.6355,7.747591013185229e-08,1.0146802453258108e-08,7.6355,0.0,True,1.0,1.0
600740.SH,29,14,15,14.5352,14.535199660549688,14.5352,3.394503114151348e-07,2.3353673249431367e-08,14.5352,0.0,True,1.0,1.0
600746.SH,34,14,20,8.3824001936621,8.3824,8.3824001936621,1.9366209969007286e-07,2.310341849778301e-08,8.3824,-1.9366209969007286e-07,True,0.9937487840652466,0.9937487840652466
600753.SH,29,14,15,3.774,3.774,3.774,0.0,0.0,3.774,0.0,True,1.0,1.0
600758.SH,29,14,15,2.861100010653924,2.861100010653924,2.861100010653924,0.0,0.0,2.8611,-1.0653923965264767e-08,True,0.9924854040145874,0.9924854040145874
600759.SH,30,14,16,4.465400036350169,4.465400036350169,4.465400036350169,0.0,0.0,4.4654,-3.635016909697697e-08,True,0.9999104142189026,0.9999104142189026
600760.SH,29,14,15,10.029599847174225,10.029599847174225,10.029599847174225,0.0,0.0,10.0296,1.528257751459705e-07,True,0.9975073933601379,0.9975073933601379
600764.SH,32,14,18,8.562299881336395,8.562299881336395,8.562299881336395,0.0,0.0,8.5623,1.1866360516421537e-07,True,0.9959590435028076,0.9959590435028076
600774.SH,28,14,14,6.486,6.486,6.486,0.0,0.0,6.486,0.0,True,1.0,1.0
600777.SH,32,14,18,30.515500188025936,30.515500188025936,30.515500188025936,0.0,0.0,30.5155,-1.8802593615419028e-07,True,0.9999836087226868,0.9999836087226868
600779.SH,34,14,20,7.166799984002825,7.166799984002825,7.166799984002825,0.0,0.0,7.1668,1.599717514011445e-08,True,0.9776887893676758,0.9776887893676758
600784.SH,29,14,15,7.4843,7.4843,7.484300065352896,6.535289553966095e-08,8.731998388581557e-09,7.4843,0.0,True,1.0,1.0
600785.SH,33,14,19,4.90639993188051,4.9063998645573195,4.90639993188051,6.732319057789482e-08,1.372150487375606e-08,4.9064,6.811948960461223e-08,True,0.9926015138626099,0.9926015138626099
600794.SH,31,14,17,21.9672,21.9672,21.9672,0.0,0.0,21.9672,0.0,True,1.0,1.0
600796.SH,34,14,20,8.9473,8.94729989506041,8.9473,1.0493958946256043e-07,1.172863204123707e-08,8.9473,0.0,True,1.0,1.0
600797.SH,33,14,19,12.785,12.785,12.785,0.0,0.0,12.785,0.0,True,1.0,1.0
600798.SH,32,14,18,8.575,8.574999993534046,8.575,6.465953106271627e-09,7.540470094777408e-10,8.575,0.0,True,0.9955685138702393,1.0
600801.SH,34,14,20,12.353799894170736,12.353799894170736,12.353800285232522,3.9106178562064997e-07,3.165518212782258e-08,12.3538,1.0582926357471933e-07,True,0.9847253561019897,0.9847253561019897
600807.SH,34,14,20,6.536,6.536,6.536,0.0,0.0,6.536,0.0,True,1.0,1.0
600815.SH,31,14,17,6.365,6.365,6.365,0.0,0.0,6.365,0.0,True,1.0,1.0
600817.SH,28,14,14,5.166600102001288,5.166600102001288,5.166600102001288,0.0,0.0,5.1666,-1.0200128830462063e-07,True,0.9692060351371765,0.9692060351371765
600821.SH,34,14,20,4.833799906645507,4.833799906645507,4.833799953037638,4.639213102564099e-08,9.59744547180389e-09,4.8338,9.335449302483312e-08,True,0.9828706383705139,0.9828706383705139
600825.SH,33,14,19,12.7723,12.7723,12.7723,0.0,0.0,12.7723,0.0,True,1.0,1.0
600835.SH,33,14,19,5.855400061324245,5.855400061324245,5.855400061324245,0.0,0.0,5.8554,-6.132424434923678e-08,True,0.9927588105201721,0.9927588105201721
600844.SH,29,14,15,6.935500199511135,6.935500199511135,6.935500199511135,0.0,0.0,6.9355,-1.9951113472416182e-07,True,0.9999278783798218,0.9999278783798218
600846.SH,34,14,20,18.133799856524366,18.133799856524366,18.133799856524366,0.0,0.0,18.1338,1.4347563492833615e-07,True,0.9802578687667847,0.9802578687667847
600850.SH,32,14,18,9.857000058371794,9.856999953929275,9.857000058371794,1.0444251863361842e-07,1.0595771331553641e-08,9.857,-5.837179450907115e-08,True,0.997839093208313,0.997839093208313
600855.SH,31,14,17,1.6430999930556363,1.6430999930556363,1.6430999930556363,0.0,0.0,1.6431,6.944363750704952e-09,True,0.9999391436576843,0.9999391436576843
600857.SH,33,14,19,5.806400078206683,5.806400078206683,5.806400078206683,0.0,0.0,5.8064,-7.82066829074779e-08,True,0.9999310970306396,0.9999310970306396
600860.SH,32,14,18,1.6615000182147006,1.6615000182147006,1.6615000182147006,0.0,0.0,1.6615,-1.8214700636676184e-08,True,0.999699056148529,0.999699056148529
600863.SH,28,14,14,22.955900214973113,22.9559,22.955900214973113,2.149731130884902e-07,9.364612630101642e-09,22.9559,-2.149731130884902e-07,True,0.9497732520103455,0.9497732520103455
600865.SH,33,14,19,5.4776,5.4776,5.4776,0.0,0.0,5.4776,0.0,True,1.0,1.0
600866.SH,30,14,16,16.4044,16.4044,16.404400321383218,3.2138321870434083e-07,1.9591281528391216e-08,16.4044,0.0,True,1.0,1.0
600868.SH,31,14,17,28.262,28.262,28.262,0.0,0.0,28.262,0.0,True,1.0,1.0
600869.SH,34,14,20,10.9104,10.9104,10.9104,0.0,0.0,10.9104,0.0,True,1.0,1.0
600871.SH,32,14,18,2.4641000197001346,2.4641000197001346,2.4641000197001346,0.0,0.0,2.4641,-1.9700134412659054e-08,True,0.999959409236908,0.999959409236908
600875.SH,31,14,17,3.3905000957458316,3.3905000957458316,3.3905000957458316,0.0,0.0,3.3905,-9.574583170746109e-08,True,0.980297863483429,0.980297863483429
600876.SH,30,14,16,1.427,1.427,1.427,0.0,0.0,1.427,0.0,True,1.0,1.0
600877.SH,30,14,16,4.641,4.641,4.641,0.0,0.0,4.641,0.0,True,1.0,1.0
600880.SH,29,14,15,29.8203,29.82029980800085,29.8203,1.919991490240136e-07,6.4385384796267515e-09,29.8203,0.0,True,1.0,1.0
600882.SH,31,14,17,2.379,2.379,2.379,0.0,0.0,2.379,0.0,True,1.0,1.0
600883.SH,30,14,16,4.9091,4.9091,4.909100056310653,5.631065302935667e-08,1.1470667338077586e-08,4.9091,0.0,True,1.0,1.0
600888.SH,30,14,16,13.9554,13.9554,13.9554,0.0,0.0,13.9554,0.0,True,1.0,1.0
600892.SH,31,14,17,6.323,6.323,6.323,0.0,0.0,6.323,0.0,True,1.0,1.0
600893.SH,33,14,19,3.3531,3.3530999008050117,3.3531,9.919498822341666e-08,2.9583068868633997e-08,3.3531,0.0,True,1.0,1.0
600905.SH,32,14,18,1.0589000082461366,1.0589000082461366,1.0589000082461366,0.0,0.0,1.0589,-8.246136662393155e-09,True,0.9837567210197449,0.9837567210197449
600906.SH,34,14,20,1.0606999844915286,1.0606999844915286,1.0606999844915286,0.0,0.0,1.0607,1.550847139597522e-08,True,0.9827472567558289,0.9827472567558289
600908.SH,33,14,19,1.343000006264549,1.3429999860658637,1.343000006264549,2.01986853909375e-08,1.5039974159880003e-08,1.343,-6.264549101686612e-09,True,0.9819061756134033,0.9819061756134033
600917.SH,28,14,14,1.1712000267485587,1.1711999729202414,1.1712000267485587,5.382831735900595e-08,4.5959969372987546e-08,1.1712,-2.6748558701328307e-08,True,0.9982923269271851,0.9982923269271851
600926.SH,33,14,19,2.6248999408958316,2.6248999408958316,2.624899950987554,1.0091722568716932e-08,3.84461228844891e-09,2.6249,5.910416822629827e-08,True,0.959960401058197,0.959960401058197
600927.SH,32,14,18,1.0452999864801473,1.0452999864801473,1.0453000020156356,1.5535488229190264e-08,1.4862229436645381e-08,1.0453,1.3519852570809121e-08,True,0.9985650181770325,0.9985650181770325
600933.SH,31,14,17,1.1597,1.1597,1.15970003388443,3.388443015062137e-08,2.9218272096767586e-08,1.1597,0.0,True,1.0,1.0
600935.SH,29,14,15,1.026,1.026,1.026,0.0,0.0,1.026,0.0,True,1.0,1.0
600936.SH,33,14,19,1.026,1.026,1.026,0.0,0.0,1.026,0.0,True,1.0,1.0
600938.SH,32,14,18,1.2880999821298678,1.288099965156086,1.2880999821298678,1.6973781713502945e-08,1.3177379045869459e-08,1.2881,1.787013226284273e-08,True,0.9526434540748596,0.9526434540748596
600939.SH,33,14,19,1.0787,1.0787,1.0787,0.0,0.0,1.0787,0.0,True,1.0,1.0
600955.SH,30,14,16,1.0253,1.0253,1.0253,0.0,0.0,1.0253,0.0,True,1.0,1.0
600956.SH,33,14,19,1.1189999666144743,1.1189999666144743,1.1189999666144743,0.0,0.0,1.119,3.3385525677331884e-08,True,0.9737265706062317,0.9737265706062317
600959.SH,30,14,16,1.4109999674284732,1.4109999674284732,1.411,3.257152680902209e-08,2.308400252367349e-08,1.411,3.257152680902209e-08,True,0.9944011569023132,0.9944011569023132
600960.SH,34,14,20,4.435099925266012,4.435099925266012,4.435099925266012,0.0,0.0,4.4351,7.473398788704344e-08,True,0.9999774694442749,0.9999774694442749
600962.SH,33,14,19,1.893,1.893,1.893,0.0,0.0,1.893,0.0,True,1.0,1.0
600966.SH,30,14,16,7.3982,7.3982,7.398200063624445,6.362444526786248e-08,8.599989898605401e-09,7.3982,0.0,True,0.9934037923812866,1.0
600970.SH,34,14,20,15.3514,15.3514,15.3514,0.0,0.0,15.3514,0.0,True,1.0,1.0
600977.SH,33,14,19,1.0941,1.0940999829016813,1.0941,1.7098318760844222e-08,1.5627747702078622e-08,1.0941,0.0,True,1.0,1.0
600983.SH,30,14,16,2.7992,2.799199997646267,2.7992,2.3537327642486616e-09,8.408590898287588e-10,2.7992,0.0,True,1.0,1.0
600986.SH,34,14,20,5.8548,5.8548,5.8548,0.0,0.0,5.8548,0.0,True,1.0,1.0
600987.SH,33,14,19,7.807399968145257,7.807399968145257,7.807399968145257,0.0,0.0,7.8074,3.1854743731685176e-08,True,0.9860901236534119,0.9860901236534119
600988.SH,30,14,16,5.5087,5.5087,5.508700062273814,6.227381366130658e-08,1.130462970597538e-08,5.5087,0.0,True,1.0,1.0
600989.SH,30,14,16,1.1961000191314097,1.1961000191314097,1.1961000191314097,0.0,0.0,1.213,0.016899980868590347,False,0.9841986298561096,0.9841986298561096
600996.SH,33,14,19,1.050100020160211,1.050100020160211,1.050100020160211,0.0,0.0,1.0501,-2.0160211056108324e-08,True,0.9999047517776489,0.9999047517776489
600999.SH,30,14,16,2.2000999890810693,2.2000999371686674,2.200100040993471,1.0382480342130407e-07,4.719094765536964e-08,2.2001,1.0918930648529113e-08,True,0.9720012545585632,0.9720012545585632
601005.SH,31,14,17,1.051,1.051,1.051,0.0,0.0,1.051,0.0,True,1.0,1.0
601007.SH,31,14,17,1.5296,1.5296,1.5296000327179688,3.2717968778683826e-08,2.138988544631526e-08,1.5296,0.0,True,1.0,1.0
601012.SH,30,14,16,19.7265,19.7265,19.7265,0.0,0.0,19.7265,0.0,True,1.0,1.0
601020.SH,31,14,17,1.4462,1.4462,1.4462,0.0,0.0,1.4462,0.0,True,1.0,1.0
601021.SH,33,14,19,2.1269999871268594,2.1269999871268594,2.1269999908542156,3.7273562014661366e-09,1.752400669499312e-09,2.127,1.2873140331493005e-08,True,0.9769628643989563,0.9769628643989563
601022.SH,31,14,17,1.0495999753700505,1.0495999753700505,1.049600024975634,4.960558364075496e-08,4.726141844969637e-08,1.0496,2.4629949635368575e-08,True,0.9912347793579102,0.9912347793579102
601061.SH,28,14,14,1.06889999612724,1.06889999612724,1.0689000322608049,3.6133564806917207e-08,3.38044390848851e-08,1.0689,3.872759890555244e-09,True,0.9927027821540833,0.9927027821540833
601065.SH,28,14,14,1.0722,1.0722,1.0722000250123087,2.501230866869264e-08,2.3328025245936056e-08,1.0722,0.0,True,1.0,1.0
601066.SH,29,14,15,1.1035999882999368,1.1035999882999368,1.1035999882999368,0.0,0.0,1.1036,1.170006314055172e-08,True,0.9883109927177429,0.9883109927177429
601068.SH,32,14,18,1.005,1.005,1.005,0.0,0.0,1.005,0.0,True,1.0,1.0
601069.SH,31,14,17,1.0197,1.0197,1.0197,0.0,0.0,1.0197,0.0,True,1.0,1.0
601077.SH,29,14,15,1.4544000255141478,1.4543999772078233,1.4544000255141478,4.830632449603911e-08,3.321391890031234e-08,1.4544,-2.551414790552542e-08,True,0.9680967926979065,0.9680967926979065
601083.SH,33,14,19,1.0842999751071372,1.0842999751071372,1.0842999751071372,0.0,0.0,1.0843,2.4892862882097688e-08,True,0.9833994507789612,0.9833994507789612
601089.SH,30,14,16,1.0892,1.0892,1.0892,0.0,0.0,1.0892,0.0,True,1.0,1.0
601096.SH,31,14,17,1.0143999722119565,1.0143999722119565,1.0143999722119565,0.0,0.0,1.0144,2.778804342185026e-08,True,0.9952681660652161,0.9952681660652161
601108.SH,29,14,15,1.2033000265027507,1.203300021424237,1.2033000265027507,5.078513609646507e-09,4.220488238836499e-09,1.2033,-2.6502750660739594e-08,True,0.9798886179924011,0.9798886179924011
601113.SH,29,14,15,2.117,2.117,2.117,0.0,0.0,2.117,0.0,True,1.0,1.0
601118.SH,33,14,19,1.0447000211365718,1.0447,1.0447000211365718,2.1136571826119166e-08,2.0232192398276997e-08,1.0447,-2.1136571826119166e-08,True,0.99798983335495,0.99798983335495
601121.SH,33,14,19,1.0524,1.0524,1.0524,0.0,0.0,1.0524,0.0,True,1.0,1.0
601127.SH,29,14,15,1.0513999968707641,1.0513999968707641,1.0513999968707641,0.0,0.0,1.0514,3.1292357594026043e-09,True,0.9980977773666382,0.9980977773666382
601128.SH,33,14,19,1.5755999905138305,1.5755999905138305,1.5755999905138305,0.0,0.0,1.5756,9.48616940554814e-09,True,0.9801980257034302,0.9801980257034302
601136.SH,32,14,18,1.0250000275744882,1.0250000275744882,1.0250000275744882,0.0,0.0,1.025,-2.757448824830533e-08,True,0.9904389977455139,0.9904389977455139
601137.SH,34,14,20,2.4178,2.4178,2.4178,0.0,0.0,2.4178,0.0,True,1.0,1.0
601155.SH,32,14,18,1.58,1.58,1.58,0.0,0.0,1.58,0.0,True,1.0,1.0
601156.SH,33,14,19,1.1075,1.1075,1.107500020049307,2.0049307103420233e-08,1.8103211831530687e-08,1.1075,0.0,True,1.0,1.0
601162.SH,30,14,16,1.1361999854181373,1.1361999854181373,1.1361999854181373,0.0,0.0,1.1362,1.45818628283223e-08,True,0.9998239874839783,0.9998239874839783
601163.SH,33,14,19,1.248200009733461,1.2482,1.248200009733461,9.733460926142357e-09,7.797997797020389e-09,1.2482,-9.733460926142357e-09,True,0.9638679623603821,0.9638679623603821
601177.SH,33,14,19,1.0465,1.0464999943484596,1.0465,5.651540346818251e-09,5.400420780523891e-09,1.0465,0.0,True,0.9966555237770081,0.9966555237770081
601187.SH,30,14,16,1.2736000334364819,1.2735999876619684,1.2736000334364819,4.577451351295281e-08,3.594104295792304e-08,1.2736,-3.343648180553771e-08,True,0.9811557531356812,0.9811557531356812
601200.SH,33,14,19,1.6677,1.6677,1.6677,0.0,0.0,1.6677,0.0,True,1.0,1.0
601216.SH,32,14,18,18.0755,18.0755,18.0755,0.0,0.0,18.0755,0.0,True,1.0,1.0
601225.SH,33,14,19,1.7393999611333255,1.7393999611333255,1.739399998672761,3.753943556006334e-08,2.15818307455889e-08,1.7394,3.886667454544579e-08,True,0.9980453252792358,0.9980453252792358
601226.SH,33,14,19,1.6138,1.6138,1.6138000075941032,7.594103346164616e-09,4.705727690026407e-09,1.6138,0.0,True,1.0,1.0
601228.SH,33,14,19,1.0999999874539625,1.0999999874539625,1.0999999874539625,0.0,0.0,1.1,1.2546037542193744e-08,True,0.9881818294525146,0.9881818294525146
601229.SH,33,14,19,3.759000087783698,3.759000087783698,3.759000087783698,0.0,0.0,3.759,-8.778369808837283e-08,True,0.9690608978271484,0.9690608978271484
601231.SH,28,14,14,2.4312,2.4312,2.4312,0.0,0.0,2.4312,0.0,True,1.0,1.0
601236.SH,33,14,19,1.1931999650481708,1.1931999650481708,1.1931999650481708,0.0,0.0,1.1932,3.4951829208651475e-08,True,0.994552493095398,0.994552493095398
601298.SH,32,14,18,1.3406999788283942,1.3406999788283942,1.3406999788283942,0.0,0.0,1.3407,2.1171605801839632e-08,True,0.960020899772644,0.960020899772644
601326.SH,33,14,19,1.2140999794653542,1.2140999794653542,1.2141,2.0534645761571824e-08,1.691347179712048e-08,1.2141,2.0534645761571824e-08,True,0.9758669137954712,0.9758669137954712
601360.SH,29,14,15,2.119500015632117,2.119500015632117,2.119500015632117,0.0,0.0,2.1195,-1.5632116934227724e-08,True,0.9909884333610535,0.9909884333610535
601366.SH,28,14,14,1.1501,1.1501,1.150100011261572,1.1261572119281027e-08,9.791819945466505e-09,1.1501,0.0,True,1.0,1.0
601368.SH,33,14,19,1.1441,1.1441,1.1441,0.0,0.0,1.1441,0.0,True,1.0,1.0
601369.SH,29,14,15,2.5524000545174865,2.552400018866531,2.5524000545174865,3.5650955521049355e-08,1.3967620576543563e-08,2.5524,-5.451748652518518e-08,True,0.951574981212616,0.9809198975563049
601375.SH,33,14,19,1.0612000200382419,1.0612000200382419,1.0612000200382419,0.0,0.0,1.0612,-2.0038241954623004e-08,True,0.993497908115387,0.993497908115387
601377.SH,30,14,16,2.809400083081097,2.809400083081097,2.809400083081097,0.0,0.0,2.8094,-8.3081096668991e-08,True,0.9787142872810364,0.9787142872810364
601390.SH,28,14,14,1.4270999847709243,1.4270999847709243,1.4271000220185546,3.724763031343059e-08,2.6100224729110007e-08,1.4271,1.5229075778222523e-08,True,0.9545932412147522,0.9545932412147522
601399.SH,34,14,20,1.0,1.0,1.0,0.0,0.0,1.0,0.0,True,1.0,1.0
601456.SH,33,14,19,1.0380000050579195,1.038,1.0380000050579195,5.05791941662892e-09,4.872754712892986e-09,1.038,-5.05791941662892e-09,True,0.9946050047874451,0.9946050047874451
601515.SH,28,14,14,4.3229,4.3229,4.3229,0.0,0.0,4.3229,0.0,True,1.0,1.0
601528.SH,33,14,19,1.4574,1.4574,1.4574,0.0,0.0,1.4574,0.0,True,1.0,1.0
601579.SH,33,14,19,1.1297,1.1297,1.1297,0.0,0.0,1.1297,0.0,True,1.0,1.0
601595.SH,33,14,19,1.2735999961784015,1.2735999961784015,1.2735999961784015,0.0,0.0,1.2736,3.821598593134468e-09,True,0.9981940984725952,0.9981940984725952
601598.SH,28,14,14,1.37029999071619,1.37029999071619,1.3703000052065024,1.449031250544408e-08,1.0574554917621135e-08,1.3703,9.283810165072737e-09,True,0.9521272778511047,0.9521272778511047
601599.SH,31,14,17,3.2661999370655637,3.2661999370655637,3.2661999370655637,0.0,0.0,3.2662,6.293443632898743e-08,True,0.9999387860298157,0.9999387860298157
601606.SH,29,14,15,1.0171,1.0171,1.0171,0.0,0.0,1.0171,0.0,True,1.0,1.0
601608.SH,32,14,18,1.6191000160203362,1.6191,1.6191000160203362,1.602033616876497e-08,9.894593298900784e-09,1.6191,-1.602033616876497e-08,True,0.9937619566917419,0.9937619566917419
601609.SH,32,14,18,1.0881,1.0881,1.0881,0.0,0.0,1.0881,0.0,True,1.0,1.0
601611.SH,33,14,19,1.080200017562814,1.080200017562814,1.080200017562814,0.0,0.0,1.0802,-1.7562813869886895e-08,True,0.9896315336227417,0.9896315336227417
601633.SH,29,14,15,3.9705,3.970499980957672,3.9705,1.904232771465786e-08,4.795952075219207e-09,3.9705,0.0,True,0.9797254800796509,0.9797254800796509
601658.SH,32,14,18,1.3618999889973797,1.3618999889973797,1.3618999889973797,0.0,0.0,1.3619,1.1002620370348382e-08,True,0.9778251051902771,0.9778251051902771
601689.SH,33,14,19,2.3151,2.3151,2.3151,0.0,0.0,2.3151,0.0,True,1.0,1.0
601698.SH,33,14,19,1.0099,1.0098999924846126,1.0099,7.515387423495667e-09,7.441714450436347e-09,1.0099,0.0,True,1.0,1.0
601717.SH,33,14,19,2.9461999184612715,2.9461999184612715,2.9462,8.15387286579039e-08,2.7675898077035314e-08,2.9462,8.15387286579039e-08,True,0.9371393918991089,0.9371393918991089
601727.SH,34,14,20,1.1431000208157633,1.1431000208157633,1.1431000208157633,0.0,0.0,1.1431,-2.0815763335235715e-08,True,0.9999125003814697,0.9999125003814697
601777.SH,31,14,17,1.175,1.175,1.175,0.0,0.0,1.175,0.0,True,1.0,1.0
601798.SH,33,14,19,1.0743999890286609,1.0743999890286609,1.0743999890286609,0.0,0.0,1.0744,1.0971339170495753e-08,True,0.9996277093887329,0.9996277093887329
601811.SH,33,14,19,1.3483000051828864,1.3483000051828864,1.3483000051828864,0.0,0.0,1.3483,-5.182886342325332e-09,True,0.9867240190505981,0.9867240190505981
601816.SH,28,14,14,1.0793999778047654,1.079399975795451,1.0793999798140796,4.0186285410470646e-09,3.7230207742082493e-09,1.0794,2.2195234539168496e-08,True,0.9714656472206116,0.9924032092094421
601838.SH,31,14,17,1.418400017987921,1.4184,1.418400017987921,1.7987920930551127e-08,1.2681839186711227e-08,1.4184,-1.7987920930551127e-08,True,0.9543147087097168,0.9543147087097168
601858.SH,33,14,19,1.1535999753544357,1.1535999753544357,1.1536,2.4645564256076113e-08,2.136404714164798e-08,1.1536,2.4645564256076113e-08,True,0.9867371916770935,0.9867371916770935
601860.SH,28,14,14,1.2575000186623473,1.2575000186623473,1.2575000186623473,0.0,0.0,1.2575,-1.866234722314175e-08,True,0.9821073412895203,0.9821073412895203
601868.SH,34,14,20,1.053100003245562,1.053100003245562,1.053100003245562,0.0,0.0,1.0531,-3.2455620413429642e-09,True,0.9880353212356567,0.9880353212356567
601869.SH,29,14,15,1.0895000311229643,1.0895000311229643,1.0895000311229643,0.0,0.0,1.0895,-3.112296442786544e-08,True,0.9958696365356445,0.9958696365356445
601872.SH,34,14,20,1.7416999856425708,1.7416999856425708,1.7417000484462593,6.28036884720018e-08,3.60588442267406e-08,1.7417,1.4357429245492881e-08,True,0.9917896389961243,0.9917896389961243
601878.SH,33,14,19,1.107600002081025,1.107600002081025,1.107600002081025,0.0,0.0,1.1076,-2.0810251299963056e-09,True,0.9852834939956665,0.9852834939956665
601880.SH,31,14,17,2.824900047900764,2.8249,2.824900047900764,4.7900764243991034e-08,1.6956622688150325e-08,2.8249,-4.7900764243991034e-08,True,0.9872561693191528,0.9872561693191528
601881.SH,33,14,19,1.185199997718856,1.185199997718856,1.185200027399909,2.968105294876011e-08,2.504307543527419e-08,1.1852,2.2811439404080147e-09,True,0.9815220832824707,0.9815220832824707
601882.SH,33,14,19,1.1077,1.1077,1.1077,0.0,0.0,1.1077,0.0,True,1.0,1.0
601899.SH,32,14,18,2.1767000269861696,2.1767000269861696,2.1767000269861696,0.0,0.0,2.1767,-2.6986169743281607e-08,True,0.9923737645149231,0.9923737645149231
601900.SH,33,14,19,1.3205999923649627,1.3205999923649627,1.3206,7.635037269082545e-09,5.7814912261278554e-09,1.3206,7.635037269082545e-09,True,0.9633499979972839,0.9633499979972839
601918.SH,33,14,19,1.6739000099095587,1.6739000099095587,1.6739000099095587,0.0,0.0,1.6739,-9.909558729148671e-09,True,0.9689945578575134,0.9689945578575134
601919.SH,34,14,20,2.393600069734489,2.393600010155273,2.393600069734489,5.957921622723461e-08,2.4891048835005867e-08,2.3936,-6.97344888500595e-08,True,0.962775707244873,0.962775707244873
601933.SH,30,14,16,9.169,9.169,9.169,0.0,0.0,9.169,0.0,True,1.0,1.0
601949.SH,32,14,18,1.1689,1.1689,1.168900005860929,5.860928853351766e-09,5.014054969074998e-09,1.1689,0.0,True,0.9854564070701599,0.9854564070701599
601952.SH,33,14,19,1.57650003278188,1.5765000016172641,1.57650003278188,3.116461577690188e-08,1.976823033863757e-08,1.5765,-3.27818798773194e-08,True,0.9936568140983582,0.9936568140983582
601956.SH,31,14,17,1.1,1.1,1.1,0.0,0.0,1.1,0.0,True,1.0,1.0
601968.SH,32,14,18,1.109099992220879,1.109099992220879,1.109099992220879,0.0,0.0,1.1091,7.779120902995373e-09,True,0.9922459721565247,0.9922459721565247
601969.SH,34,14,20,1.0544999710415055,1.0544999710415055,1.0544999710415055,0.0,0.0,1.0545,2.8958494491249098e-08,True,0.9962067604064941,0.9962067604064941
601985.SH,33,14,19,1.2293999942384095,1.2293999942384095,1.2293999993548528,5.1164432690598005e-09,4.161740111467418e-09,1.2294,5.761590538000405e-09,True,0.9807223081588745,0.9807223081588745
601990.SH,33,14,19,1.3046999985409382,1.3046999985409382,1.3046999985409382,0.0,0.0,1.3047,1.4590617603005285e-09,True,0.984517514705658,0.984517514705658
601997.SH,33,14,19,2.0141,2.0141,2.0141,0.0,0.0,2.0141,0.0,True,1.0,1.0
601999.SH,30,14,16,1.13980001520403,1.13980001520403,1.13980001520403,0.0,0.0,1.1398,-1.52040300349654e-08,True,0.991840660572052,0.991840660572052
603004.SH,28,14,14,1.023,1.023,1.023,0.0,0.0,1.023,0.0,True,1.0,1.0
603005.SH,33,14,19,2.8031,2.803099930562596,2.8031,6.943740427090006e-08,2.4771647201633925e-08,2.8031,0.0,True,1.0,1.0
603006.SH,34,14,20,2.498500074207159,2.498500074207159,2.498500074207159,0.0,0.0,2.4985,-7.420715908423858e-08,True,0.9740644097328186,0.9740644097328186
603007.SH,34,14,20,4.7806,4.7806,4.7806,0.0,0.0,4.7806,0.0,True,1.0,1.0
603011.SH,33,14,19,2.0981999748802083,2.0981999748802083,2.0981999748802083,0.0,0.0,2.0982,2.511979158015265e-08,True,0.9999046921730042,0.9999046921730042
603012.SH,33,14,19,2.2561,2.2561,2.2561,0.0,0.0,2.2561,0.0,True,1.0,1.0
603015.SH,34,14,20,2.2387,2.2387,2.2387,0.0,0.0,2.2387,0.0,True,1.0,1.0
603016.SH,29,14,15,1.1747,1.1747,1.1747,0.0,0.0,1.1747,0.0,True,1.0,1.0
603017.SH,33,14,19,5.12200005217347,5.12200005217347,5.12200005217347,0.0,0.0,5.122,-5.2173469988758825e-08,True,0.9811206459999084,0.9811206459999084
603018.SH,33,14,19,7.7731,7.7731,7.7731,0.0,0.0,7.7731,0.0,True,1.0,1.0
603019.SH,31,14,17,4.082899958911111,4.082899958911111,4.082899958911111,0.0,0.0,4.0829,4.108888962406354e-08,True,0.9991917610168457,0.9991917610168457
603020.SH,33,14,19,2.3017,2.3017,2.301700038932869,3.8932868928753805e-08,1.6914832049682326e-08,2.3017,0.0,True,0.9805795550346375,1.0
603021.SH,32,14,18,2.665299935715117,2.665299935715117,2.665299935715117,0.0,0.0,2.6653,6.428488275034283e-08,True,0.9998874664306641,0.9998874664306641
603022.SH,32,14,18,2.6056,2.6056,2.6056,0.0,0.0,2.6056,0.0,True,1.0,1.0
603023.SH,31,14,17,6.911,6.911,6.911,0.0,0.0,6.911,0.0,True,1.0,1.0
603025.SH,34,14,20,2.9888,2.9888,2.9888,0.0,0.0,2.9888,0.0,True,1.0,1.0
603026.SH,33,14,19,1.0783,1.0783,1.0783,0.0,0.0,1.0783,0.0,True,1.0,1.0
603027.SH,33,14,19,8.295599855124554,8.295599855124554,8.295600262012899,4.068883452390537e-07,4.904869477132519e-08,8.2956,1.448754467503477e-07,True,0.7318337559700012,0.7318337559700012
603030.SH,29,14,15,3.5895000031892925,3.5895000031892925,3.5895000031892925,0.0,0.0,3.5895,-3.1892923857412825e-09,True,0.9998607039451599,0.9998607039451599
603032.SH,32,14,18,1.6997,1.6997,1.6997000053764877,5.376487699493282e-09,3.1631980346492217e-09,1.6997,0.0,True,1.0,1.0
603035.SH,33,14,19,1.2347,1.2346999633070717,1.2347,3.6692928251369494e-08,2.9718092047760182e-08,1.2347,0.0,True,1.0,1.0
603036.SH,28,14,14,1.1122,1.1122,1.1122,0.0,0.0,1.1122,0.0,True,1.0,1.0
603037.SH,33,14,19,4.341,4.3409999210462,4.341,7.895379994238283e-08,1.8187929035333524e-08,4.341,0.0,True,1.0,1.0
603038.SH,30,14,16,3.8528,3.8528,3.852800043643873,4.3643873404164424e-08,1.1327832590366597e-08,3.8528,0.0,True,1.0,1.0
603039.SH,30,14,16,3.7668999762775552,3.7668999762775552,3.7668999762775552,0.0,0.0,3.7669,2.3722444897344985e-08,True,0.9987522959709167,0.9987522959709167
603040.SH,33,14,19,2.5552999944766004,2.5552999944766004,2.5552999944766004,0.0,0.0,2.5553,5.52339951553904e-09,True,0.9927992820739746,0.9927992820739746
603041.SH,33,14,19,1.5443,1.5443,1.5443,0.0,0.0,1.5443,0.0,True,1.0,1.0
603043.SH,33,14,19,1.6136000080568005,1.6136000080568005,1.6136000080568005,0.0,0.0,1.6136,-8.05680056004121e-09,True,0.9942984580993652,0.9942984580993652
603045.SH,30,14,16,1.4478,1.4478,1.4478,0.0,0.0,1.4478,0.0,True,1.0,1.0
603050.SH,32,14,18,3.3582,3.3582,3.3582,0.0,0.0,3.3582,0.0,True,1.0,1.0
603052.SH,29,14,15,2.8181,2.8181,2.81810010403553,1.0403552996862686e-07,3.691690499578683e-08,2.8181,0.0,True,1.0,1.0
603055.SH,31,14,17,1.5688,1.5688,1.5688,0.0,0.0,1.5688,0.0,True,1.0,1.0
603056.SH,31,14,17,1.0538,1.0538,1.0538,0.0,0.0,1.0538,0.0,True,1.0,1.0
603060.SH,33,14,19,3.9883,3.9883,3.9883,0.0,0.0,3.9883,0.0,True,1.0,1.0
603061.SH,31,14,17,1.0072,1.0072,1.0072,0.0,0.0,1.4621,0.45489999999999986,False,1.0,1.0
603062.SH,31,14,17,1.1094000241960476,1.1094000241960476,1.1094000241960476,0.0,0.0,1.1094,-2.4196047609947868e-08,True,0.9868397116661072,0.9868397116661072
603063.SH,33,14,19,1.0382,1.0382,1.0382,0.0,0.0,1.0382,0.0,True,1.0,1.0
603065.SH,30,14,16,1.040300015914917,1.040300015914917,1.040300015914917,0.0,0.0,1.0403,-1.5914916939863133e-08,True,0.9988464713096619,0.9988464713096619
603066.SH,30,14,16,3.2214,3.2214,3.2214,0.0,0.0,3.2214,0.0,True,1.0,1.0
603067.SH,31,14,17,3.058,3.058,3.0580001241458774,1.241458775780302e-07,4.0597082268813015e-08,3.058,0.0,True,1.0,1.0
603068.SH,28,14,14,1.0175,1.0175,1.0175,0.0,0.0,1.0175,0.0,True,1.0,1.0
603073.SH,33,14,19,1.0562,1.0562,1.0562,0.0,0.0,1.0562,0.0,True,1.0,1.0
603075.SH,33,14,19,1.0599,1.0599,1.0599,0.0,0.0,1.0599,0.0,True,1.0,1.0
603076.SH,32,14,18,1.4582,1.4582,1.4582,0.0,0.0,1.4582,0.0,True,1.0,1.0
603078.SH,31,14,17,5.3919001192692555,5.3919001192692555,5.3919001192692555,0.0,0.0,5.3919,-1.1926925580496572e-07,True,0.998497724533081,0.998497724533081
603081.SH,33,14,19,1.0859000275362736,1.0859,1.0859000275362736,2.753627348361931e-08,2.5358018956951804e-08,1.0859,-2.753627348361931e-08,True,0.9905147552490234,0.9905147552490234
603082.SH,33,14,19,1.0325,1.0325,1.0325,0.0,0.0,1.0325,0.0,True,1.0,1.0
603083.SH,33,14,19,2.247599992987686,2.247599955643744,2.247599992987686,3.734394216081682e-08,1.6615030377881578e-08,2.2476,7.01231384070411e-09,True,0.9995995759963989,0.9995995759963989
603085.SH,34,14,20,2.633299944650783,2.633299944650783,2.633299944650783,0.0,0.0,2.6333,5.534921720951047e-08,True,0.9998860955238342,0.9998860955238342
603086.SH,33,14,19,5.865,5.865,5.865,0.0,0.0,5.865,0.0,True,1.0,1.0
603087.SH,33,14,19,1.4631,1.4631,1.4631,0.0,0.0,1.4631,0.0,True,1.0,1.0
603089.SH,33,14,19,2.1969,2.1969,2.1969,0.0,0.0,2.1969,0.0,True,1.0,1.0
603090.SH,29,14,15,1.0797,1.0797,1.0797,0.0,0.0,1.0797,0.0,True,1.0,1.0
603093.SH,32,14,18,1.0255,1.0255,1.0255,0.0,0.0,1.0255,0.0,True,1.0,1.0
603096.SH,33,14,19,1.4871,1.4871,1.4871,0.0,0.0,1.4871,0.0,True,1.0,1.0
603097.SH,31,14,17,1.0258,1.0258,1.0258,0.0,0.0,1.0258,0.0,True,1.0,1.0
603098.SH,32,14,18,1.2813000154096372,1.2813,1.2813000154096372,1.540963712187704e-08,1.2026564377235656e-08,1.2813,-1.540963712187704e-08,True,0.9952391982078552,0.9952391982078552
603099.SH,33,14,19,1.0313,1.0312999715647737,1.0313,2.843522639572882e-08,2.7572216033868725e-08,1.0313,0.0,True,1.0,1.0
603100.SH,33,14,19,1.637100043125037,1.637099979713889,1.637100043125037,6.341114811014847e-08,3.87338259359543e-08,1.6371,-4.312503709691384e-08,True,0.9880886673927307,0.9880886673927307
603101.SH,33,14,19,2.1201,2.120099990692099,2.1201,9.307900672439473e-09,4.390312094919803e-09,2.1464,0.02629999999999999,False,1.0,1.0
603102.SH,32,14,18,1.0678999677436936,1.0678999677436936,1.0679,3.2256306514710786e-08,3.020536331962191e-08,1.0679,3.2256306514710786e-08,True,0.983238160610199,0.983238160610199
603103.SH,32,14,18,1.46670002097602,1.46670002097602,1.46670002097602,0.0,0.0,1.4667,-2.0976020032037468e-08,True,0.9911365509033203,0.9911365509033203
603106.SH,31,14,17,1.8905,1.8905,1.8905,0.0,0.0,1.8905,0.0,True,1.0,1.0
603108.SH,33,14,19,5.662599950542285,5.662599950542285,5.6626,4.945771525655118e-08,8.734100181633847e-09,5.6626,4.945771525655118e-08,True,0.9983576536178589,0.9983576536178589
603109.SH,28,14,14,1.5326,1.5325999624590378,1.5326,3.75409621167222e-08,2.449495113971173e-08,1.5326,0.0,True,1.0,1.0
603110.SH,29,14,15,2.1055999801012018,2.1055999801012018,2.1056,1.989879816477469e-08,9.450417150848515e-09,2.1056,1.989879816477469e-08,True,0.9968655109405518,0.9968655109405518
603112.SH,30,14,16,1.1227000160748344,1.1226999687500645,1.1227000160748344,4.7324769880674467e-08,4.215264024501448e-08,1.1227,-1.607483435250856e-08,True,0.9877972602844238,0.9877972602844238
603113.SH,33,14,19,1.1896000049214428,1.1896000049214428,1.1896000218980813,1.697663853938991e-08,1.4270879681537149e-08,1.1896,-4.921442808836218e-09,True,0.9688971042633057,0.9688971042633057
603116.SH,33,14,19,1.9271,1.9271,1.9271,0.0,0.0,1.9271,0.0,True,1.0,1.0
603117.SH,31,14,17,1.482,1.482,1.482,0.0,0.0,1.482,0.0,True,1.0,1.0
603118.SH,33,14,19,2.5593000583180614,2.5593000583180614,2.5593000583180614,0.0,0.0,2.5593,-5.831806149103613e-08,True,0.9998827576637268,0.9998827576637268
603119.SH,29,14,15,1.316,1.316,1.316,0.0,0.0,1.316,0.0,True,1.0,1.0
603121.SH,33,14,19,2.0403,2.0403,2.0403000469345534,4.6934553576960525e-08,2.3003751201764706e-08,2.0403,0.0,True,1.0,1.0
603122.SH,32,14,18,1.0647,1.0647,1.0647000286455361,2.8645536165328167e-08,2.6904795872384868e-08,1.0647,0.0,True,0.9814971089363098,0.9814971089363098
603124.SH,31,14,17,1.0078,1.0078,1.0078,0.0,0.0,1.0078,0.0,True,1.0,1.0
603125.SH,28,14,14,2.1387,2.1387,2.1387,0.0,0.0,2.1387,0.0,True,1.0,1.0
603126.SH,34,14,20,1.6559,1.6559,1.6559,0.0,0.0,1.6559,0.0,True,1.0,1.0
603127.SH,28,14,14,7.824799838973151,7.824799838973151,7.824799838973151,0.0,0.0,7.8248,1.6102684874397255e-07,True,0.9991182088851929,0.9991182088851929
603129.SH,33,14,19,1.0975,1.0975,1.0975,0.0,0.0,1.0975,0.0,True,1.0,1.0
603130.SH,34,14,20,1.0349,1.0349,1.0349,0.0,0.0,1.0399,0.0050000000000001155,False,1.0,1.0
603131.SH,34,14,20,2.9096,2.9096,2.9096,0.0,0.0,2.9096,0.0,True,1.0,1.0
603132.SH,28,14,14,1.1387999722060056,1.1387999722060056,1.1387999722060056,0.0,0.0,1.1388,2.7793994439306857e-08,True,0.9864770174026489,0.9864770174026489
603135.SH,28,14,14,1.447500003607912,1.4475,1.4475000072158242,7.215824160411444e-09,4.985025314283877e-09,1.4475,-3.6079119691834194e-09,True,0.9928842782974243,0.9928842782974243
603137.SH,32,14,18,1.4274999788783918,1.4274999577567833,1.4275,4.224321670243114e-08,2.95924464640779e-08,1.4275,2.1121608240193268e-08,True,0.9947460889816284,0.9947460889816284
603138.SH,33,14,19,3.1110999500079783,3.1110999500079783,3.1110999500079783,0.0,0.0,3.1111,4.9992021633471495e-08,True,0.9999678730964661,0.9999678730964661
603139.SH,31,14,17,1.029,1.029,1.029,0.0,0.0,1.029,0.0,True,1.0,1.0
603150.SH,33,14,19,1.0415999959783517,1.0415999959783517,1.0416000176145868,2.163623502582368e-08,2.077211512035505e-08,1.0416,4.021648347674045e-09,True,0.9959677457809448,0.9959677457809448
603155.SH,31,14,17,2.319099977923533,2.319099977923533,2.319099977923533,0.0,0.0,2.3191,2.2076467320886195e-08,True,0.9905998110771179,0.9905998110771179
603156.SH,34,14,20,3.8560999768127666,3.8560999768127666,3.8560999768127666,0.0,0.0,3.8561,2.3187233466614998e-08,True,0.9773346185684204,0.9773346185684204
603158.SH,33,14,19,4.4016,4.401599930392171,4.4016,6.960782883425054e-08,1.5814210476701778e-08,4.4016,0.0,True,1.0,1.0
603159.SH,31,14,17,1.5143000343355073,1.5143,1.5143000343355073,3.433550732623303e-08,2.267417720907591e-08,1.5143,-3.433550732623303e-08,True,0.9964339733123779,0.9964339733123779
603160.SH,34,14,20,1.037600021447195,1.037600021447195,1.037600021447195,0.0,0.0,1.0376,-2.14471949089301e-08,True,0.9982652068138123,0.9982652068138123
603165.SH,32,14,18,2.719899919804593,2.719899919804593,2.719899919804593,0.0,0.0,2.7199,8.019540720383134e-08,True,0.9348505735397339,0.9348505735397339
603166.SH,33,14,19,1.5774,1.5774,1.5774,0.0,0.0,1.5774,0.0,True,1.0,1.0
603170.SH,30,14,16,1.08080002080534,1.08080002080534,1.08080002080534,0.0,0.0,1.0808,-2.0805340117391324e-08,True,0.9900999069213867,0.9900999069213867
603171.SH,30,14,16,1.0291,1.0291,1.0291,0.0,0.0,1.0291,0.0,True,1.0,1.0
603172.SH,31,14,17,1.012,1.012,1.012,0.0,0.0,1.012,0.0,True,1.0,1.0
603173.SH,33,14,19,1.0347,1.0347,1.0347,0.0,0.0,1.0347,0.0,True,1.0,1.0
603177.SH,33,14,19,1.0164,1.0164,1.0164000218622586,2.1862258670068968e-08,2.1509502823759316e-08,1.0164,0.0,True,0.9956709742546082,0.9956709742546082
603178.SH,33,14,19,1.0593,1.0593,1.0593,0.0,0.0,1.0593,0.0,True,1.0,1.0
603179.SH,33,14,19,2.6135,2.6134999324285486,2.6135,6.757145154523414e-08,2.5854773883770476e-08,2.6135,0.0,True,1.0,1.0
603180.SH,33,14,19,2.3295,2.329499932016389,2.3295,6.798361074089598e-08,2.9183777952734917e-08,2.3295,0.0,True,0.9803820848464966,1.0
603181.SH,29,14,15,3.1869,3.1869,3.1869,0.0,0.0,3.1869,0.0,True,1.0,1.0
603182.SH,34,14,20,1.0885000160569689,1.0885000160569689,1.0885000160569689,0.0,0.0,1.0885,-1.6056968865640897e-08,True,0.9785025119781494,0.9785025119781494
603185.SH,30,14,16,3.8416,3.8416,3.8416,0.0,0.0,3.8416,0.0,True,1.0,1.0
603186.SH,33,14,19,1.060200005353507,1.060200005353507,1.060200005353507,0.0,0.0,1.0602,-5.353506971061961e-09,True,0.9998113512992859,0.9998113512992859
603187.SH,29,14,15,4.5157000601195145,4.515700041378483,4.5157000601195145,1.8741031837521405e-08,4.150194120073023e-09,4.5157,-6.011951469986343e-08,True,0.9818189740180969,0.9818189740180969
603188.SH,34,14,20,2.160399959222874,2.160399959222874,2.160399959222874,0.0,0.0,2.1604,4.077712612016171e-08,True,0.9998148679733276,0.9998148679733276
603189.SH,32,14,18,1.0461,1.0461,1.0461,0.0,0.0,1.0461,0.0,True,1.0,1.0
603190.SH,30,14,16,1.0408999890253225,1.0408999692529146,1.0408999890253225,1.9772407933160707e-08,1.899549249844376e-08,1.0409,1.0974677389086196e-08,True,0.9892401099205017,0.9892401099205017
603194.SH,31,14,17,1.0219000051248401,1.0219000051248401,1.0219000051248401,0.0,0.0,1.0219,-5.1248401078396455e-09,True,0.9932478666305542,0.9932478666305542
603195.SH,30,14,16,3.4163,3.4163,3.4163,0.0,0.0,3.4163,0.0,True,1.0,1.0
603197.SH,33,14,19,1.5698999554761883,1.5698999554761883,1.5698999554761883,0.0,0.0,1.5699,4.452381174857578e-08,True,0.9917192459106445,0.9917192459106445
603198.SH,33,14,19,1.3158,1.3158,1.3158000140774178,1.4077417676006121e-08,1.0698751843749901e-08,1.3158,0.0,True,1.0,1.0
603199.SH,33,14,19,1.0933,1.0933,1.0933,0.0,0.0,1.0933,0.0,True,1.0,1.0
603200.SH,33,14,19,2.4571,2.4571,2.4571,0.0,0.0,2.4571,0.0,True,1.0,1.0
603201.SH,31,14,17,2.5229000354903754,2.522899993775902,2.5229000354903754,4.1714473653087225e-08,1.6534334720471473e-08,2.5229,-3.549037552730283e-08,True,0.8120813369750977,0.9965912103652954
603202.SH,29,14,15,1.0360999705431628,1.0360999705431628,1.0360999961649293,2.562176648623904e-08,2.4729048561604666e-08,1.0361,2.9456837191688123e-08,True,0.9651578068733215,0.989672839641571
603203.SH,33,14,19,3.194,3.194,3.194000097599196,9.75991958362954e-08,3.055704315475748e-08,3.194,0.0,True,1.0,1.0
603205.SH,31,14,17,1.3117,1.3116999833547516,1.3117,1.6645248512858757e-08,1.2689828857862892e-08,1.3117,0.0,True,0.7623694539070129,1.0
603207.SH,33,14,19,1.0730000016801633,1.0730000016801633,1.0730000016801633,0.0,0.0,1.073,-1.6801633417884432e-09,True,0.9791239500045776,0.9791239500045776
603208.SH,33,14,19,2.7083,2.7083,2.7083,0.0,0.0,2.7083,0.0,True,1.0,1.0
603209.SH,28,14,14,1.4499,1.4499,1.4499,0.0,0.0,1.4499,0.0,True,1.0,1.0
603210.SH,29,14,15,1.0,1.0,1.0,0.0,0.0,1.0,0.0,True,1.0,1.0
603215.SH,30,14,16,1.089,1.089,1.089,0.0,0.0,1.089,0.0,True,1.0,1.0
603217.SH,28,14,14,2.5078,2.5078,2.5078000530159477,5.301594763196249e-08,2.11404209394539e-08,2.5078,0.0,True,1.0,1.0
603218.SH,33,14,19,2.071699954431105,2.071699954431105,2.0717,4.556889487972171e-08,2.199589510163168e-08,2.0717,4.556889487972171e-08,True,0.9722450375556946,0.9722450375556946
603219.SH,33,14,19,1.511399996822326,1.511399996822326,1.5114,3.177674123833185e-09,2.1024706434525287e-09,1.5114,3.177674123833185e-09,True,0.9866349101066589,0.9866349101066589
603220.SH,28,14,14,1.3701,1.3701,1.3701000127707255,1.2770725366095803e-08,9.321016981312169e-09,1.3701,0.0,True,1.0,1.0
603221.SH,31,14,17,1.0519,1.0519,1.0519,0.0,0.0,1.0519,0.0,True,1.0,1.0
603222.SH,34,14,20,2.865,2.865,2.865,0.0,0.0,2.865,0.0,True,1.0,1.0
603223.SH,30,14,16,4.034000092194379,4.034000092194379,4.034000092194379,0.0,0.0,4.034,-9.219437924201657e-08,True,0.9958849549293518,0.9958849549293518
603225.SH,33,14,19,2.1465,2.1464999680146577,2.1465,3.19853423746963e-08,1.4901161134263358e-08,2.1465,0.0,True,0.9811320900917053,0.9811320900917053
603227.SH,31,14,17,2.273,2.273,2.273,0.0,0.0,2.273,0.0,True,1.0,1.0
603228.SH,33,14,19,2.2389,2.2389,2.2389,0.0,0.0,2.2389,0.0,True,1.0,1.0
603229.SH,33,14,19,4.800799937731143,4.800799937731143,4.8008,6.226885673754623e-08,1.2970516902434072e-08,4.8008,6.226885673754623e-08,True,0.9893767833709717,0.9893767833709717
603230.SH,31,14,17,1.0982,1.0982,1.098200003554663,3.5546630083871378e-09,3.2368084214051517e-09,1.0982,0.0,True,1.0,1.0
603232.SH,33,14,19,3.5607,3.5607,3.560700050376484,5.037648387329341e-08,1.4147915823656418e-08,3.5607,0.0,True,1.0,1.0
603233.SH,33,14,19,3.136500033663017,3.1364999974359873,3.136500033663017,3.6227029820423695e-08,1.1550144884938936e-08,3.1365,-3.366301726259735e-08,True,0.981635570526123,0.981635570526123
603235.SH,33,14,19,1.072,1.072,1.072,0.0,0.0,1.072,0.0,True,1.0,1.0
603236.SH,32,14,18,2.953600031436979,2.953600031436979,2.953600031436979,0.0,0.0,2.9536,-3.1436979242016605e-08,True,0.9950230121612549,0.9950230121612549
603237.SH,30,14,16,2.1388,2.1388,2.1388,0.0,0.0,2.1388,0.0,True,1.0,1.0
603238.SH,30,14,16,1.6065,1.6065,1.6065,0.0,0.0,1.6065,0.0,True,1.0,1.0
603239.SH,33,14,19,3.777,3.777,3.777,0.0,0.0,3.777,0.0,True,1.0,1.0
603255.SH,28,14,14,1.0042,1.0042,1.0042,0.0,0.0,1.0042,0.0,True,1.0,1.0
603256.SH,29,14,15,1.04,1.04,1.04,0.0,0.0,1.04,0.0,True,1.0,1.0
603257.SH,30,14,16,1.01,1.0099999969899653,1.01,3.01003466596228e-09,2.980232342536911e-09,1.01,0.0,True,1.0,1.0
603258.SH,33,14,19,1.1317,1.1317,1.1317,0.0,0.0,1.1317,0.0,True,1.0,1.0
603260.SH,31,14,17,1.5290000238659596,1.5290000238659596,1.5290000238659596,0.0,0.0,1.529,-2.3865959652979996e-08,True,0.9914976954460144,0.9914976954460144
603261.SH,34,14,20,1.0102000263027775,1.0102000263027775,1.0102000263027775,0.0,0.0,1.0102,-2.6302777511588715e-08,True,0.9998019933700562,0.9998019933700562
603266.SH,33,14,19,2.1127999879720445,2.1127999879720445,2.1128,1.2027955520466094e-08,5.692898328729658e-09,2.1128,1.2027955520466094e-08,True,0.991101861000061,0.991101861000061
603267.SH,31,14,17,1.4493999819205294,1.4493999819205294,1.4493999819205294,0.0,0.0,1.4494,1.8079470587295532e-08,True,0.9982751607894897,0.9982751607894897
603270.SH,28,14,14,1.0284000203382324,1.028400014206578,1.0284000264698872,1.2263309256965726e-08,1.1924648983313345e-08,1.0284,-2.0338232431527103e-08,True,0.9898871779441833,0.9918319582939148
603273.SH,31,14,17,1.0112999710793773,1.0112999710793773,1.0112999995631584,2.848378111153238e-08,2.8165511644513512e-08,1.0113,2.892062278547769e-08,True,0.9979234933853149,0.9979234933853149
603276.SH,34,14,20,1.3215,1.3214999951971014,1.3215,4.802898523337262e-09,3.634429453906366e-09,1.3215,0.0,True,1.0,1.0
603277.SH,28,14,14,1.8932999875145264,1.8932999875145264,1.8932999875145264,0.0,0.0,1.8933,1.2485473543932812e-08,True,0.9805630445480347,0.9805630445480347
603278.SH,32,14,18,1.4695,1.4695,1.4695,0.0,0.0,1.4695,0.0,True,1.0,1.0
603279.SH,34,14,20,1.8587999817833922,1.8587999817833922,1.8587999817833922,0.0,0.0,1.8588,1.8216607777787885e-08,True,0.9698192477226257,0.9698192477226257
603280.SH,31,14,17,1.0409,1.0409,1.0409,0.0,0.0,1.0409,0.0,True,1.0,1.0
603281.SH,32,14,18,1.5600999890206861,1.5600999890206861,1.5601,1.0979313902481636e-08,7.037570655566523e-09,1.5601,1.0979313902481636e-08,True,0.9608999490737915,0.9608999490737915
603282.SH,34,14,20,1.0464,1.0463999924575451,1.0464,7.542454882880634e-09,7.208003519572471e-09,1.0464,0.0,True,1.0,1.0
603283.SH,29,14,15,1.5364,1.5364,1.5364,0.0,0.0,1.5364,0.0,True,1.0,1.0
603288.SH,33,14,19,8.782499898878763,8.782499898878763,8.782499898878763,0.0,0.0,8.7825,1.0112123760563918e-07,True,0.985539436340332,0.985539436340332
603289.SH,30,14,16,1.4951,1.4951,1.4951,0.0,0.0,1.4951,0.0,True,1.0,1.0
603290.SH,32,14,18,1.4446,1.4446,1.4446,0.0,0.0,1.4446,0.0,True,1.0,1.0
603298.SH,33,14,19,2.4039000031724638,2.4039000031724638,2.4039000031724638,0.0,0.0,2.4039,-3.1724636251340144e-09,True,0.9920129776000977,0.9920129776000977
603300.SH,31,14,17,5.6094,5.6094,5.609400111781522,1.1178152181656742e-07,1.992753624568892e-08,5.6094,0.0,True,0.9971297979354858,1.0
603301.SH,31,14,17,2.3834,2.3834,2.3834,0.0,0.0,2.3834,0.0,True,1.0,1.0
603303.SH,33,14,19,2.6348999967388598,2.6348999967388598,2.6348999967388598,0.0,0.0,2.6349,3.2611402467352946e-09,True,0.9558996558189392,0.9558996558189392
603305.SH,28,14,14,2.1232,2.1232,2.1232,0.0,0.0,2.1232,0.0,True,1.0,1.0
603307.SH,31,14,17,1.0832000122313579,1.0832000122313579,1.083200017329594,5.098236055545158e-09,4.706643277304763e-09,1.0832,-1.2231357926495434e-08,True,0.9902141690254211,0.9902141690254211
603308.SH,33,14,19,1.4871,1.4871,1.4871,0.0,0.0,1.4871,0.0,True,1.0,1.0
603309.SH,30,14,16,3.109199921648629,3.109199921648629,3.109199921648629,0.0,0.0,3.1092,7.835137116884994e-08,True,0.9859127998352051,0.9859127998352051
603310.SH,30,14,16,1.0388,1.03879998508221,1.0388,1.4917789892265887e-08,1.4360598664098852e-08,1.0388,0.0,True,1.0,1.0
603311.SH,33,14,19,1.1139,1.1139,1.1139,0.0,0.0,1.1139,0.0,True,1.0,1.0
603312.SH,29,14,15,1.0532000031000301,1.0532000031000301,1.0532000031000301,0.0,0.0,1.0532,-3.100030232516815e-09,True,0.9921192526817322,0.9921192526817322
603313.SH,33,14,19,1.8209,1.8209,1.8209,0.0,0.0,1.8209,0.0,True,1.0,1.0
603315.SH,30,14,16,2.0946999768387236,2.0946999768387236,2.0947,2.3161276452299262e-08,1.1057085362293156e-08,2.0947,2.3161276452299262e-08,True,0.9941280484199524,0.9941280484199524
603316.SH,33,14,19,1.3402999798312347,1.3402999798312347,1.3402999798312347,0.0,0.0,1.3403,2.016876532451306e-08,True,0.9997761845588684,0.9997761845588684
603318.SH,34,14,20,3.109699930703527,3.109699930703527,3.1097,6.929647300424335e-08,2.2283974193151806e-08,3.1097,6.929647300424335e-08,True,0.9899347424507141,0.9899347424507141
603319.SH,33,14,19,3.7454999401601947,3.7454999041896597,3.7454999401601947,3.5970534995044545e-08,9.60366721925674e-09,3.7455,5.983980511103937e-08,True,0.7089574337005615,0.9989587664604187
603320.SH,33,14,19,1.3947,1.3947,1.3947,0.0,0.0,1.3947,0.0,True,1.0,1.0
603322.SH,31,14,17,1.973,1.973,1.973,0.0,0.0,1.973,0.0,True,1.0,1.0
603323.SH,33,14,19,2.0432000218425252,2.0432000218425252,2.0432000218425252,0.0,0.0,2.0432,-2.184252512194007e-08,True,0.9823805689811707,0.9823805689811707
603324.SH,31,14,17,1.2447,1.2447,1.2447000262191954,2.6219195481402835e-08,2.1064670588417157e-08,1.2447,0.0,True,1.0,1.0
603325.SH,30,14,16,1.2510000232749205,1.2510000061862565,1.2510000232749205,1.7088664039377477e-08,1.3660002974773776e-08,1.251,-2.3274920657456732e-08,True,0.821023166179657,0.821023166179657
603326.SH,33,14,19,2.4246000274080584,2.4246000274080584,2.424600034127067,6.719008460720488e-09,2.7711822093408252e-09,2.4246,-2.7408058489442055e-08,True,0.9821001291275024,0.9821001291275024
603328.SH,33,14,19,3.0136,3.0135999790535215,3.0136,2.0946478329619822e-08,6.950649830641035e-09,3.0136,0.0,True,0.9811521172523499,0.9811521172523499
603331.SH,33,14,19,1.559,1.5589999729698527,1.559,2.7030147231599244e-08,1.733813164310407e-08,1.559,0.0,True,0.9923027753829956,0.9923027753829956
603332.SH,29,14,15,2.0316,2.0316,2.0316,0.0,0.0,2.0316,0.0,True,1.0,1.0
603333.SH,33,14,19,1.539900045325654,1.539900045325654,1.539900045325654,0.0,0.0,1.5399,-4.5325653896810536e-08,True,0.9987661242485046,0.9987661242485046
603335.SH,33,14,19,1.73,1.73,1.73,0.0,0.0,1.73,0.0,True,1.0,1.0
603337.SH,33,14,19,2.4329,2.4329,2.4329,0.0,0.0,2.4329,0.0,True,1.0,1.0
603338.SH,33,14,19,7.4302,7.4302,7.4302,0.0,0.0,7.4302,0.0,True,1.0,1.0
603339.SH,33,14,19,1.6825,1.6825,1.682500001975307,1.975306807011634e-09,1.1740307916859638e-09,1.6825,0.0,True,1.0,1.0
603341.SH,32,14,18,1.0248,1.0248,1.0248,0.0,0.0,1.0248,0.0,True,1.0,1.0
603344.SH,30,14,16,1.0258,1.0258,1.0258,0.0,0.0,1.0258,0.0,True,1.0,1.0
603345.SH,33,14,19,1.145100002175839,1.145100002175839,1.145100002175839,0.0,0.0,1.1451,-2.1758390644777137e-09,True,0.9807003736495972,0.9807003736495972
603348.SH,31,14,17,1.0496,1.0496,1.0496,0.0,0.0,1.0496,0.0,True,1.0,1.0
603351.SH,31,14,17,2.1511,2.1511,2.1511,0.0,0.0,2.1511,0.0,True,1.0,1.0
603353.SH,32,14,18,1.407100005019379,1.407100005019379,1.407100005019379,0.0,0.0,1.4071,-5.019378912507477e-09,True,0.996304452419281,0.996304452419281
603355.SH,33,14,19,1.86,1.86,1.86,0.0,0.0,1.86,0.0,True,1.0,1.0
603357.SH,33,14,19,2.145000032940944,2.1450000273573773,2.145000032940944,5.583566942135576e-09,2.6030614715096845e-09,2.145,-3.29409441945927e-08,True,0.9919347167015076,0.9919347167015076
603358.SH,28,14,14,3.247299939856863,3.247299939856863,3.24729998368023,4.382336715735846e-08,1.349532472177182e-08,3.2473,6.014313713720298e-08,True,0.9972900748252869,0.9972900748252869
603360.SH,33,14,19,6.7046,6.7046,6.7046,0.0,0.0,6.7046,0.0,True,1.0,1.0
603368.SH,33,14,19,3.1996,3.1996,3.1996,0.0,0.0,3.1996,0.0,True,1.0,1.0
603369.SH,33,14,19,2.9148,2.9148,2.9148,0.0,0.0,2.9148,0.0,True,1.0,1.0
603373.SH,33,14,19,1.0335000032383983,1.0335000032383983,1.0335000032383983,0.0,0.0,1.0335,-3.238398216254268e-09,True,0.9957426190376282,0.9957426190376282
603375.SH,31,14,17,1.0137999936423883,1.0137999936423883,1.0137999936423883,0.0,0.0,1.0138,6.357611770368976e-09,True,0.9975340366363525,0.9975340366363525
603380.SH,33,14,19,1.1247,1.1247,1.1247,0.0,0.0,1.1247,0.0,True,1.0,1.0
603381.SH,32,14,18,1.0254,1.0253999738779098,1.0254,2.6122090268643205e-08,2.547502464271816e-08,1.0254,0.0,True,1.0,1.0
603382.SH,31,14,17,1.0058000167741088,1.0058000167741088,1.0058000167741088,0.0,0.0,1.0058,-1.6774108768657925e-08,True,0.9942334294319153,0.9942334294319153
603383.SH,31,14,17,2.684300037668498,2.684300037668498,2.684300037668498,0.0,0.0,2.6843,-3.7668498098497594e-08,True,0.9948217272758484,0.9948217272758484
603385.SH,33,14,19,1.5039,1.5039,1.5039,0.0,0.0,1.5039,0.0,True,1.0,1.0
603387.SH,33,14,19,4.397399992638299,4.397399992638299,4.397399992638299,0.0,0.0,4.3974,7.361701470642856e-09,True,0.9894028306007385,0.9894028306007385
603390.SH,32,14,18,1.0356000052176784,1.0356000052176784,1.0356000052176784,0.0,0.0,1.0356,-5.217678289426431e-09,True,0.9961374998092651,0.9961374998092651
603391.SH,29,14,15,1.0643,1.0643,1.0643,0.0,0.0,1.0643,0.0,True,1.0,1.0
603395.SH,29,14,15,1.3045,1.3045,1.3045,0.0,0.0,1.3045,0.0,True,1.0,1.0
603396.SH,28,14,14,1.4737,1.4736999721334298,1.4737,2.7866570162515814e-08,1.8909255725395816e-08,1.4737,0.0,True,1.0,1.0
603399.SH,29,14,15,1.4714000100759244,1.4714000100759244,1.4714000100759244,0.0,0.0,1.4714,-1.0075924317121121e-08,True,0.9997281432151794,0.9997281432151794
603408.SH,32,14,18,1.252899967282369,1.252899967282369,1.252899967282369,0.0,0.0,1.2529,3.271763082679513e-08,True,0.985952615737915,0.985952615737915
603409.SH,32,14,18,1.0146,1.0146,1.0146000255324918,2.5532491898516696e-08,2.5165081705614722e-08,1.0146,0.0,True,1.0,1.0
603416.SH,33,14,19,1.5036000094211652,1.5035999916904743,1.5036000094211652,1.773069091548507e-08,1.1792159353810314e-08,1.5036,-9.421165181322522e-09,True,0.989491879940033,0.989491879940033
603421.SH,33,14,19,1.5027,1.5027,1.5027,0.0,0.0,1.5027,0.0,True,1.0,1.0
603429.SH,28,14,14,7.6069,7.6069,7.6069,0.0,0.0,7.6069,0.0,True,1.0,1.0
603439.SH,28,14,14,1.0673,1.0673,1.067300000533712,5.337121855575333e-10,5.000582643657203e-10,1.0673,0.0,True,1.0,1.0
603444.SH,33,14,19,1.3539999623235413,1.3539999623235413,1.3539999623235413,0.0,0.0,1.354,3.7676458841673366e-08,True,0.9745199680328369,0.9745199680328369
603456.SH,32,14,18,4.186100106799916,4.1861000774982795,4.186100106799916,2.930163667258512e-08,6.9997458075566405e-09,4.1861,-1.0679991646611597e-07,True,0.9895606637001038,0.9895606637001038
603458.SH,31,14,17,2.905400035028512,2.905400035028512,2.905400035028512,0.0,0.0,2.9054,-3.502851164682852e-08,True,0.9998623132705688,0.9998623132705688
603477.SH,29,14,15,1.0381,1.0381,1.0381,0.0,0.0,1.0381,0.0,True,1.0,1.0
603486.SH,34,14,20,1.4703,1.4703,1.4703,0.0,0.0,1.4703,0.0,True,1.0,1.0
603488.SH,28,14,14,1.6775,1.677499967644294,1.6775,3.23557058923285e-08,1.9288051202580327e-08,1.6775,0.0,True,1.0,1.0
603489.SH,31,14,17,2.1467,2.1467,2.1467,0.0,0.0,2.1467,0.0,True,1.0,1.0
603499.SH,29,14,15,2.8371,2.8371,2.8371,0.0,0.0,2.8371,0.0,True,1.0,1.0
603500.SH,33,14,19,3.0360000232092608,3.036,3.0360000232092608,2.320926073551277e-08,7.644683978288967e-09,3.036,-2.320926073551277e-08,True,0.9861660003662109,0.9861660003662109
603505.SH,33,14,19,3.8044998587741543,3.8044998587741543,3.8045001130358544,2.5426170013886917e-07,6.683183324411916e-08,3.8045,1.41225845684545e-07,True,0.7097647786140442,0.7097647786140442
603506.SH,30,14,16,2.704,2.704,2.704,0.0,0.0,2.704,0.0,True,1.0,1.0
603507.SH,32,14,18,1.377,1.376999966716166,1.377,3.3283833911212923e-08,2.4171266456944752e-08,1.377,0.0,True,1.0,1.0
603508.SH,33,14,19,2.5630999797015783,2.5630999797015783,2.5630999797015783,0.0,0.0,2.5631,2.0298421610220885e-08,True,0.9422964453697205,0.9422964453697205
603511.SH,29,14,15,1.1793,1.1793,1.1793,0.0,0.0,1.1793,0.0,True,1.0,1.0
603515.SH,33,14,19,1.629,1.629,1.6290000339359685,3.393596847978131e-08,2.0832393173591965e-08,1.629,0.0,True,1.0,1.0
603516.SH,29,14,15,2.1027,2.1027,2.102700036482755,3.6482755039202175e-08,1.7350432795549615e-08,2.1027,0.0,True,1.0,1.0
603517.SH,33,14,19,1.5997,1.5997,1.599700007149085,7.149085101687547e-09,4.469016129078919e-09,1.5997,0.0,True,1.0,1.0
603518.SH,30,14,16,1.5734,1.5734,1.5734,0.0,0.0,1.5734,0.0,True,1.0,1.0
603519.SH,33,14,19,5.1025,5.1025,5.1025,0.0,0.0,5.1025,0.0,True,1.0,1.0
603520.SH,28,14,14,3.0416000455867414,3.0416000455867414,3.0416000455867414,0.0,0.0,3.0416,-4.5586741492797955e-08,True,0.9957916736602783,0.9957916736602783
603527.SH,30,14,16,2.24,2.24,2.24,0.0,0.0,2.24,0.0,True,1.0,1.0
603528.SH,33,14,19,3.1679,3.1679,3.1679000930012164,9.300121650568371e-08,2.93573712887666e-08,3.1679,0.0,True,1.0,1.0
603529.SH,30,14,16,2.335199950729641,2.335199950729641,2.335199950729641,0.0,0.0,2.3352,4.927035890389675e-08,True,0.9823141694068909,0.9823141694068909
603530.SH,29,14,15,1.058,1.058,1.058,0.0,0.0,1.058,0.0,True,1.0,1.0
603533.SH,29,14,15,1.0311,1.0311,1.0311,0.0,0.0,1.0311,0.0,True,1.0,1.0
603535.SH,33,14,19,3.3207,3.3207,3.3207,0.0,0.0,3.3207,0.0,True,1.0,1.0
603536.SH,33,14,19,2.0283999440082776,2.0283999440082776,2.0283999440082776,0.0,0.0,2.0284,5.599172236969707e-08,True,0.999802827835083,0.999802827835083
603551.SH,29,14,15,1.41120003287512,1.41120003287512,1.41120003287512,0.0,0.0,1.4112,-3.28751199596411e-08,True,0.9747023582458496,0.9747023582458496
603556.SH,33,14,19,1.6253,1.625299970441046,1.6253,2.955895395118091e-08,1.818676795125879e-08,1.6253,0.0,True,1.0,1.0
603557.SH,33,14,19,1.0582000064981345,1.0582000064981345,1.0582000064981345,0.0,0.0,1.0582,-6.4981344749526215e-09,True,0.9998109936714172,0.9998109936714172
603558.SH,33,14,19,4.9110000575604955,4.9110000575604955,4.9110000575604955,0.0,0.0,4.911,-5.756049592520185e-08,True,0.9748319983482361,0.9748319983482361
603559.SH,28,14,14,2.1819,2.1819,2.1819,0.0,0.0,2.1819,0.0,True,1.0,1.0
603566.SH,33,14,19,2.396200048097902,2.396200048097902,2.396200048097902,0.0,0.0,2.3962,-4.8097902105581625e-08,True,0.9859360456466675,0.9859360456466675
603567.SH,33,14,19,2.2236000193061747,2.2236000193061747,2.2236000193061747,0.0,0.0,2.2236,-1.9306174880995286e-08,True,0.9879474639892578,0.9879474639892578
603568.SH,33,14,19,3.8241,3.8241,3.8241,0.0,0.0,3.8241,0.0,True,1.0,1.0
603569.SH,33,14,19,1.6447999829875906,1.6447999829875906,1.6447999829875906,0.0,0.0,1.6448,1.7012409481154123e-08,True,0.9641901850700378,0.9641901850700378
603577.SH,33,14,19,2.232,2.232,2.232,0.0,0.0,2.232,0.0,True,1.0,1.0
603578.SH,32,14,18,1.9633,1.9633,1.9633,0.0,0.0,1.9633,0.0,True,1.0,1.0
603579.SH,33,14,19,3.2254,3.2254,3.2254,0.0,0.0,3.2254,0.0,True,1.0,1.0
603580.SH,32,14,18,2.0581000048481637,2.0581000048481637,2.0581000048481637,0.0,0.0,2.0581,-4.8481636483188595e-09,True,0.9946066737174988,0.9946066737174988
603583.SH,28,14,14,3.0378,3.0378,3.0378,0.0,0.0,3.0378,0.0,True,1.0,1.0
603585.SH,33,14,19,2.1299,2.1299,2.1299,0.0,0.0,2.1299,0.0,True,1.0,1.0
603586.SH,33,14,19,1.2462000279423984,1.2462000279423984,1.2462000279423984,0.0,0.0,1.2462,-2.7942398395097712e-08,True,0.9944631457328796,0.9944631457328796
603589.SH,33,14,19,1.2678,1.2678,1.267800037879353,3.787935298760203e-08,2.9878019393912315e-08,1.2678,0.0,True,1.0,1.0
603595.SH,33,14,19,1.975,1.975,1.9750000243906496,2.439064950010561e-08,1.2349695949420561e-08,1.975,0.0,True,1.0,1.0
603596.SH,31,14,17,1.4418,1.4418,1.4418,0.0,0.0,1.4418,0.0,True,1.0,1.0
603598.SH,34,14,20,2.0132000334534506,2.0132000334534506,2.0132000334534506,0.0,0.0,2.0132,-3.3453450676290686e-08,True,0.9999006390571594,0.9999006390571594
603599.SH,33,14,19,4.7565,4.756499920033437,4.7565,7.996656314901429e-08,1.6812059949335496e-08,4.7565,0.0,True,1.0,1.0
603600.SH,33,14,19,3.446300034949289,3.446300034949289,3.446300034949289,0.0,0.0,3.4463,-3.494928924041574e-08,True,0.9859269261360168,0.9859269261360168
603601.SH,33,14,19,13.976200370870616,13.976200370870616,13.976200370870616,0.0,0.0,13.9762,-3.708706159955e-07,True,0.9959216117858887,0.9959216117858887
603605.SH,30,14,16,2.100599969800401,2.100599969800401,2.100599969800401,0.0,0.0,2.1006,3.019959882166745e-08,True,0.9900028705596924,0.9900028705596924
603606.SH,33,14,19,4.1484,4.1484,4.1484,0.0,0.0,4.1484,0.0,True,1.0,1.0
603607.SH,33,14,19,2.3473,2.3473,2.3473,0.0,0.0,2.3473,0.0,True,1.0,1.0
603610.SH,29,14,15,2.797,2.797,2.797,0.0,0.0,2.797,0.0,True,1.0,1.0
603611.SH,33,14,19,3.5398,3.5398,3.5398,0.0,0.0,3.5398,0.0,True,1.0,1.0
603612.SH,33,14,19,1.6019000129190348,1.6019000129190348,1.6019000129190348,0.0,0.0,1.6019,-1.291903473088496e-08,True,0.9919470548629761,0.9919470548629761
603613.SH,33,14,19,4.514699897511024,4.514699897511024,4.5147,1.0248897641673693e-07,2.270117144956625e-08,4.5147,1.0248897641673693e-07,True,0.9969876408576965,0.9969876408576965
603615.SH,33,14,19,1.1558000317674229,1.1558000317674229,1.1558000317674229,0.0,0.0,1.1558,-3.176742291444157e-08,True,0.9993078112602234,0.9993078112602234
603616.SH,31,14,17,2.0132000334534506,2.0132000334534506,2.0132000334534506,0.0,0.0,2.0132,-3.3453450676290686e-08,True,0.9999006390571594,0.9999006390571594
603617.SH,33,14,19,3.0063,3.006299911798695,3.0063,8.82013049263719e-08,2.9338823446220238e-08,3.0063,0.0,True,1.0,1.0
603618.SH,33,14,19,3.2945,3.2945,3.2945,0.0,0.0,3.2945,0.0,True,1.0,1.0
603619.SH,28,14,14,1.1119999707647743,1.1119999704377421,1.1119999707647743,3.2703217911489446e-10,2.9409369398632194e-10,1.112,2.92352257957873e-08,True,0.9753597378730774,0.9753597378730774
603626.SH,33,14,19,2.103,2.103,2.103,0.0,0.0,2.103,0.0,True,1.0,1.0
603628.SH,33,14,19,1.0371,1.0371,1.0371000006235558,6.235558736022995e-10,6.012495165387133e-10,1.0371,0.0,True,1.0,1.0
603629.SH,34,14,20,2.0411999525227262,2.0411999525227262,2.041199993287448,4.076472182035218e-08,1.997095961616642e-08,2.0412,4.747727366805066e-08,True,0.9968156218528748,0.9968156218528748
603630.SH,33,14,19,1.4195,1.4195,1.4195000174580075,1.745800748409465e-08,1.2298701996544311e-08,1.4195,0.0,True,1.0,1.0
603637.SH,31,14,17,2.7086,2.7086,2.7086,0.0,0.0,2.7086,0.0,True,1.0,1.0
603638.SH,33,14,19,4.719700118852692,4.719700118852692,4.719700118852692,0.0,0.0,4.7197,-1.1885269213252059e-07,True,0.9951267838478088,0.9951267838478088
603639.SH,33,14,19,3.4292999253062617,3.4292999253062617,3.4293,7.469373830559789e-08,2.1781045674774913e-08,3.4293,7.469373830559789e-08,True,0.9646866917610168,0.9646866917610168
603656.SH,33,14,19,2.0706,2.0706,2.0706,0.0,0.0,2.0706,0.0,True,1.0,1.0
603657.SH,34,14,20,1.5818,1.5818,1.5818,0.0,0.0,1.5818,0.0,True,1.0,1.0
603658.SH,33,14,19,1.497,1.497,1.497,0.0,0.0,1.497,0.0,True,1.0,1.0
603660.SH,31,14,17,2.015,2.015,2.015,0.0,0.0,2.015,0.0,True,1.0,1.0
603661.SH,29,14,15,1.5838000208933032,1.5838000208933032,1.5838000208933032,0.0,0.0,1.5838,-2.0893303087632376e-08,True,0.98307865858078,0.98307865858078
603662.SH,28,14,14,2.524500058888648,2.5245,2.524500058888648,5.8888647735955146e-08,2.332685536235618e-08,2.5245,-5.8888647735955146e-08,True,0.995761513710022,0.995761513710022
603663.SH,33,14,19,2.8924,2.8924,2.8924000640756207,6.407562080923412e-08,2.215309805325478e-08,2.8924,0.0,True,0.997199535369873,0.997199535369873
603665.SH,33,14,19,1.591,1.591,1.591,0.0,0.0,1.591,0.0,True,1.0,1.0
603666.SH,34,14,20,2.797,2.797,2.797,0.0,0.0,2.797,0.0,True,1.0,1.0
603668.SH,33,14,19,1.574,1.574,1.574,0.0,0.0,1.574,0.0,True,1.0,1.0
603669.SH,33,14,19,3.221,3.221,3.221,0.0,0.0,3.221,0.0,True,1.0,1.0
603676.SH,33,14,19,1.143499988494389,1.143499988494389,1.143499988494389,0.0,0.0,1.1435,1.1505610908457697e-08,True,0.9868823885917664,0.9868823885917664
603677.SH,30,14,16,2.8074,2.8074,2.8074,0.0,0.0,2.8074,0.0,True,1.0,1.0
603678.SH,33,14,19,2.678100070210593,2.678100070210593,2.678100070210593,0.0,0.0,2.6781,-7.021059289513687e-08,True,0.9958925843238831,0.9958925843238831
603679.SH,33,14,19,1.4385999734410146,1.4385999734410146,1.4385999734410146,0.0,0.0,1.4386,2.6558985455338302e-08,True,0.9995829463005066,0.9995829463005066
603680.SH,28,14,14,2.049099992698759,2.049099992698759,2.049100054811932,6.21131728273383e-08,3.031241669447882e-08,2.0491,7.3012409451678195e-09,True,0.9877995252609253,0.9877995252609253
603681.SH,30,14,16,1.0714,1.0713999989284357,1.0714,1.0715641707292889e-09,1.0001532301001391e-09,1.0714,0.0,True,1.0,1.0
603682.SH,33,14,19,1.283999978170075,1.283999978170075,1.283999978170075,0.0,0.0,1.3305,0.046500021829924965,False,0.9807632565498352,0.9807632565498352
603685.SH,31,14,17,1.8511,1.8511,1.8511,0.0,0.0,1.8511,0.0,True,1.0,1.0
603686.SH,33,14,19,3.2978,3.2977999623869803,3.2978,3.7613019809867865e-08,1.1405488449835607e-08,3.2978,0.0,True,1.0,1.0
603688.SH,33,14,19,2.6716,2.6716,2.6716,0.0,0.0,2.6716,0.0,True,1.0,1.0
603689.SH,33,14,19,1.7028999624482,1.7028999624482,1.7028999624482,0.0,0.0,1.7029,3.755180011388859e-08,True,0.9944213032722473,0.9944213032722473
603690.SH,30,14,16,1.2352,1.2351999648336105,1.2352,3.51663895781229e-08,2.8470198816485508e-08,1.2352,0.0,True,0.9979760646820068,0.9979760646820068
603693.SH,33,14,19,1.4281,1.4280999804832166,1.4281,1.951678330058826e-08,1.3666258175609734e-08,1.4281,0.0,True,1.0,1.0
603696.SH,32,14,18,2.3495,2.3495,2.3495,0.0,0.0,2.3495,0.0,True,1.0,1.0
603698.SH,33,14,19,1.390100020806725,1.390100020806725,1.390100020806725,0.0,0.0,1.3901,-2.0806725009592242e-08,True,0.997482180595398,0.997482180595398
603699.SH,34,14,20,1.4175000312116746,1.417499995775521,1.4175000312116746,3.543615356704777e-08,2.499904958503391e-08,1.4175,-3.1211674578202064e-08,True,0.9867371916770935,0.9867371916770935
603703.SH,34,14,20,3.5127,3.5127,3.5127,0.0,0.0,3.5127,0.0,True,1.0,1.0
603707.SH,33,14,19,3.896,3.896,3.896,0.0,0.0,3.896,0.0,True,1.0,1.0
603708.SH,33,14,19,1.979399962787656,1.979399962787656,1.9793999917193268,2.893167083684034e-08,1.461638445021232e-08,1.9794,3.721234409503893e-08,True,0.977063775062561,0.977063775062561
603711.SH,30,14,16,1.1085,1.1085,1.1085000198397266,1.983972652830346e-08,1.7897813737756842e-08,1.1085,0.0,True,0.9824086427688599,1.0
603713.SH,34,14,20,1.0389,1.0389,1.0389,0.0,0.0,1.0389,0.0,True,1.0,1.0
603716.SH,30,14,16,3.526,3.526,3.526,0.0,0.0,3.526,0.0,True,1.0,1.0
603717.SH,33,14,19,1.415,1.415,1.415,0.0,0.0,1.415,0.0,True,1.0,1.0
603718.SH,30,14,16,2.3736,2.3736,2.3736000555140055,5.5514005392609533e-08,2.3388104732309373e-08,2.3736,0.0,True,0.9895095825195312,0.9895095825195312
603721.SH,30,14,16,1.349,1.349,1.349,0.0,0.0,1.349,0.0,True,1.0,1.0
603722.SH,32,14,18,1.0599,1.0599,1.0599,0.0,0.0,1.0599,0.0,True,1.0,1.0
603727.SH,33,14,19,1.1092999934352894,1.1092999934352894,1.1092999934352894,0.0,0.0,1.1093,6.5647105529365035e-09,True,0.9969350099563599,0.9969350099563599
603728.SH,33,14,19,1.3245,1.3245,1.3245,0.0,0.0,1.3245,0.0,True,1.0,1.0
603729.SH,33,14,19,1.4088,1.4087999919368732,1.4088,8.06312683288013e-09,5.723400647984192e-09,1.4088,0.0,True,0.9994321465492249,0.9994321465492249
603730.SH,29,14,15,6.6492,6.6492,6.6492,0.0,0.0,6.6492,0.0,True,1.0,1.0
603737.SH,33,14,19,7.415400085614188,7.415400085614188,7.415400085614188,0.0,0.0,7.4154,-8.561418773922469e-08,True,0.9886047840118408,0.9886047840118408
603738.SH,33,14,19,4.9714,4.9714,4.9714000572974415,5.7297441458104004e-08,1.1525413657743091e-08,4.9714,0.0,True,1.0,1.0
603739.SH,30,14,16,1.4797,1.4797,1.4797,0.0,0.0,1.4797,0.0,True,1.0,1.0
603755.SH,34,14,20,1.061600010356502,1.061600010356502,1.061600010356502,0.0,0.0,1.0616,-1.0356501878305835e-08,True,0.9853051900863647,0.9853051900863647
603757.SH,33,14,19,2.5411000042687255,2.5411000042687255,2.5411000042687255,0.0,0.0,2.5411,-4.268725373179905e-09,True,0.9885876178741455,0.9885876178741455
603758.SH,30,14,16,1.3127,1.3127,1.3127,0.0,0.0,1.3127,0.0,True,1.0,1.0
603767.SH,33,14,19,1.7061,1.7061,1.7061,0.0,0.0,1.7061,0.0,True,1.0,1.0
603768.SH,33,14,19,1.056,1.056,1.056000026829917,2.6829916954795863e-08,2.540711832840517e-08,1.056,0.0,True,1.0,1.0
603773.SH,28,14,14,2.2667000311902195,2.2667,2.2667000623804383,6.238043814832395e-08,2.7520376445915808e-08,2.2667,-3.119021929620658e-08,True,0.9979264736175537,1.0
603776.SH,29,14,15,2.6342,2.6342,2.6342000566009784,5.66009785707422e-08,2.148697083393144e-08,2.6342,0.0,True,1.0,1.0
603777.SH,33,14,19,1.4706,1.4706,1.4706,0.0,0.0,1.4706,0.0,True,1.0,1.0
603779.SH,31,14,17,1.474,1.4739999823330538,1.474,1.7666946128258587e-08,1.1985716504924414e-08,1.474,0.0,True,1.0,1.0
603786.SH,28,14,14,1.0516,1.0516,1.0516,0.0,0.0,1.0516,0.0,True,1.0,1.0
603787.SH,33,14,19,1.1189999998076838,1.1189999998076838,1.1189999998076838,0.0,0.0,1.119,1.923161629946435e-10,True,0.9917783737182617,0.9917783737182617
603788.SH,33,14,19,2.0358,2.0358,2.03580004566383,4.566383005055741e-08,2.2430410674210338e-08,2.0358,0.0,True,1.0,1.0
603789.SH,31,14,17,1.322,1.322,1.322,0.0,0.0,1.322,0.0,True,1.0,1.0
603797.SH,33,14,19,2.1943999474141247,2.1943999474141247,2.1943999474141247,0.0,0.0,2.1944,5.2585875209842925e-08,True,0.9811338186264038,0.9811338186264038
603798.SH,33,14,19,2.8396,2.839599915370336,2.8396,8.462966372135838e-08,2.980337502512973e-08,2.8396,0.0,True,1.0,1.0
603799.SH,32,14,18,2.56,2.56,2.56,0.0,0.0,2.56,0.0,True,1.0,1.0
603801.SH,33,14,19,3.4489,3.4489,3.4489,0.0,0.0,3.4489,0.0,True,1.0,1.0
603803.SH,30,14,16,1.0681000157072948,1.0681000157072948,1.0681000157072948,0.0,0.0,1.0681,-1.5707294798161797e-08,True,0.9999063611030579,0.9999063611030579
603806.SH,33,14,19,6.8442,6.8442,6.8442000647091135,6.470911362299603e-08,9.454591277723624e-09,6.8442,0.0,True,1.0,1.0
603808.SH,33,14,19,2.3313,2.3312999936549086,2.3313,6.345091563275673e-09,2.721696719974123e-09,2.3313,0.0,True,0.9938660860061646,0.9938660860061646
603809.SH,32,14,18,7.9855,7.9855,7.9855,0.0,0.0,7.9855,0.0,True,1.0,1.0
603810.SH,30,14,16,2.0773999472755014,2.0773999472755014,2.0773999472755014,0.0,0.0,2.0774,5.272449854487604e-08,True,0.9998074769973755,0.9998074769973755
603811.SH,33,14,19,4.4958,4.4958,4.4958,0.0,0.0,4.4958,0.0,True,1.0,1.0
603813.SH,33,14,19,1.081,1.081,1.081,0.0,0.0,1.081,0.0,True,1.0,1.0
603816.SH,29,14,15,2.2677,2.2677,2.2677000031385557,3.1385556376051227e-09,1.3840259459386703e-09,2.2677,0.0,True,1.0,1.0
603817.SH,33,14,19,1.0825000295924034,1.0825000295924034,1.0825000295924034,0.0,0.0,1.0825,-2.9592403416600632e-08,True,0.9905773401260376,0.9905773401260376
603818.SH,32,14,18,2.0462,2.0462,2.0462,0.0,0.0,2.0462,0.0,True,1.0,1.0
603822.SH,31,14,17,1.0441000087686831,1.0441000087686831,1.0441000087686831,0.0,0.0,1.0441,-8.768683112947429e-09,True,0.999904215335846,0.999904215335846
603823.SH,33,14,19,2.0562,2.0562,2.0562,0.0,0.0,2.0562,0.0,True,1.0,1.0
603826.SH,33,14,19,1.8508,1.8508,1.8508,0.0,0.0,1.8508,0.0,True,1.0,1.0
603828.SH,33,14,19,4.656,4.656,4.656,0.0,0.0,4.656,0.0,True,1.0,1.0
603829.SH,29,14,15,1.0667,1.066699992718762,1.0667,7.281238056933148e-09,6.825947367519591e-09,1.0667,0.0,True,1.0,1.0
603833.SH,33,14,19,1.685600008194328,1.685600008194328,1.6856000146403773,6.446049249930752e-09,3.824186769455453e-09,1.6856,-8.194328104949022e-09,True,0.9368770718574524,0.9368770718574524
603836.SH,32,14,18,1.1062,1.1062,1.106200021889825,2.1889824841636596e-08,1.978830667296745e-08,1.1062,0.0,True,1.0,1.0
603838.SH,34,14,20,2.085100046726323,2.085100046726323,2.085100046726323,0.0,0.0,2.0851,-4.672632281099709e-08,True,0.9999520182609558,0.9999520182609558
603839.SH,33,14,19,1.918,1.9179999569783008,1.918,4.302169909209397e-08,2.2430500048015625e-08,1.918,0.0,True,1.0,1.0
603848.SH,29,14,15,1.1317,1.1317,1.131700003490175,3.4901750378679708e-09,3.0840108137032525e-09,1.1317,0.0,True,1.0,1.0
603855.SH,33,14,19,1.3719,1.3719,1.3719,0.0,0.0,1.3719,0.0,True,1.0,1.0
603858.SH,33,14,19,2.259499935328158,2.259499935328158,2.259499935328158,0.0,0.0,2.2595,6.467184210379173e-08,True,0.9790661931037903,0.9790661931037903
603859.SH,28,14,14,1.5098999852569444,1.5098999705138885,1.5099,2.948611155240144e-08,1.9528519663760178e-08,1.5099,1.4743055665178417e-08,True,0.9994039535522461,0.9994039535522461
603860.SH,33,14,19,1.0428,1.0428,1.0428,0.0,0.0,1.0428,0.0,True,1.0,1.0
603861.SH,30,14,16,1.0795999937956497,1.079599968557617,1.0795999937956497,2.5238032774765884e-08,2.337720722471866e-08,1.0796,6.204350144756177e-09,True,0.9952760338783264,0.9952760338783264
603863.SH,31,14,17,1.0083000160264972,1.0083000160264972,1.0083000160264972,0.0,0.0,1.0083,-1.6026497240417825e-08,True,0.9997024536132812,0.9997024536132812
603866.SH,33,14,19,4.1484,4.1484,4.1484,0.0,0.0,4.1484,0.0,True,1.0,1.0
603867.SH,34,14,20,1.4361,1.4361,1.4361,0.0,0.0,1.4361,0.0,True,1.0,1.0
603868.SH,33,14,19,1.2862,1.2862,1.2862,0.0,0.0,1.2862,0.0,True,1.0,1.0
603869.SH,32,14,18,1.5191,1.5191,1.519100019857917,1.9857917088472732e-08,1.3072159231434884e-08,1.5191,0.0,True,1.0,1.0
603877.SH,32,14,18,1.2944,1.2944,1.2944,0.0,0.0,1.2944,0.0,True,1.0,1.0
603878.SH,33,14,19,3.7961,3.7960999815530174,3.7961,1.8446982608111284e-08,4.8594564442747254e-09,3.7961,0.0,True,1.0,1.0
603879.SH,31,14,17,2.5593000583180614,2.5593000583180614,2.5593000583180614,0.0,0.0,2.5593,-5.831806149103613e-08,True,0.9998827576637268,0.9998827576637268
603881.SH,33,14,19,3.1186999549322043,3.1186999549322043,3.1186999549322043,0.0,0.0,3.1187,4.5067795717557146e-08,True,0.999454915523529,0.999454915523529
603882.SH,29,14,15,1.1371999891901134,1.1371999891901134,1.1371999891901134,0.0,0.0,1.1372,1.0809886541451874e-08,True,0.9726521372795105,0.9726521372795105
603883.SH,33,14,19,2.6955000327709793,2.695500009159097,2.6955000327709793,2.3611882227214664e-08,8.759741027694072e-09,2.6955,-3.277097926357442e-08,True,0.9878686666488647,0.9878686666488647
603885.SH,33,14,19,3.0379,3.0379,3.0379,0.0,0.0,3.0379,0.0,True,1.0,1.0
603886.SH,33,14,19,1.5371,1.5371,1.5371,0.0,0.0,1.5371,0.0,True,1.0,1.0
603887.SH,28,14,14,2.408,2.408,2.408,0.0,0.0,2.408,0.0,True,1.0,1.0
603888.SH,33,14,19,3.552800122325856,3.5528,3.552800122325856,1.2232585611116065e-07,3.4430829739748906e-08,3.5528,-1.2232585611116065e-07,True,0.7648051977157593,0.7648051977157593
603889.SH,33,14,19,7.662,7.662,7.662,0.0,0.0,7.662,0.0,True,1.0,1.0
603890.SH,33,14,19,2.9953,2.9952999286710407,2.9953,7.132895918360305e-08,2.3813627744667663e-08,2.9953,0.0,True,1.0,1.0
603893.SH,29,14,15,1.0321999823532346,1.0321999823532346,1.0322000288484776,4.6495242989053054e-08,4.504480118576641e-08,1.0322,1.764676538229537e-08,True,0.9943809509277344,0.9943809509277344
603896.SH,33,14,19,1.3977,1.3977,1.3977,0.0,0.0,1.3977,0.0,True,1.0,1.0
603897.SH,33,14,19,1.3726000128204578,1.3726000128204578,1.3726000128204578,0.0,0.0,1.3726,-1.2820457806483887e-08,True,0.9884161353111267,0.9884161353111267
603898.SH,33,14,19,3.6193,3.6193,3.6193,0.0,0.0,3.6193,0.0,True,1.0,1.0
603899.SH,33,14,19,2.3239,2.3239,2.3239,0.0,0.0,2.3239,0.0,True,1.0,1.0
603900.SH,32,14,18,1.7032000284008666,1.7032000284008666,1.7032000284008666,0.0,0.0,1.7032,-2.8400866547428905e-08,True,0.9889032244682312,0.9889032244682312
603901.SH,33,14,19,4.2856,4.285599971839009,4.2856,2.8160990872549974e-08,6.571073098877631e-09,4.2856,0.0,True,1.0,1.0
603903.SH,31,14,17,2.130199977455407,2.130199977455407,2.130199977455407,0.0,0.0,2.1302,2.2544592859219392e-08,True,0.9999061226844788,0.9999061226844788
603906.SH,33,14,19,2.099199945063127,2.099199945063127,2.099199945063127,0.0,0.0,2.0992,5.493687327273733e-08,True,0.9999047517776489,0.9999047517776489
603908.SH,33,14,19,1.7373,1.7373,1.7373,0.0,0.0,1.7373,0.0,True,1.0,1.0
603909.SH,29,14,15,2.6599,2.6599,2.6599,0.0,0.0,2.6599,0.0,True,1.0,1.0
603912.SH,29,14,15,3.0227,3.0227,3.0227,0.0,0.0,3.0227,0.0,True,1.0,1.0
603915.SH,32,14,18,1.5296999739184727,1.5296999739184727,1.5296999739184727,0.0,0.0,1.5297,2.6081527382260106e-08,True,0.9922860860824585,0.9922860860824585
603916.SH,33,14,19,1.3607,1.3607,1.3607,0.0,0.0,1.3607,0.0,True,1.0,1.0
603917.SH,28,14,14,1.5242,1.5242,1.5242,0.0,0.0,1.5242,0.0,True,1.0,1.0
603918.SH,33,14,19,3.5551,3.5551,3.5551,0.0,0.0,3.5551,0.0,True,1.0,1.0
603919.SH,30,14,16,1.9217999822634262,1.9217999822634262,1.9217999822634262,0.0,0.0,1.9218,1.7736573765247954e-08,True,0.9913622736930847,0.9913622736930847
603920.SH,30,14,16,1.6625999772483644,1.6625999772483644,1.6625999772483644,0.0,0.0,1.6626,2.275163568654648e-08,True,0.9929026961326599,0.9929026961326599
603926.SH,33,14,19,2.0863,2.0863,2.0863,0.0,0.0,2.0863,0.0,True,1.0,1.0
603928.SH,33,14,19,1.5542999716666401,1.5542999716666401,1.5542999716666401,0.0,0.0,1.5543,2.8333359880505782e-08,True,0.9950460195541382,0.9950460195541382
603929.SH,33,14,19,1.1969000032685901,1.1969000032685901,1.1969000032685901,0.0,0.0,1.1969,-3.2685900652751343e-09,True,0.9756036400794983,0.9756036400794983
603931.SH,29,14,15,2.0508,2.0508,2.0508,0.0,0.0,2.0508,0.0,True,1.0,1.0
603933.SH,33,14,19,2.1016000471890397,2.1016,2.1016000471890397,4.718903978684352e-08,2.245386311727602e-08,2.1016,-4.718903978684352e-08,True,0.9963361024856567,0.9963361024856567
603937.SH,28,14,14,1.099499968842405,1.099499968842405,1.099499968842405,0.0,0.0,1.0995,3.115759494853876e-08,True,0.9995452761650085,0.9995452761650085
603938.SH,33,14,19,2.6559,2.6559,2.6559,0.0,0.0,2.6559,0.0,True,1.0,1.0
603939.SH,32,14,18,6.741400009455836,6.741400009455836,6.741400009455836,0.0,0.0,6.7414,-9.455836114113936e-09,True,0.9883852005004883,0.9883852005004883
603949.SH,29,14,15,1.5386,1.5386,1.5386,0.0,0.0,1.5386,0.0,True,1.0,1.0
603950.SH,33,14,19,1.522,1.522,1.522,0.0,0.0,1.522,0.0,True,1.0,1.0
603955.SH,31,14,17,1.3479,1.3479,1.3479,0.0,0.0,1.3479,0.0,True,1.0,1.0
603956.SH,30,14,16,1.0742000213185907,1.0742000213185907,1.0742000213185907,0.0,0.0,1.0742,-2.131859067056041e-08,True,0.9998137950897217,0.9998137950897217
603958.SH,30,14,16,1.032300019675251,1.032300019675251,1.032300019675251,0.0,0.0,1.0323,-1.967525098400813e-08,True,0.9997093677520752,0.9997093677520752
603960.SH,31,14,17,3.195700038655348,3.195700038655348,3.195700038655348,0.0,0.0,3.1957,-3.8655347811555885e-08,True,0.9990299344062805,0.9990299344062805
603966.SH,33,14,19,2.5484,2.5484,2.5484000722257067,7.222570674869644e-08,2.8341589526250368e-08,2.5484,0.0,True,1.0,1.0
603967.SH,29,14,15,1.6726,1.6726,1.6726,0.0,0.0,1.6726,0.0,True,1.0,1.0
603968.SH,33,14,19,2.5521,2.5521,2.5521,0.0,0.0,2.5521,0.0,True,1.0,1.0
603969.SH,33,14,19,4.7661,4.7661,4.766100028429864,2.8429863796475274e-08,5.9650162179717745e-09,4.7661,0.0,True,0.9891525506973267,0.9891525506973267
603970.SH,29,14,15,2.3164,2.3164,2.3164,0.0,0.0,2.3164,0.0,True,1.0,1.0
603976.SH,31,14,17,1.5161,1.5161,1.5161,0.0,0.0,1.5161,0.0,True,1.0,1.0
603977.SH,32,14,18,2.2128,2.2128,2.2128,0.0,0.0,2.2128,0.0,True,1.0,1.0
603978.SH,30,14,16,2.016099980544079,2.016099980544079,2.016099980544079,0.0,0.0,2.0161,1.9455920874378307e-08,True,0.9999504089355469,0.9999504089355469
603979.SH,33,14,19,1.6534,1.6533999712526446,1.6534,2.8747355385050355e-08,1.7386812256592692e-08,1.6534,0.0,True,1.0,1.0
603980.SH,32,14,18,1.7387,1.7387,1.7387,0.0,0.0,1.7387,0.0,True,1.0,1.0
603985.SH,28,14,14,4.638400052361236,4.638400052361236,4.638400052361236,0.0,0.0,4.6384,-5.236123623575395e-08,True,0.99991375207901,0.99991375207901
603986.SH,34,14,20,5.6479,5.6478998942318235,5.6479,1.057681764393692e-07,1.8726991702999203e-08,5.6479,0.0,True,1.0,1.0
603987.SH,33,14,19,2.3784,2.3784,2.3784,0.0,0.0,2.3784,0.0,True,1.0,1.0
603988.SH,29,14,15,3.4313,3.4313,3.4313,0.0,0.0,3.4313,0.0,True,1.0,1.0
603989.SH,33,14,19,2.3545,2.3544999448684893,2.3545,5.5131510467987255e-08,2.3415379260134747e-08,2.3545,0.0,True,1.0,1.0
603990.SH,28,14,14,3.124199996876517,3.124199996876517,3.124199996876517,0.0,0.0,3.1242,3.1234832498228116e-09,True,0.9999359846115112,0.9999359846115112
603995.SH,33,14,19,1.7044000238222279,1.7044000238222279,1.7044000238222279,0.0,0.0,1.7044,-2.382222796804001e-08,True,0.9828091859817505,0.9828091859817505
603997.SH,30,14,16,1.703,1.703,1.703,0.0,0.0,1.703,0.0,True,1.0,1.0
603999.SH,33,14,19,2.5434,2.5434,2.5434,0.0,0.0,2.5434,0.0,True,1.0,1.0
605006.SH,29,14,15,1.279499987716643,1.279499987716643,1.279499987716643,0.0,0.0,1.2795,1.2283356998210593e-08,True,0.9996092319488525,0.9996092319488525
605007.SH,31,14,17,1.0829,1.0829,1.0829,0.0,0.0,1.0829,0.0,True,1.0,1.0
605009.SH,34,14,20,2.38,2.38,2.38,0.0,0.0,2.38,0.0,True,1.0,1.0
605011.SH,30,14,16,1.0380999938082585,1.0380999938082585,1.0380999938082585,0.0,0.0,1.0381,6.191741563910114e-09,True,0.997302770614624,0.997302770614624
605016.SH,32,14,18,3.4108999185747844,3.4108999185747844,3.4108999185747844,0.0,0.0,3.4109,8.142521545906334e-08,True,0.9951039552688599,0.9951039552688599
605018.SH,33,14,19,1.0911,1.0911,1.0911,0.0,0.0,1.0911,0.0,True,1.0,1.0
605020.SH,34,14,20,1.4534,1.4534,1.4534,0.0,0.0,1.4534,0.0,True,1.0,1.0
605028.SH,29,14,15,1.1719999713532308,1.1719999713532308,1.1719999713532308,0.0,0.0,1.1958,0.023800028646769222,False,0.9887372255325317,0.9887372255325317
605033.SH,29,14,15,1.0425999936434334,1.0425999936434334,1.0425999936434334,0.0,0.0,1.0426,6.356566606413594e-09,True,0.9976980686187744,0.9976980686187744
605055.SH,29,14,15,1.0213,1.0213,1.0213,0.0,0.0,1.0213,0.0,True,1.0,1.0
605058.SH,34,14,20,1.0783,1.0783,1.0783000230308921,2.303089208233189e-08,2.1358519968776674e-08,1.0783,0.0,True,1.0,1.0
605068.SH,33,14,19,1.039,1.039,1.039,0.0,0.0,1.039,0.0,True,1.0,1.0
605069.SH,30,14,16,1.3181000130961342,1.3181000130961342,1.3181000130961342,0.0,0.0,1.3181,-1.309613417710409e-08,True,0.9999241232872009,0.9999241232872009
605077.SH,28,14,14,2.9073999308991034,2.9073999308991034,2.9073999308991034,0.0,0.0,2.9074,6.91008965603146e-08,True,0.9891999959945679,0.9891999959945679
605088.SH,31,14,17,1.1311,1.1311,1.1311,0.0,0.0,1.1311,0.0,True,1.0,1.0
605089.SH,28,14,14,1.4866,1.4866,1.4866,0.0,0.0,1.4866,0.0,True,1.0,1.0
605090.SH,33,14,19,1.5699999896391985,1.5699999896391985,1.5699999896391985,0.0,0.0,1.57,1.0360801550035603e-08,True,0.9871974587440491,0.9871974587440491
605098.SH,32,14,18,1.8018000110015961,1.8018000110015961,1.8018000110015961,0.0,0.0,1.8018,-1.1001596078585862e-08,True,0.9622044563293457,0.9622044563293457
605099.SH,32,14,18,1.1018,1.1018,1.1018,0.0,0.0,1.1018,0.0,True,1.0,1.0
605108.SH,31,14,17,1.3656,1.3655999865639448,1.3656,1.3436055157356463e-08,9.838939043172571e-09,1.3656,0.0,True,1.0,1.0
605111.SH,34,14,20,3.9235,3.9235,3.9235,0.0,0.0,3.9235,0.0,True,1.0,1.0
605116.SH,28,14,14,1.0446,1.0445999912831785,1.0446,8.716821486842719e-09,8.344650092707945e-09,1.0446,0.0,True,1.0,1.0
605117.SH,33,14,19,5.464699931740119,5.464699931740119,5.464699931740119,0.0,0.0,5.4647,6.825988041470055e-08,True,0.9860193729400635,0.9860193729400635
605118.SH,32,14,18,1.0779000059206556,1.0779000059206556,1.0779000059206556,0.0,0.0,1.0779,-5.920655521407525e-09,True,0.98960942029953,0.98960942029953
605122.SH,28,14,14,1.4294999819930991,1.4294999819930991,1.4294999819930991,0.0,0.0,1.4295,1.800690085929091e-08,True,0.999650239944458,0.999650239944458
605128.SH,32,14,18,2.2952,2.2952,2.2952,0.0,0.0,2.2952,0.0,True,1.0,1.0
605136.SH,33,14,19,1.0286,1.0286,1.0286,0.0,0.0,1.0286,0.0,True,1.0,1.0
605138.SH,29,14,15,1.0687,1.0687,1.0687,0.0,0.0,1.0687,0.0,True,1.0,1.0
605151.SH,28,14,14,1.0731,1.0731,1.073100011817067,1.181706710262631e-08,1.101208377842355e-08,1.0731,0.0,True,1.0,1.0
605158.SH,28,14,14,1.4363,1.4363,1.4363000136236552,1.3623655314987104e-08,9.485243552869947e-09,1.4363,0.0,True,1.0,1.0
605167.SH,34,14,20,1.0296,1.0296,1.0296,0.0,0.0,1.0296,0.0,True,1.0,1.0
605168.SH,31,14,17,3.4963,3.4963,3.4963,0.0,0.0,3.4963,0.0,True,1.0,1.0
605169.SH,28,14,14,2.0052,2.0052,2.0052,0.0,0.0,2.0052,0.0,True,1.0,1.0
605177.SH,31,14,17,1.0474,1.0474,1.0474,0.0,0.0,1.0474,0.0,True,1.0,1.0
605179.SH,30,14,16,1.0224000219559848,1.0223999719207797,1.0224000219559848,5.003520509028192e-08,4.893897106394622e-08,1.0224,-2.195598480803085e-08,True,0.9990218877792358,0.9990218877792358
605183.SH,34,14,20,1.1144,1.1144,1.1144000181364178,1.813641770098684e-08,1.6274603105695297e-08,1.1144,0.0,True,0.9833093881607056,0.9833093881607056
605186.SH,34,14,20,1.0166,1.0166,1.0166,0.0,0.0,1.0166,0.0,True,1.0,1.0
605188.SH,34,14,20,1.0148,1.0148,1.0148,0.0,0.0,1.0148,0.0,True,1.0,1.0
605189.SH,30,14,16,1.6654,1.665399998562953,1.6654,1.4370469259006313e-09,8.628839473403574e-10,1.6654,0.0,True,1.0,1.0
605196.SH,32,14,18,1.0209,1.020899976983774,1.0209,2.3016225814131985e-08,2.25450345911764e-08,1.0209,0.0,True,1.0,1.0
605198.SH,29,14,15,1.023800007154531,1.023800007154531,1.023800007154531,0.0,0.0,1.0238,-7.154530967667938e-09,True,0.9947255253791809,0.9947255253791809
605199.SH,34,14,20,1.0174,1.0174,1.0174,0.0,0.0,1.0174,0.0,True,1.0,1.0
605208.SH,30,14,16,1.8022,1.8021999853043298,1.8022,1.4695670236264391e-08,8.154294881957824e-09,1.8022,0.0,True,1.0,1.0
605218.SH,34,14,20,1.0346,1.0346,1.0346,0.0,0.0,1.0346,0.0,True,1.0,1.0
605222.SH,31,14,17,1.0367,1.0367,1.0367000073684434,7.368443410982195e-09,7.107594686005783e-09,1.0367,0.0,True,0.9973955750465393,1.0
605259.SH,30,14,16,2.2068,2.206799958392011,2.2068,4.160798905417096e-08,1.885444492213656e-08,2.2068,0.0,True,0.9706815481185913,1.0
605286.SH,32,14,18,1.040100026001282,1.040100026001282,1.040100026001282,0.0,0.0,1.0401,-2.6001282016352434e-08,True,0.9985578060150146,0.9985578060150146
605288.SH,29,14,15,1.473,1.4729999908719278,1.473,9.128072298025813e-09,6.196926203683512e-09,1.473,0.0,True,1.0,1.0
605289.SH,29,14,15,1.292,1.292,1.292,0.0,0.0,1.292,0.0,True,1.0,1.0
605296.SH,30,14,16,1.350299987797564,1.350299987797564,1.350299987797564,0.0,0.0,1.3503,1.2202435950570134e-08,True,0.9871880412101746,0.9871880412101746
605299.SH,28,14,14,1.1314,1.1314,1.1314,0.0,0.0,1.1314,0.0,True,1.0,1.0
605318.SH,29,14,15,1.0989,1.0989,1.0989,0.0,0.0,1.0989,0.0,True,1.0,1.0
605319.SH,28,14,14,1.4916000228383128,1.4916000228383128,1.4916000228383128,0.0,0.0,1.4916,-2.283831279648041e-08,True,0.7088361382484436,0.7088361382484436
605333.SH,30,14,16,1.0143,1.0143,1.0143,0.0,0.0,1.0143,0.0,True,1.0,1.0
605337.SH,34,14,20,2.897399996451983,2.897399996451983,2.897399996451983,0.0,0.0,2.8974,3.5480169913171267e-09,True,0.9810864925384521,0.9810864925384521
605338.SH,30,14,16,1.0977,1.0977,1.0977,0.0,0.0,1.0977,0.0,True,1.0,1.0
605358.SH,34,14,20,1.5143999654201732,1.5143999654201732,1.5143999654201732,0.0,0.0,1.5144,3.4579826779790324e-08,True,0.9997358918190002,0.9997358918190002
605366.SH,34,14,20,1.9298,1.9298,1.9298,0.0,0.0,1.9298,0.0,True,1.0,1.0
605368.SH,28,14,14,1.948000020742098,1.948000020742098,1.948000020742098,0.0,0.0,1.948,-2.0742098039150392e-08,True,0.9609342813491821,0.9609342813491821
605369.SH,31,14,17,2.976,2.976,2.9760000671747893,6.717478928663922e-08,2.2572173819435225e-08,2.976,0.0,True,1.0,1.0
605376.SH,33,14,19,1.045,1.045,1.0450000025613733,2.561373335652206e-09,2.451074962346609e-09,1.045,0.0,True,1.0,1.0
605377.SH,30,14,16,2.9726000175499157,2.9726000175499157,2.9726000175499157,0.0,0.0,2.9726,-1.754991574287601e-08,True,0.9747359156608582,0.9747359156608582
605378.SH,28,14,14,2.1765,2.1765,2.1765,0.0,0.0,2.1765,0.0,True,1.0,1.0
605388.SH,30,14,16,1.4755,1.4755,1.4755000288640803,2.8864080237056555e-08,1.956223669065168e-08,1.4755,0.0,True,1.0,1.0
605399.SH,29,14,15,1.7815000191984278,1.7815,1.7815000191984278,1.9198427736455415e-08,1.0776552079462564e-08,1.7815,-1.9198427736455415e-08,True,0.9928711652755737,0.9928711652755737
605488.SH,30,14,16,2.1891,2.1891,2.1891,0.0,0.0,2.1891,0.0,True,1.0,1.0
605499.SH,31,14,17,1.391500026955456,1.391500026955456,1.391500026955456,0.0,0.0,1.3915,-2.6955456089439167e-08,True,0.9917355179786682,0.9917355179786682
605500.SH,34,14,20,2.3039,2.3039,2.3039000042015325,4.201532455283541e-09,1.8236609467787407e-09,2.3039,0.0,True,1.0,1.0
605507.SH,29,14,15,1.1043,1.1043,1.1043,0.0,0.0,1.1043,0.0,True,1.0,1.0
605555.SH,33,14,19,2.7307,2.7307,2.7307,0.0,0.0,2.7307,0.0,True,1.0,1.0
605566.SH,31,14,17,1.0475000112844561,1.0475,1.0475000112844561,1.12844560362646e-08,1.077275027656322e-08,1.0475,-1.12844560362646e-08,True,0.995131254196167,0.995131254196167
605567.SH,28,14,14,1.0287,1.0287,1.0287000101429238,1.0142923834166595e-08,9.85994345695207e-09,1.0287,0.0,True,1.0,1.0
605588.SH,32,14,18,1.008,1.008,1.008,0.0,0.0,1.008,0.0,True,1.0,1.0
605589.SH,34,14,20,1.0719,1.0719,1.0719,0.0,0.0,1.0719,0.0,True,1.0,1.0
605598.SH,28,14,14,1.4265000019409873,1.4265,1.4265000038819746,3.881974519615028e-09,2.7213280857574234e-09,1.4265,-1.9409871487852115e-09,True,0.9949526786804199,0.9949526786804199
605599.SH,34,14,20,1.1729,1.1729,1.1729,0.0,0.0,1.1729,0.0,True,1.0,1.0
688001.SH,28,14,14,1.032,1.032,1.032,0.0,0.0,1.032,0.0,True,1.0,1.0
688002.SH,28,14,14,1.0156000140920227,1.0156000015529318,1.0156000266311138,2.5078181975501934e-08,2.4692971275628222e-08,1.0156,-1.4092022659895065e-08,True,0.9979322552680969,0.9991137981414795
688003.SH,28,14,14,1.0804000007235603,1.0804,1.0804000014471205,1.4471204234922652e-09,1.339430231879958e-09,1.0804,-7.235603227684351e-10,True,1.0,1.0
688004.SH,31,14,17,1.426099962565659,1.426099962565659,1.426099962565659,0.0,0.0,1.4261,3.74343409603739e-08,True,0.9999299049377441,0.9999299049377441
688006.SH,28,14,14,1.4791999767786186,1.4791999767786186,1.4791999767786186,0.0,0.0,1.4792,2.3221381484361814e-08,True,0.9979718923568726,0.9979718923568726
688007.SH,28,14,14,1.0162,1.0162,1.0162,0.0,0.0,1.0162,0.0,True,1.0,1.0
688008.SH,28,14,14,1.030600023721412,1.030600023721412,1.030600023721412,0.0,0.0,1.0306,-2.3721411945842874e-08,True,0.9985445141792297,0.9985445141792297
688009.SH,28,14,14,1.2135999762054415,1.2135999762054415,1.2136,2.3794558545731093e-08,1.9606591143919967e-08,1.2136,2.3794558545731093e-08,True,0.9699242115020752,0.9699242115020752
688010.SH,28,14,14,1.0669,1.0669,1.0669000076310635,7.631063558832807e-09,7.152557464460406e-09,1.0669,0.0,True,1.0,1.0
688011.SH,28,14,14,1.0063999874064937,1.0063999874064937,1.0063999874064937,0.0,0.0,1.0064,1.2593506237834617e-08,True,0.9996025562286377,0.9996025562286377
688012.SH,28,14,14,1.0057000114873518,1.0057,1.0057000229747035,2.2974703473011004e-08,2.284448961975571e-08,1.0057,-1.1487351736505502e-08,True,0.9983096122741699,1.0
688013.SH,34,14,20,1.1136000169321556,1.1136000169321556,1.1136000169321556,0.0,0.0,1.1136,-1.6932155677551464e-08,True,0.991289496421814,0.991289496421814
688015.SH,28,14,14,1.0813,1.0813,1.0813,0.0,0.0,1.0813,0.0,True,1.0,1.0
688016.SH,28,14,14,1.610400035237991,1.610400035237991,1.610400035237991,0.0,0.0,1.6104,-3.523799096960545e-08,True,0.9878290891647339,0.9878290891647339
688017.SH,33,14,19,1.4142,1.4141999935572316,1.4142,6.44276831884838e-09,4.555768857904384e-09,1.4142,0.0,True,1.0,1.0
688018.SH,28,14,14,2.0103,2.0103,2.0103,0.0,0.0,2.0103,0.0,True,1.0,1.0
688019.SH,28,14,14,3.1035,3.1035,3.1035,0.0,0.0,3.1035,0.0,True,1.0,1.0
688020.SH,28,14,14,1.0276,1.0276,1.0276000018458824,1.8458823358713516e-09,1.7963043361924403e-09,1.0276,0.0,True,1.0,1.0
688021.SH,34,14,20,1.021,1.021,1.021,0.0,0.0,1.021,0.0,True,1.0,1.0
688022.SH,28,14,14,1.4192999805051607,1.4192999805051607,1.4192999805051607,0.0,0.0,1.4193,1.9494839298417332e-08,True,0.9997886419296265,0.9997886419296265
688027.SH,32,14,18,1.001,1.001,1.001,0.0,0.0,1.001,0.0,True,1.0,1.0
688028.SH,30,14,16,1.5209000001911874,1.5209000001911874,1.5209000001911874,0.0,0.0,1.5209,-1.9118751026780956e-10,True,0.9976329803466797,0.9976329803466797
688030.SH,34,14,20,1.0113000044895615,1.0113000044895615,1.0113000044895615,0.0,0.0,1.0113,-4.489561389320329e-09,True,0.9997033476829529,0.9997033476829529
688033.SH,28,14,14,1.0159,1.0159,1.0159,0.0,0.0,1.0159,0.0,True,1.0,1.0
688035.SH,29,14,15,1.0215000020478475,1.0215000020478475,1.0215000020478475,0.0,0.0,1.0215,-2.0478474471730124e-09,True,0.9983357787132263,0.9983357787132263
688036.SH,34,14,20,1.6156000193327926,1.6156000193327926,1.6156000193327926,0.0,0.0,1.6156,-1.933279270005528e-08,True,0.9915201663970947,0.9915201663970947
688038.SH,33,14,19,1.008,1.008,1.008,0.0,0.0,1.008,0.0,True,1.0,1.0
688039.SH,31,14,17,1.421,1.421,1.421,0.0,0.0,1.421,0.0,True,1.0,1.0
688041.SH,33,14,19,1.0035000233243105,1.0035000233243105,1.0035000233243105,0.0,0.0,1.0035,-2.3324310483019417e-08,True,0.9997010231018066,0.9997010231018066
688045.SH,32,14,18,1.0,1.0,1.0,0.0,0.0,1.0,0.0,True,1.0,1.0
688046.SH,30,14,16,1.0276000071651084,1.027599996486953,1.0276000071651084,1.0678155248911025e-08,1.0391353809318655e-08,1.0276,-7.165108284468147e-09,True,0.9908524751663208,0.9982483386993408
688047.SH,34,14,20,1.0,1.0,1.0,0.0,0.0,1.0,0.0,True,1.0,1.0
688048.SH,33,14,19,1.311,1.311,1.311,0.0,0.0,1.311,0.0,True,1.0,1.0
688049.SH,28,14,14,1.4634000349763951,1.4634000349763951,1.4634000349763951,0.0,0.0,1.4634,-3.4976395113517356e-08,True,0.8295749425888062,0.8295749425888062
688050.SH,33,14,19,1.8230999519392999,1.8230999519392999,1.8231,4.806070008633867e-08,2.6362076327858326e-08,1.8231,4.806070008633867e-08,True,0.9950085282325745,0.9950085282325745
688051.SH,32,14,18,1.013200016406437,1.013200016406437,1.013200016406437,0.0,0.0,1.0132,-1.6406436875726627e-08,True,0.9998025894165039,0.9998025894165039
688052.SH,31,14,17,1.4071999595584623,1.4071999595584623,1.4071999595584623,0.0,0.0,1.4072,4.0441537674240635e-08,True,0.9998579025268555,0.9998579025268555
688055.SH,31,14,17,1.01,1.01,1.01,0.0,0.0,1.01,0.0,True,1.0,1.0
688056.SH,30,14,16,1.0795,1.0795,1.0795,0.0,0.0,1.0795,0.0,True,1.0,1.0
688057.SH,30,14,16,1.2584000205320602,1.2584,1.2584000205320602,2.0532060274192077e-08,1.63160044017728e-08,1.2584,-2.0532060274192077e-08,True,0.9800540208816528,0.9800540208816528
688059.SH,34,14,20,2.0857999872362627,2.0857999872362627,2.0858000729517605,8.571549781066778e-08,4.109478297784581e-08,2.0858,1.2763737178289603e-08,True,0.9928085207939148,0.9928085207939148
688063.SH,28,14,14,1.4618,1.4618,1.4618,0.0,0.0,1.4618,0.0,True,1.0,1.0
688065.SH,30,14,16,1.4388000225757935,1.4388,1.4388000225757935,2.2575793456880433e-08,1.5690709690471372e-08,1.4388,-2.2575793456880433e-08,True,0.9916597008705139,0.9916597008705139
688066.SH,28,14,14,1.408,1.408,1.408,0.0,0.0,1.408,0.0,True,1.0,1.0
688067.SH,29,14,15,1.034000021644683,1.0340000172317771,1.034000021644683,4.41290581854048e-09,4.2678005088639176e-09,1.034,-2.1644682934862658e-08,True,0.993423581123352,0.9979690313339233
688068.SH,33,14,19,1.5705,1.5705,1.5705,0.0,0.0,1.5705,0.0,True,1.0,1.0
688070.SH,32,14,18,1.006499973939825,1.006499973939825,1.006499973939825,0.0,0.0,1.0065,2.60601749069167e-08,True,0.9995032548904419,0.9995032548904419
688071.SH,31,14,17,1.0,1.0,1.0,0.0,0.0,1.0,0.0,True,1.0,1.0
688072.SH,33,14,19,2.1981,2.1981,2.1981000451333763,4.5133376147532545e-08,2.053290393864362e-08,2.1981,0.0,True,1.0,1.0
688073.SH,30,14,16,1.4875,1.4875,1.4875,0.0,0.0,1.4875,0.0,True,1.0,1.0
688078.SH,29,14,15,1.0478,1.0478,1.0478,0.0,0.0,1.0478,0.0,True,1.0,1.0
688079.SH,34,14,20,1.0121000202795043,1.0121000202795043,1.0121000202795043,0.0,0.0,1.0121,-2.0279504298059692e-08,True,0.9999011754989624,0.9999011754989624
688084.SH,31,14,17,1.0080999855027126,1.0080999855027126,1.0080999855027126,0.0,0.0,1.0081,1.4497287370573986e-08,True,0.9999008178710938,0.9999008178710938
688087.SH,34,14,20,1.433199994328109,1.4331999905229535,1.433199994328109,3.805155524005954e-09,2.6550066557806745e-09,1.4332,5.671890956904235e-09,True,0.9962322115898132,0.9962322115898132
688088.SH,28,14,14,1.0409999743524363,1.0409999743524363,1.0410000141175084,3.976507212399838e-08,3.8198917486750766e-08,1.041,2.564756362843923e-08,True,0.9960615038871765,0.9960615038871765
688090.SH,34,14,20,1.8673,1.8672999428909651,1.8673,5.7109034834468275e-08,3.058374917499506e-08,1.8673,0.0,True,1.0,1.0
688091.SH,34,14,20,1.9675000484112755,1.9675000484112755,1.9675000484112755,0.0,0.0,1.9675,-4.841127543286916e-08,True,0.9997458457946777,0.9997458457946777
688092.SH,32,14,18,1.4862999607468546,1.4862999607468546,1.4862999607468546,0.0,0.0,1.4863,3.9253145400763856e-08,True,0.9959631562232971,0.9959631562232971
688093.SH,32,14,18,1.530100029819445,1.530100029819445,1.530100029819445,0.0,0.0,1.5301,-2.9819444913314896e-08,True,0.9884321093559265,0.9884321093559265
688096.SH,30,14,16,2.0873,2.0872999582718053,2.0873,4.172819467740396e-08,1.9991469686870102e-08,2.0873,0.0,True,0.7104872465133667,0.7104872465133667
688097.SH,31,14,17,1.017999971340416,1.017999971340416,1.017999971340416,0.0,0.0,1.018,2.8659584039303354e-08,True,0.9974460005760193,0.9974460005760193
688098.SH,30,14,16,1.0408000229057903,1.0408000229057903,1.0408000229057903,0.0,0.0,1.0408,-2.2905790375560287e-08,True,0.9992313385009766,0.9992313385009766
688102.SH,34,14,20,1.8666000437085128,1.8665999730127625,1.8666000437085128,7.069575036489084e-08,3.787407516847281e-08,1.8666,-4.370851280910415e-08,True,0.999035656452179,0.999035656452179
688103.SH,33,14,19,1.0226,1.022599990800419,1.0226,9.1995808748635e-09,8.996265279545766e-09,1.0226,0.0,True,1.0,1.0
688106.SH,29,14,15,1.0705,1.0705,1.0705,0.0,0.0,1.0705,0.0,True,1.0,1.0
688107.SH,28,14,14,1.0,1.0,1.0,0.0,0.0,1.0,0.0,True,1.0,1.0
688108.SH,28,14,14,1.0033999912226972,1.0033999912226972,1.0033999912226972,0.0,0.0,1.0034,8.777302884510618e-09,True,0.9996013641357422,0.9996013641357422
688114.SH,34,14,20,1.004,1.004,1.004,0.0,0.0,1.004,0.0,True,1.0,1.0
688122.SH,28,14,14,1.502799971020045,1.502799971020045,1.502799971020045,0.0,0.0,1.5028,2.8979954880270498e-08,True,0.9888874292373657,0.9888874292373657
688123.SH,34,14,20,1.3446,1.3446,1.3446,0.0,0.0,1.3524,0.007800000000000029,False,1.0,1.0
688127.SH,28,14,14,1.0401,1.0401,1.0401,0.0,0.0,1.0401,0.0,True,1.0,1.0
688129.SH,32,14,18,1.0535,1.0534999946698895,1.0535,5.33011057513022e-09,5.059431015785686e-09,1.0535,0.0,True,1.0,1.0
688130.SH,31,14,17,1.8186,1.8186,1.8186,0.0,0.0,1.8186,0.0,True,1.0,1.0
688132.SH,30,14,16,1.0,1.0,1.0,0.0,0.0,1.0,0.0,True,1.0,1.0
688135.SH,30,14,16,1.488,1.488,1.488,0.0,0.0,1.488,0.0,True,1.0,1.0
688136.SH,29,14,15,1.0066,1.0066,1.0066,0.0,0.0,1.0066,0.0,True,1.0,1.0
688137.SH,32,14,18,1.0264,1.0264,1.0264,0.0,0.0,1.0264,0.0,True,1.0,1.0
688139.SH,32,14,18,1.0525,1.0525,1.0525,0.0,0.0,1.0525,0.0,True,1.0,1.0
688141.SH,31,14,17,1.0,1.0,1.0,0.0,0.0,1.0,0.0,True,1.0,1.0
688143.SH,31,14,17,1.316600036510492,1.3166,1.316600036510492,3.651049196307099e-08,2.7730890893667418e-08,1.3166,-3.651049196307099e-08,True,0.9987847208976746,0.9987847208976746
688146.SH,30,14,16,1.0179,1.0179,1.0179000066606831,6.66068311616641e-09,6.543553508366647e-09,1.0179,0.0,True,1.0,1.0
688147.SH,31,14,17,1.0044,1.0043999875610539,1.0044,1.2438946095372216e-08,1.2384454495591613e-08,1.0044,0.0,True,1.0,1.0
688150.SH,32,14,18,1.0311999955333615,1.0311999955333615,1.0311999955333615,0.0,0.0,1.0312,4.4666383924862885e-09,True,0.9928238987922668,0.9928238987922668
688151.SH,34,14,20,1.0225,1.0225,1.0225,0.0,0.0,1.0225,0.0,True,1.0,1.0
688153.SH,28,14,14,1.0015,1.0015,1.0015,0.0,0.0,1.0015,0.0,True,1.0,1.0
688159.SH,34,14,20,1.0028000198959808,1.0028,1.0028000198959808,1.98959808628274e-08,1.9840427271721818e-08,1.0028,-1.98959808628274e-08,True,0.9982050061225891,0.9982050061225891
688160.SH,29,14,15,1.0496,1.0496,1.0496,0.0,0.0,1.0496,0.0,True,1.0,1.0
688161.SH,30,14,16,1.0420999996890112,1.0420999996890112,1.0420999996890112,0.0,0.0,1.0421,3.1098879027524617e-10,True,0.9966413974761963,0.9966413974761963
688162.SH,30,14,16,1.0225,1.0225,1.0225,0.0,0.0,1.0225,0.0,True,1.0,1.0
688165.SH,32,14,18,1.0,1.0,1.0,0.0,0.0,1.0,0.0,True,1.0,1.0
688166.SH,32,14,18,1.0185,1.0184999873606,1.0185,1.2639399971092757e-08,1.2409818331951653e-08,1.0185,0.0,True,1.0,1.0
688167.SH,31,14,17,1.009,1.009,1.009,0.0,0.0,1.009,0.0,True,1.0,1.0
688169.SH,30,14,16,3.9916,3.991599852907624,3.9916,1.470923760571452e-07,3.68504800223332e-08,3.9916,0.0,True,1.0,1.0
688171.SH,30,14,16,1.0223,1.0223,1.0223000232575057,2.3257505699092462e-08,2.275017675740239e-08,1.0223,0.0,True,1.0,1.0
688176.SH,33,14,19,1.0,1.0,1.0,0.0,0.0,1.0,0.0,True,1.0,1.0
688177.SH,30,14,16,1.0,1.0,1.0,0.0,0.0,1.0,0.0,True,1.0,1.0
688179.SH,31,14,17,3.4789999224178803,3.4789999224178803,3.4789999224178803,0.0,0.0,3.479,7.758211983954766e-08,True,0.9956884384155273,0.9956884384155273
688180.SH,32,14,18,1.0,1.0,1.0,0.0,0.0,1.0,0.0,True,1.0,1.0
688184.SH,28,14,14,1.213,1.213,1.213,0.0,0.0,1.213,0.0,True,1.0,1.0
688185.SH,33,14,19,1.0051999948968269,1.0051999948968269,1.0051999948968269,0.0,0.0,1.0052,5.103173217335666e-09,True,0.9998010396957397,0.9998010396957397
688189.SH,29,14,15,1.976,1.976,1.976,0.0,0.0,1.976,0.0,True,1.0,1.0
688190.SH,29,14,15,1.0433999782329804,1.0433999782329804,1.0433999782329804,0.0,0.0,1.0434,2.1767019742213733e-08,True,0.9929078221321106,0.9929078221321106
688191.SH,30,14,16,1.5859000432021004,1.5859000432021004,1.5859000432021004,0.0,0.0,1.5859,-4.3202100341588334e-08,True,0.9972255229949951,0.9972255229949951
688192.SH,30,14,16,1.0,1.0,1.0,0.0,0.0,1.0,0.0,True,1.0,1.0
688195.SH,28,14,14,1.0271,1.0271,1.0271,0.0,0.0,1.0271,0.0,True,1.0,1.0
688196.SH,34,14,20,1.1143,1.1142999812440002,1.1143,1.87559998643394e-08,1.6832091774512607e-08,1.1143,0.0,True,1.0,1.0
688197.SH,29,14,15,1.0,1.0,1.0,0.0,0.0,1.0,0.0,True,1.0,1.0
688198.SH,33,14,19,1.4359,1.4359,1.4359,0.0,0.0,1.4359,0.0,True,1.0,1.0
688200.SH,33,14,19,2.2504,2.2504,2.2504,0.0,0.0,2.2504,0.0,True,1.0,1.0
688201.SH,29,14,15,3.326,3.326,3.326,0.0,0.0,3.326,0.0,True,1.0,1.0
688203.SH,30,14,16,1.0189,1.0189,1.0189,0.0,0.0,1.0189,0.0,True,1.0,1.0
688206.SH,30,14,16,1.0041,1.0041,1.0041000250852743,2.5085274302227845e-08,2.4982844639207097e-08,1.0041,0.0,True,0.9989044666290283,1.0
688207.SH,33,14,19,1.4,1.4,1.4,0.0,0.0,1.4,0.0,True,1.0,1.0
688210.SH,30,14,16,2.0503,2.0503,2.0503000572916577,5.7291657640234916e-08,2.7943060839991668e-08,2.0503,0.0,True,0.9936594367027283,1.0
688211.SH,30,14,16,1.0184,1.0184,1.0184,0.0,0.0,1.0184,0.0,True,1.0,1.0
688215.SH,33,14,19,1.5884,1.5883999701151292,1.5884,2.988487080024527e-08,1.8814449005442752e-08,1.5884,0.0,True,0.832095205783844,0.832095205783844
688217.SH,28,14,14,1.0109999971218961,1.0109999971218961,1.0109999971218961,0.0,0.0,1.011,2.8781037553216038e-09,True,0.9940652847290039,0.9940652847290039
688218.SH,31,14,17,1.0471,1.0471,1.0471,0.0,0.0,1.0471,0.0,True,1.0,1.0
688220.SH,28,14,14,1.0,1.0,1.0,0.0,0.0,1.0,0.0,True,1.0,1.0
688221.SH,29,14,15,1.0,1.0,1.0,0.0,0.0,1.0,0.0,True,1.0,1.0
688223.SH,31,14,17,1.035,1.035,1.035,0.0,0.0,1.035,0.0,True,1.0,1.0
688229.SH,31,14,17,1.0124000186755537,1.0124000186755537,1.0124000186755537,0.0,0.0,1.0124,-1.8675553770108877e-08,True,0.9996048808097839,0.9996048808097839
688233.SH,30,14,16,1.0186,1.0186,1.0186,0.0,0.0,1.0186,0.0,True,1.0,1.0
688234.SH,30,14,16,1.0,1.0,1.0,0.0,0.0,1.0,0.0,True,1.0,1.0
688238.SH,30,14,16,1.3002000222359533,1.3002000222359533,1.3002000222359533,0.0,0.0,1.3002,-2.2235953300864253e-08,True,0.9998461604118347,0.9998461604118347
688244.SH,34,14,20,3.2543,3.2543,3.2543,0.0,0.0,3.2543,0.0,True,1.0,1.0
688246.SH,28,14,14,1.0,1.0,1.0,0.0,0.0,1.0,0.0,True,1.0,1.0
688247.SH,34,14,20,1.0178999908037192,1.0178999908037192,1.0179000066606831,1.5856963964111515e-08,1.5578115833944633e-08,1.0179,9.196280847945104e-09,True,0.9981334209442139,0.9981334209442139
688248.SH,33,14,19,1.0224000296687668,1.0224000048780526,1.0224000296687668,2.479071414818179e-08,2.4247567907654884e-08,1.0224,-2.96687667766804e-08,True,0.9932511448860168,0.9932511448860168
688249.SH,34,14,20,1.0051,1.0051,1.005100021650979,2.1650978787590702e-08,2.1541119080281266e-08,1.0051,0.0,True,1.0,1.0
688252.SH,34,14,20,1.008,1.0079999885217468,1.008,1.1478253236774094e-08,1.1387155988863189e-08,1.008,0.0,True,1.0,1.0
688253.SH,32,14,18,1.0356,1.0356,1.035600005753863,5.753862941659804e-09,5.55606695795655e-09,1.0356,0.0,True,1.0,1.0
688255.SH,31,14,17,1.4568,1.4568,1.4568,0.0,0.0,1.4568,0.0,True,1.0,1.0
688256.SH,29,14,15,1.0,1.0,1.0,0.0,0.0,1.0,0.0,True,1.0,1.0
688257.SH,29,14,15,2.9005000826259293,2.9005000826259293,2.9005000826259293,0.0,0.0,2.9005,-8.262592920971201e-08,True,0.9981727004051208,0.9981727004051208
688258.SH,33,14,19,1.4219999593133894,1.4219999593133894,1.4219999902600617,3.094667233582982e-08,2.1762780043096746e-08,1.422,4.068661052514244e-08,True,0.9985232353210449,0.9985232353210449
688259.SH,30,14,16,1.4326999747913947,1.4326999747913947,1.4327000337447362,5.895334154182308e-08,4.1148420869070555e-08,1.4327,2.5208605425319774e-08,True,0.9956725239753723,0.9956725239753723
688260.SH,32,14,18,1.0055000166081525,1.0055000166081525,1.0055000166081525,0.0,0.0,1.0055,-1.660815240889235e-08,True,0.9995027184486389,0.9995027184486389
688262.SH,34,14,20,1.414,1.414,1.414,0.0,0.0,1.414,0.0,True,1.0,1.0
688265.SH,29,14,15,1.0103,1.0103,1.0103,0.0,0.0,1.0103,0.0,True,1.0,1.0
688266.SH,34,14,20,1.0,1.0,1.0,0.0,0.0,1.0,0.0,True,1.0,1.0
688267.SH,32,14,18,1.052000026690791,1.052000026690791,1.052000026690791,0.0,0.0,1.052,-2.6690790910777196e-08,True,0.9897338151931763,0.9897338151931763
688268.SH,31,14,17,1.041,1.041,1.0410000299232132,2.9923213240579116e-08,2.874468130699243e-08,1.041,0.0,True,1.0,1.0
688269.SH,33,14,19,1.4915,1.4915,1.4915000096399396,9.639939513306217e-09,6.4632514336615604e-09,1.4915,0.0,True,1.0,1.0
688270.SH,30,14,16,1.9844000211281452,1.9844000211281452,1.9844000211281452,0.0,0.0,1.9844,-2.112814523336226e-08,True,0.9997984170913696,0.9997984170913696
688272.SH,34,14,20,1.004,1.004,1.004,0.0,0.0,1.004,0.0,True,1.0,1.0
688273.SH,33,14,19,1.1074999718679135,1.1074999718679135,1.1074999718679135,0.0,0.0,1.1075,2.8132086438148463e-08,True,0.9917833209037781,0.9917833209037781
688275.SH,32,14,18,1.517,1.517,1.517,0.0,0.0,1.517,0.0,True,1.0,1.0
688276.SH,33,14,19,1.0161,1.0161,1.0161,0.0,0.0,1.0161,0.0,True,1.0,1.0
688279.SH,33,14,19,1.0197,1.0197,1.0197,0.0,0.0,1.0197,0.0,True,1.0,1.0
688280.SH,29,14,15,1.0,1.0,1.0,0.0,0.0,1.0,0.0,True,1.0,1.0
688281.SH,30,14,16,4.153000081678069,4.153000081678069,4.153000081678069,0.0,0.0,4.153,-8.167806964110014e-08,True,0.997423529624939,0.997423529624939
688282.SH,30,14,16,1.024,1.024,1.024,0.0,0.0,1.024,0.0,True,1.0,1.0
688283.SH,33,14,19,1.4772000017567484,1.4772,1.4772000017567484,1.7567483023839259e-09,1.18924201211395e-09,1.4772,-1.7567483023839259e-09,True,0.9907256960868835,0.9907256960868835
688285.SH,34,14,20,1.0270999718277334,1.0270999718277334,1.0270999718277334,0.0,0.0,1.0271,2.817226651963267e-08,True,0.9988316893577576,0.9988316893577576
688287.SH,31,14,17,1.5915,1.5915,1.5915,0.0,0.0,1.5915,0.0,True,1.0,1.0
688288.SH,34,14,20,1.019,1.019,1.019,0.0,0.0,1.019,0.0,True,1.0,1.0
688289.SH,33,14,19,1.7173000324230605,1.7173000324230605,1.7173000324230605,0.0,0.0,1.7173,-3.242306045869725e-08,True,0.9871891736984253,0.9871891736984253
688292.SH,28,14,14,1.0164,1.0164,1.0164000207778823,2.07778823035909e-08,2.0442623281769876e-08,1.0164,0.0,True,1.0,1.0
688293.SH,29,14,15,1.450299997180373,1.450299997180373,1.450299997180373,0.0,0.0,1.4503,2.8196269763469672e-09,True,0.9956560730934143,0.9956560730934143
688295.SH,32,14,18,1.0071000063783302,1.0071000063783302,1.0071000063783302,0.0,0.0,1.0071,-6.378330086320716e-09,True,0.9999006986618042,0.9999006986618042
688296.SH,33,14,19,1.02,1.02,1.02,0.0,0.0,1.02,0.0,True,1.0,1.0
688297.SH,31,14,17,1.0121999999880766,1.0121999999880766,1.0121999999880766,0.0,0.0,1.0122,1.1923351195264331e-11,True,0.9998024106025696,0.9998024106025696
688298.SH,31,14,17,1.854,1.854,1.854,0.0,0.0,1.854,0.0,True,1.0,1.0
688299.SH,34,14,20,1.0240999853477477,1.0240999853477477,1.0240999853477477,0.0,0.0,1.0241,1.4652252300351165e-08,True,0.9999023675918579,0.9999023675918579
688301.SH,29,14,15,2.8424,2.8423998977085363,2.8424,1.0229146374385323e-07,3.59877088882118e-08,2.8424,0.0,True,1.0,1.0
688302.SH,28,14,14,1.0,1.0,1.0,0.0,0.0,1.0,0.0,True,1.0,1.0
688305.SH,34,14,20,1.3097,1.3097,1.3097,0.0,0.0,1.3097,0.0,True,1.0,1.0
688306.SH,30,14,16,1.0,1.0,1.0,0.0,0.0,1.0,0.0,True,1.0,1.0
688307.SH,31,14,17,1.043100013176932,1.043100013176932,1.043100013176932,0.0,0.0,1.0431,-1.3176931989988816e-08,True,0.9974115490913391,0.9974115490913391
688308.SH,31,14,17,1.474400022826257,1.4744,1.474400022826257,2.282625710670061e-08,1.5481725958566706e-08,1.4744,-2.282625710670061e-08,True,0.9922680258750916,0.9922680258750916
688309.SH,31,14,17,1.0187,1.0187,1.0187000198581326,1.9858132693784114e-08,1.9493602330209205e-08,1.0187,0.0,True,1.0,1.0
688311.SH,31,14,17,1.4103000116790343,1.4103000116790343,1.4103000116790343,0.0,0.0,1.4103,-1.167903418419769e-08,True,0.9997872710227966,0.9997872710227966
688318.SH,29,14,15,3.9694,3.9694,3.9694,0.0,0.0,3.9694,0.0,True,1.0,1.0
688319.SH,34,14,20,1.0041999754976116,1.0041999754976116,1.0041999754976116,0.0,0.0,1.0042,2.450238834050822e-08,True,0.9998008608818054,0.9998008608818054
688325.SH,31,14,17,1.0273,1.0273,1.0273000148896296,1.488962952933548e-08,1.4493944835330943e-08,1.0273,0.0,True,1.0,1.0
688326.SH,34,14,20,1.0,1.0,1.0,0.0,0.0,1.0,0.0,True,1.0,1.0
688327.SH,31,14,17,1.4,1.4,1.4,0.0,0.0,1.4,0.0,True,1.0,1.0
688328.SH,29,14,15,1.0242,1.0242,1.0242,0.0,0.0,1.0242,0.0,True,1.0,1.0
688331.SH,34,14,20,1.0,1.0,1.0,0.0,0.0,1.0,0.0,True,1.0,1.0
688332.SH,30,14,16,1.0439,1.0439,1.0439,0.0,0.0,1.0439,0.0,True,1.0,1.0
688333.SH,28,14,14,2.761099997799504,2.7610999955990083,2.7611,4.400991571174018e-09,1.5939269040170394e-09,2.7611,2.200495785587009e-09,True,0.9981529116630554,1.0
688335.SH,31,14,17,2.2258,2.2258,2.2258,0.0,0.0,2.2258,0.0,True,1.0,1.0
688337.SH,31,14,17,1.535800019863995,1.5358,1.535800019863995,1.986399489339874e-08,1.2933972285765321e-08,1.5358,-1.986399489339874e-08,True,0.9884099364280701,0.9884099364280701
688343.SH,31,14,17,1.0,1.0,1.0,0.0,0.0,1.0,0.0,True,1.0,1.0
688345.SH,31,14,17,1.0133999909603677,1.0133999909603677,1.0133999909603677,0.0,0.0,1.0134,9.039632375973383e-09,True,0.9996052980422974,0.9996052980422974
688351.SH,30,14,16,1.0,1.0,1.0,0.0,0.0,1.0,0.0,True,1.0,1.0
688352.SH,31,14,17,1.0205000153233101,1.0205000153233101,1.0205000153233101,0.0,0.0,1.0205,-1.5323310176285077e-08,True,0.9961783289909363,0.9961783289909363
688353.SH,32,14,18,1.4933,1.4933,1.4933,0.0,0.0,1.4933,0.0,True,1.0,1.0
688355.SH,31,14,17,1.0829,1.0828999983307104,1.0829,1.6692895954406595e-09,1.5414993032049676e-09,1.0829,0.0,True,1.0,1.0
688360.SH,29,14,15,2.8957,2.8957,2.8957,0.0,0.0,2.8957,0.0,True,1.0,1.0
688363.SH,34,14,20,1.0232000005495443,1.0232,1.0232000010990885,1.099088375866586e-09,1.0741676849846396e-09,1.0232,-5.49544187933293e-10,True,0.9978498816490173,0.9978498816490173
688366.SH,28,14,14,1.4758999633211032,1.4758999633211032,1.4758999978488945,3.452779129275996e-08,2.339439809664657e-08,1.4759,3.667889680869507e-08,True,0.9924114346504211,0.9924114346504211
688367.SH,32,14,18,1.0376,1.0375999867096348,1.0376,1.3290365252771608e-08,1.2808756026186976e-08,1.0376,0.0,True,0.9938319325447083,1.0
688368.SH,31,14,17,1.4508,1.4508,1.4508,0.0,0.0,1.4508,0.0,True,1.0,1.0
688370.SH,34,14,20,1.4596,1.4596,1.4596,0.0,0.0,1.4596,0.0,True,1.0,1.0
688371.SH,29,14,15,1.0,1.0,1.0,0.0,0.0,1.0,0.0,True,1.0,1.0
688372.SH,29,14,15,1.721,1.721,1.721,0.0,0.0,1.721,0.0,True,1.0,1.0
688376.SH,34,14,20,1.0181999933619041,1.0181999933619041,1.0182,6.6380958507750165e-09,6.5194420487641895e-09,1.0182,6.6380958507750165e-09,True,0.994892954826355,0.994892954826355
688378.SH,29,14,15,3.6116,3.6116,3.6116,0.0,0.0,3.6116,0.0,True,1.0,1.0
688379.SH,29,14,15,1.0403000087633125,1.0403000087633125,1.0403000087633125,0.0,0.0,1.0403,-8.763312520088107e-09,True,0.997116208076477,0.997116208076477
688388.SH,28,14,14,1.4544,1.4544,1.4544,0.0,0.0,1.4544,0.0,True,1.0,1.0
688390.SH,28,14,14,2.80739992844039,2.80739992844039,2.80739992844039,0.0,0.0,2.8074,7.155960979332576e-08,True,0.9998575448989868,0.9998575448989868
688391.SH,33,14,19,2.203399993506184,2.203399993506184,2.203399993506184,0.0,0.0,2.2034,6.49381570738683e-09,True,0.982118546962738,0.982118546962738
688392.SH,34,14,20,1.4268000008357538,1.4268000008357538,1.4268000348818066,3.404605286583262e-08,2.3861825655936368e-08,1.4268,-8.357536884773253e-10,True,0.9984580874443054,0.9984580874443054
688393.SH,28,14,14,1.0388,1.0388,1.0388,0.0,0.0,1.0388,0.0,True,1.0,1.0
688401.SH,29,14,15,1.4831,1.4831,1.4831,0.0,0.0,1.4831,0.0,True,1.0,1.0
688403.SH,28,14,14,1.0215,1.0215,1.0215,0.0,0.0,1.0215,0.0,True,1.0,1.0
688408.SH,33,14,19,1.5405,1.5404999553040222,1.5405,4.469597780776269e-08,2.9013942101760913e-08,1.5405,0.0,True,1.0,1.0
688409.SH,30,14,16,1.5042000220466831,1.5042,1.5042000220466831,2.204668314575997e-08,1.4656749649399851e-08,1.5042,-2.204668314575997e-08,True,0.9970748424530029,0.9970748424530029
688410.SH,30,14,16,2.2704,2.2704,2.2704,0.0,0.0,2.2704,0.0,True,1.0,1.0
688411.SH,30,14,16,1.0144,1.0144,1.0144,0.0,0.0,1.0144,0.0,True,1.0,1.0
688416.SH,32,14,18,1.0,1.0,1.0,0.0,0.0,1.0,0.0,True,1.0,1.0
688419.SH,32,14,18,1.436,1.436,1.436000014139136,1.4139136084168058e-08,9.846195044685278e-09,1.436,0.0,True,0.7082172632217407,0.7082172632217407
688420.SH,30,14,16,1.0299,1.0299,1.0299000052425333,5.242533296367924e-09,5.090332358838648e-09,1.0299,0.0,True,1.0,1.0
688426.SH,30,14,16,1.218,1.218,1.218,0.0,0.0,1.218,0.0,True,1.0,1.0
688429.SH,30,14,16,1.0024,1.0024,1.0024,0.0,0.0,1.0024,0.0,True,1.0,1.0
688432.SH,29,14,15,1.0107,1.0107,1.010700014444754,1.4444754059539378e-08,1.4291831462886493e-08,1.0107,0.0,True,1.0,1.0
688433.SH,34,14,20,1.0065,1.0065,1.0065,0.0,0.0,1.0065,0.0,True,1.0,1.0
688439.SH,33,14,19,1.017,1.0169999809896455,1.017,1.901035440177168e-08,1.8692580532715517e-08,1.017,0.0,True,1.0,1.0
688455.SH,31,14,17,1.014,1.014,1.014,0.0,0.0,1.014,0.0,True,1.0,1.0
688456.SH,34,14,20,1.0356,1.0356,1.0356,0.0,0.0,1.0356,0.0,True,1.0,1.0
688458.SH,34,14,20,1.3977,1.3977,1.3977,0.0,0.0,1.3977,0.0,True,1.0,1.0
688459.SH,28,14,14,1.0338999783543508,1.0338999783543508,1.0338999783543508,0.0,0.0,1.0339,2.1645649272983292e-08,True,0.9970983862876892,0.9970983862876892
688466.SH,34,14,20,1.2873,1.2873,1.2873,0.0,0.0,1.2873,0.0,True,1.0,1.0
688468.SH,29,14,15,1.0815,1.0815,1.0815,0.0,0.0,1.0815,0.0,True,1.0,1.0
688469.SH,31,14,17,1.0,1.0,1.0,0.0,0.0,1.0,0.0,True,1.0,1.0
688472.SH,31,14,17,1.023,1.0229999903691132,1.023,9.630886754763424e-09,9.414356554020943e-09,1.023,0.0,True,1.0,1.0
688475.SH,28,14,14,1.4367,1.4367,1.4367,0.0,0.0,1.4367,0.0,True,1.0,1.0
688479.SH,30,14,16,1.0601,1.0601,1.0601,0.0,0.0,1.0601,0.0,True,1.0,1.0
688480.SH,29,14,15,1.0574,1.057399984008069,1.0574,1.599193089063533e-08,1.5123823425983858e-08,1.0574,0.0,True,1.0,1.0
688484.SH,29,14,15,1.023,1.0229999950155573,1.023,4.984442636413178e-09,4.872377943707896e-09,1.023,0.0,True,0.9949169158935547,1.0
688486.SH,28,14,14,1.9662,1.9662,1.9662,0.0,0.0,1.9662,0.0,True,1.0,1.0
688488.SH,29,14,15,1.0024000108285247,1.0024000108285247,1.0024000108285247,0.0,0.0,1.0024,-1.0828524743544676e-08,True,0.9996009469032288,0.9996009469032288
688496.SH,28,14,14,1.0032000155479912,1.0032000155479912,1.0032000155479912,0.0,0.0,1.0032,-1.5547991116804383e-08,True,0.9998006224632263,0.9998006224632263
688498.SH,33,14,19,1.407799961389171,1.407799961389171,1.4077999947864805,3.3397309584515256e-08,2.3723050504675312e-08,1.4078,3.861082897849144e-08,True,0.9987924695014954,0.9987924695014954
688499.SH,29,14,15,1.4101999655793973,1.4101999655793973,1.4101999655793973,0.0,0.0,1.4102,3.442060259040147e-08,True,0.9998582005500793,0.9998582005500793
688500.SH,29,14,15,1.003,1.003,1.003,0.0,0.0,1.003,0.0,True,1.0,1.0
688501.SH,29,14,15,1.355799977170331,1.355799977170331,1.3558,2.2829668822055282e-08,1.6838522795746557e-08,1.3558,2.2829668822055282e-08,True,0.9910753965377808,0.9910753965377808
688503.SH,30,14,16,2.2437,2.2437,2.2437,0.0,0.0,2.2437,0.0,True,1.0,1.0
688506.SH,33,14,19,1.0,1.0,1.0,0.0,0.0,1.0,0.0,True,1.0,1.0
688507.SH,33,14,19,2.1800000424746044,2.1800000424746044,2.1800000424746044,0.0,0.0,2.18,-4.24746042781976e-08,True,0.998027503490448,0.998027503490448
688509.SH,30,14,16,1.0073000186796988,1.0073000186796988,1.0073000186796988,0.0,0.0,1.0073,-1.8679698676749013e-08,True,0.9997021555900574,0.9997021555900574
688511.SH,29,14,15,1.3569,1.3569,1.3569,0.0,0.0,1.7841,0.4272,False,1.0,1.0
688513.SH,30,14,16,1.5535,1.5535,1.5535,0.0,0.0,1.5535,0.0,True,1.0,1.0
688519.SH,30,14,16,1.0345,1.0345,1.0345000171864671,1.7186467138330386e-08,1.6613308011919173e-08,1.0345,0.0,True,1.0,1.0
688522.SH,34,14,20,1.9877999758453069,1.9877999758453069,1.9877999758453069,0.0,0.0,1.9878,2.415469313454821e-08,True,0.9988932609558105,0.9988932609558105
688528.SH,31,14,17,1.017,1.017,1.017,0.0,0.0,1.017,0.0,True,1.0,1.0
688529.SH,32,14,18,1.025,1.025,1.025,0.0,0.0,1.025,0.0,True,1.0,1.0
688530.SH,32,14,18,1.0062,1.0062,1.0062,0.0,0.0,1.0062,0.0,True,1.0,1.0
688531.SH,33,14,19,2.1438,2.1437999926813736,2.1438,7.31862659364424e-09,3.4138569799627945e-09,2.1438,0.0,True,0.6857449412345886,0.6857449412345886
688533.SH,34,14,20,1.0356,1.0356,1.0356,0.0,0.0,1.0356,0.0,True,1.0,1.0
688535.SH,32,14,18,1.0109000126615368,1.0109,1.0109000126615368,1.2661536930025363e-08,1.2525014117558053e-08,1.0109,-1.2661536930025363e-08,True,0.9975269436836243,0.9975269436836243
688538.SH,30,14,16,1.0,1.0,1.0,0.0,0.0,1.0,0.0,True,1.0,1.0
688539.SH,33,14,19,1.4344,1.434399985868678,1.4344,1.4131321890431536e-08,9.851730263825668e-09,1.4344,0.0,True,1.0,1.0
688543.SH,34,14,20,1.4802,1.4802,1.4802,0.0,0.0,1.4802,0.0,True,1.0,1.0
688545.SH,33,14,19,1.0076,1.0076,1.0076,0.0,0.0,1.0076,0.0,True,1.0,1.0
688548.SH,30,14,16,1.0203000044545167,1.0203000044545167,1.0203000194181282,1.4963611461027426e-08,1.4665893752521765e-08,1.0203,-4.454516755458826e-09,True,0.9968636631965637,0.9968636631965637
688549.SH,34,14,20,1.0014000295995698,1.0014000295995698,1.0014000295995698,0.0,0.0,1.0014,-2.9599569684179983e-08,True,0.9996005296707153,0.9996005296707153
688553.SH,30,14,16,1.0676,1.0676,1.0676,0.0,0.0,1.0676,0.0,True,1.0,1.0
688558.SH,32,14,18,1.0935,1.0935,1.0935,0.0,0.0,1.0935,0.0,True,1.0,1.0
688560.SH,32,14,18,1.0214999970183083,1.0214999970183083,1.0214999970183083,0.0,0.0,1.0215,2.9816917823666245e-09,True,0.9995105266571045,0.9995105266571045
688562.SH,32,14,18,1.0026,1.0026,1.0026,0.0,0.0,1.0026,0.0,True,1.0,1.0
688565.SH,30,14,16,1.4213999727530102,1.4213999727530102,1.4213999727530102,0.0,0.0,1.4214,2.7246989775520092e-08,True,0.9997186064720154,0.9997186064720154
688566.SH,28,14,14,1.1034999984874085,1.1034999984874085,1.1034999984874085,0.0,0.0,1.1035,1.5125913854774353e-09,True,0.9930222034454346,0.9930222034454346
688567.SH,34,14,20,1.0,1.0,1.0,0.0,0.0,1.0,0.0,True,1.0,1.0
688569.SH,32,14,18,1.0731,1.0731,1.0731,0.0,0.0,1.0731,0.0,True,1.0,1.0
688571.SH,30,14,16,1.4571,1.4571,1.4571,0.0,0.0,1.4571,0.0,True,1.0,1.0
688573.SH,28,14,14,1.010300008931428,1.010300008931428,1.010300008931428,0.0,0.0,1.0103,-8.931428041591971e-09,True,0.999703049659729,0.999703049659729
688575.SH,28,14,14,1.4919,1.4918999661583894,1.4919,3.384161062491842e-08,2.2683565000950745e-08,1.4919,0.0,True,1.0,1.0
688576.SH,34,14,20,1.0341,1.0340999967909925,1.0341,3.209007504167971e-09,3.1031887672062384e-09,1.0341,0.0,True,1.0,1.0
688577.SH,31,14,17,2.0494,2.0494,2.0494,0.0,0.0,2.0494,0.0,True,1.0,1.0
688579.SH,30,14,16,1.039,1.0389999973384398,1.039,2.661560083438985e-09,2.5616555182280897e-09,1.039,0.0,True,1.0,1.0
688580.SH,28,14,14,1.5315,1.5315,1.5315,0.0,0.0,1.5315,0.0,True,1.0,1.0
688582.SH,29,14,15,1.0113999865265493,1.0113999865265493,1.0113999865265493,0.0,0.0,1.0114,1.3473450799494913e-08,True,0.9980225563049316,0.9980225563049316
688584.SH,31,14,17,1.0306,1.0306,1.0306,0.0,0.0,1.0306,0.0,True,1.0,1.0
688586.SH,31,14,17,2.0582,2.0582,2.0582,0.0,0.0,2.0582,0.0,True,1.0,1.0
688590.SH,34,14,20,1.3458000314415408,1.3458000314415408,1.3458000314415408,0.0,0.0,1.3458,-3.144154070433558e-08,True,0.9982909560203552,0.9982909560203552
688591.SH,33,14,19,1.008,1.0079999959778088,1.008,4.022191246733087e-09,3.990269093981236e-09,1.008,0.0,True,1.0,1.0
688592.SH,29,14,15,1.3044,1.3043999873746046,1.3044,1.262539539581553e-08,9.679082640152967e-09,1.3044,0.0,True,0.7704691886901855,1.0
688595.SH,34,14,20,1.4082000177289395,1.4082000177289395,1.4082000177289395,0.0,0.0,1.4082,-1.7728939649686026e-08,True,0.9998579621315002,0.9998579621315002
688596.SH,28,14,14,1.0295,1.0295,1.0295000002404033,2.404032528602329e-10,2.335145729579727e-10,1.0295,0.0,True,1.0,1.0
688597.SH,28,14,14,2.0041,2.004099949838167,2.0041,5.016183335371238e-08,2.5029605984587782e-08,2.0041,0.0,True,1.0,1.0
688598.SH,28,14,14,2.2169,2.2169,2.2169,0.0,0.0,2.2169,0.0,True,1.0,1.0
688599.SH,33,14,19,1.0654000040665634,1.0654000040665634,1.0654000040665634,0.0,0.0,1.0654,-4.06656353035828e-09,True,0.9996245503425598,0.9996245503425598
688600.SH,29,14,15,1.0583,1.0583,1.058300009910798,9.910797960088757e-09,9.364828460822789e-09,1.0583,0.0,True,1.0,1.0
688601.SH,32,14,18,2.1711,2.1711,2.1711,0.0,0.0,2.1711,0.0,True,1.0,1.0
688603.SH,34,14,20,2.1681,2.1681,2.1681,0.0,0.0,2.1681,0.0,True,1.0,1.0
688605.SH,28,14,14,1.0033,1.0033,1.0033000174081703,1.7408170238653042e-08,1.735091222829965e-08,1.0033,0.0,True,1.0,1.0
688606.SH,28,14,14,1.8527999858712256,1.8527999858712256,1.8527999858712256,0.0,0.0,1.8528,1.4128774372679231e-08,True,0.9854814410209656,0.9854814410209656
688607.SH,28,14,14,1.0262,1.0262,1.0262,0.0,0.0,1.0262,0.0,True,1.0,1.0
688609.SH,30,14,16,1.0113000044895615,1.0113000044895615,1.0113000044895615,0.0,0.0,1.0113,-4.489561389320329e-09,True,0.9997033476829529,0.9997033476829529
688611.SH,28,14,14,2.8654,2.8654,2.8654,0.0,0.0,2.8654,0.0,True,1.0,1.0
688612.SH,33,14,19,1.0453,1.0453,1.0453,0.0,0.0,1.0453,0.0,True,1.0,1.0
688615.SH,34,14,20,1.4121,1.4121,1.4121,0.0,0.0,1.9953,0.5832000000000002,False,1.0,1.0
688616.SH,33,14,19,1.3249,1.3249,1.3249000109277673,1.0927767357671314e-08,8.247994080814638e-09,1.3249,0.0,True,1.0,1.0
688617.SH,34,14,20,2.1408,2.1407999250014975,2.1408,7.499850251946327e-08,3.5032932791229105e-08,2.1408,0.0,True,1.0,1.0
688618.SH,28,14,14,2.2792,2.279199950027989,2.2792,4.997201097367565e-08,2.1925241739941933e-08,2.2792,0.0,True,1.0,1.0
688619.SH,28,14,14,1.007,1.007,1.007,0.0,0.0,1.007,0.0,True,1.0,1.0
688620.SH,32,14,18,1.004,1.004,1.004,0.0,0.0,1.004,0.0,True,1.0,1.0
688621.SH,29,14,15,1.4237,1.4237,1.4237,0.0,0.0,1.4237,0.0,True,1.0,1.0
688622.SH,34,14,20,1.006,1.006,1.006,0.0,0.0,1.006,0.0,True,1.0,1.0
688623.SH,32,14,18,1.0522000121443602,1.052200006705256,1.0522000121443602,5.439104278082141e-09,5.1692684045853295e-09,1.0522,-1.2144360184151992e-08,True,0.9982892870903015,0.9982892870903015
688627.SH,28,14,14,1.0117000056652792,1.0117,1.011700011330558,1.133055804736216e-08,1.1199523558281835e-08,1.0117,-5.665279134703383e-09,True,0.9963427782058716,1.0
688628.SH,28,14,14,1.1114999712848102,1.1114999712848102,1.1115000082697055,3.698489536851923e-08,3.327476052542537e-08,1.1115,2.871518978153631e-08,True,0.9913630485534668,0.9913630485534668
688629.SH,32,14,18,1.002,1.002,1.002,0.0,0.0,1.002,0.0,True,1.0,1.0
688630.SH,34,14,20,1.0213,1.0213,1.0213,0.0,0.0,1.0241,0.0027999999999999137,False,1.0,1.0
688631.SH,31,14,17,1.0121,1.0121,1.0121000086564915,8.656491523595378e-09,8.553000220922219e-09,1.0121,0.0,True,1.0,1.0
688633.SH,29,14,15,2.0809,2.0808999687235907,2.0809,3.127640946232191e-08,1.503023185271849e-08,2.0809,0.0,True,0.9875534772872925,1.0
688636.SH,30,14,16,3.3497,3.3497,3.3497,0.0,0.0,3.3497,0.0,True,1.0,1.0
688638.SH,32,14,18,1.405,1.405,1.405,0.0,0.0,1.405,0.0,True,1.0,1.0
688639.SH,31,14,17,2.1833,2.1833,2.1833000546292394,5.4629239354397896e-08,2.502140766472674e-08,2.1833,0.0,True,0.9924426078796387,1.0
688646.SH,30,14,16,1.0147,1.0147,1.0147,0.0,0.0,1.0147,0.0,True,1.0,1.0
688651.SH,33,14,19,1.0021,1.0021,1.0021,0.0,0.0,1.0021,0.0,True,1.0,1.0
688653.SH,34,14,20,1.0,1.0,1.0,0.0,0.0,1.0,0.0,True,1.0,1.0
688655.SH,34,14,20,1.019399989493539,1.019399989493539,1.019399989493539,0.0,0.0,1.0194,1.0506461034509584e-08,True,0.9996076226234436,0.9996076226234436
688656.SH,32,14,18,1.0466,1.0466,1.0466,0.0,0.0,1.0466,0.0,True,1.0,1.0
688657.SH,29,14,15,1.5079,1.5079,1.5079,0.0,0.0,1.5079,0.0,True,1.0,1.0
688658.SH,32,14,18,1.116,1.116,1.116,0.0,0.0,1.116,0.0,True,1.0,1.0
688662.SH,34,14,20,1.0396,1.0395999786103367,1.0396,2.138966337383863e-08,2.057489743539691e-08,1.0396,0.0,True,1.0,1.0
688665.SH,33,14,19,1.508,1.508,1.508,0.0,0.0,1.508,0.0,True,1.0,1.0
688667.SH,28,14,14,1.0145999836783515,1.0145999836783515,1.0145999836783515,0.0,0.0,1.0146,1.632164847720219e-08,True,0.9984230399131775,0.9984230399131775
688669.SH,33,14,19,1.3468,1.3468,1.3468,0.0,0.0,1.3468,0.0,True,1.0,1.0
688670.SH,29,14,15,1.423100006753681,1.423100006753681,1.423100006753681,0.0,0.0,1.4231,-6.753680947824137e-09,True,0.9999297261238098,0.9999297261238098
688671.SH,34,14,20,1.005,1.005,1.005,0.0,0.0,1.005,0.0,True,1.0,1.0
688676.SH,29,14,15,1.0564,1.0564,1.0564,0.0,0.0,1.0564,0.0,True,1.0,1.0
688678.SH,33,14,19,1.4942,1.4942,1.4942,0.0,0.0,2.0992,0.6050000000000002,False,1.0,1.0
688679.SH,31,14,17,1.0474,1.0474,1.0474,0.0,0.0,1.0474,0.0,True,1.0,1.0
688680.SH,34,14,20,1.0089,1.0089,1.0089,0.0,0.0,1.0089,0.0,True,1.0,1.0
688681.SH,29,14,15,1.0375,1.0375,1.0375,0.0,0.0,1.0375,0.0,True,1.0,1.0
688682.SH,33,14,19,2.8147,2.8147,2.8147,0.0,0.0,2.8147,0.0,True,1.0,1.0
688683.SH,28,14,14,1.0291,1.0291,1.0291,0.0,0.0,1.0291,0.0,True,1.0,1.0
688685.SH,30,14,16,1.3249,1.3249,1.3249000220590477,2.205904769958522e-08,1.6649594459646177e-08,1.3249,0.0,True,1.0,1.0
688687.SH,34,14,20,1.0458,1.0458,1.0458,0.0,0.0,1.0458,0.0,True,1.0,1.0
688689.SH,31,14,17,1.054,1.054,1.054,0.0,0.0,1.054,0.0,True,1.0,1.0
688692.SH,31,14,17,1.5003999640580041,1.5003999640580041,1.5003999640580041,0.0,0.0,1.5004,3.5941995824018136e-08,True,0.9976673126220703,0.9976673126220703
688696.SH,33,14,19,1.4415,1.4415,1.4415,0.0,0.0,1.4415,0.0,True,1.0,1.0
688697.SH,28,14,14,1.5469,1.5469,1.5469,0.0,0.0,1.5469,0.0,True,1.0,1.0
688698.SH,29,14,15,1.0495999709612687,1.0495999709612687,1.0495999709612687,0.0,0.0,1.0496,2.9038731419461783e-08,True,0.9983803629875183,0.9983803629875183
688700.SH,30,14,16,1.9701,1.9700999767834952,1.9701,2.3216504718703845e-08,1.1784429581596794e-08,1.9701,0.0,True,1.0,1.0
688701.SH,29,14,15,1.009,1.009,1.009,0.0,0.0,1.009,0.0,True,1.0,1.0
688702.SH,30,14,16,1.0,1.0,1.0,0.0,0.0,1.0,0.0,True,1.0,1.0
688707.SH,31,14,17,1.0346,1.0346,1.0346,0.0,0.0,1.0346,0.0,True,1.0,1.0
688708.SH,33,14,19,1.007,1.007,1.007,0.0,0.0,1.007,0.0,True,1.0,1.0
688709.SH,32,14,18,1.0055999836824334,1.0055999836824334,1.0056,1.6317566631229852e-08,1.622669739062258e-08,1.0056,1.6317566631229852e-08,True,0.9994033575057983,0.9994033575057983
688711.SH,29,14,15,2.169200018431456,2.169200018431456,2.169200018431456,0.0,0.0,2.1692,-1.8431455917067296e-08,True,0.9999077916145325,0.9999077916145325
688718.SH,32,14,18,1.0221999858033322,1.0221999858033322,1.0221999858033322,0.0,0.0,1.0222,1.4196667841304134e-08,True,0.99168461561203,0.99168461561203
688719.SH,31,14,17,1.4232,1.42319999444723,1.4232,5.552770021566289e-09,3.901609065181484e-09,1.4232,0.0,True,1.0,1.0
688720.SH,33,14,19,1.0063,1.0063,1.0063,0.0,0.0,1.0063,0.0,True,1.0,1.0
688728.SH,28,14,14,1.0042,1.004199990391213,1.0042,9.60878687727984e-09,9.568598762477435e-09,1.0042,0.0,True,1.0,1.0
688733.SH,29,14,15,1.0218,1.0218,1.0218,0.0,0.0,1.0218,0.0,True,1.0,1.0
688737.SH,32,14,18,1.4094000403280285,1.4094000403280285,1.4094000403280285,0.0,0.0,1.4094,-4.032802847220296e-08,True,0.9997161626815796,0.9997161626815796
688750.SH,33,14,19,1.004,1.0039999700784692,1.004,2.99215308086076e-08,2.980232152251753e-08,1.004,0.0,True,1.0,1.0
688757.SH,28,14,14,1.006899997372699,1.006899997372699,1.0069000301640008,3.2791301673995576e-08,3.256659227287498e-08,1.0069,2.627300821345102e-09,True,0.9982123374938965,0.9982123374938965
688758.SH,30,14,16,1.0041000115411176,1.0041000115411176,1.0041000115411176,0.0,0.0,1.0041,-1.154111761714205e-08,True,0.998306930065155,0.998306930065155
688768.SH,34,14,20,1.5109,1.5109,1.5109,0.0,0.0,1.5109,0.0,True,1.0,1.0
688775.SH,32,14,18,1.0,1.0,1.0,0.0,0.0,1.0,0.0,True,1.0,1.0
688776.SH,30,14,16,1.4151,1.4151,1.4151,0.0,0.0,1.4151,0.0,True,1.0,1.0
688777.SH,32,14,18,1.5218,1.5218,1.5218,0.0,0.0,1.5218,0.0,True,1.0,1.0
688779.SH,33,14,19,1.0270999721440381,1.0270999721440381,1.0270999721440381,0.0,0.0,1.0271,2.7855961759470915e-08,True,0.9999026656150818,0.9999026656150818
688786.SH,33,14,19,1.7734,1.7734,1.7734,0.0,0.0,1.7734,0.0,True,1.0,1.0
688787.SH,31,14,17,1.4167,1.4167,1.416700036288489,3.628848888048708e-08,2.5614801214432893e-08,1.4167,0.0,True,1.0,1.0
688788.SH,33,14,19,2.1225,2.1225,2.122500019609626,1.9609625923067142e-08,9.238928585661787e-09,2.1225,0.0,True,1.0,1.0
688793.SH,30,14,16,1.42,1.42,1.42,0.0,0.0,1.42,0.0,True,1.0,1.0
688798.SH,30,14,16,1.4128,1.4128,1.4128,0.0,0.0,1.4128,0.0,True,1.0,1.0
688799.SH,32,14,18,1.5129,1.5129,1.5129,0.0,0.0,1.5129,0.0,True,1.0,1.0
689009.SH,28,14,14,1.033199975366593,1.033199975366593,1.033199975366593,0.0,0.0,1.0332,2.4633406869867258e-08,True,0.99303138256073,0.99303138256073
