stock,date,loops,calendar_rows,db_minute_count,db_minute_last_close,db_daily_close,db_limit_up,db_suspend_exists,qlib_ohlcv_factor_non_null,qlib_limit_core_non_null,qlib_close_rows,qlib_close_non_null,qlib_factor_non_null,qlib_prev_close_non_null,qlib_up_limit_non_null,classification,sample_close_bin,sample_close_bin_mtime,sample_close_bin_mtime_utc,sample_prev_close_bin_mtime,sample_prev_close_bin_mtime_utc
603185.SH,2025-07-08,"[19, 25, 26]",240,240,16.39,16.39,16.39,False,0,720,240,0,0,240,240,QLIB_OHLCV_FACTOR_BIN_ALL_NAN_DB_PRESENT_LIMIT_BIN_PRESENT,/home/lc999/data/qlib_minute_bin/features/603185.sh/close.1min.bin,1777467552.6632004,2026-04-29T12:59:12.663200+00:00,1777510863.7624125,2026-04-30T01:01:03.762413+00:00
603421.SH,2025-07-08,"[19, 22]",240,240,6.93,6.93,7.61,False,0,720,240,0,0,240,240,QLIB_OHLCV_FACTOR_BIN_ALL_NAN_DB_PRESENT_LIMIT_BIN_PRESENT,/home/lc999/data/qlib_minute_bin/features/603421.sh/close.1min.bin,1777467559.5424297,2026-04-29T12:59:19.542430+00:00,1777510865.1252422,2026-04-30T01:01:05.125242+00:00
688607.SH,2025-07-08,"[19, 20, 21, 22, 23]",240,240,18.82,18.82,22.32,False,0,720,240,0,0,240,240,QLIB_OHLCV_FACTOR_BIN_ALL_NAN_DB_PRESENT_LIMIT_BIN_PRESENT,/home/lc999/data/qlib_minute_bin/features/688607.sh/close.1min.bin,1777467589.443297,2026-04-29T12:59:49.443297+00:00,1777510872.069971,2026-04-30T01:01:12.069971+00:00
688051.SH,2025-07-08,"[19, 23, 24, 25]",240,240,24.44,24.44,29.28,False,0,720,240,0,0,240,240,QLIB_OHLCV_FACTOR_BIN_ALL_NAN_DB_PRESENT_LIMIT_BIN_PRESENT,/home/lc999/data/qlib_minute_bin/features/688051.sh/close.1min.bin,1777467574.739253,2026-04-29T12:59:34.739253+00:00,1777510868.1183932,2026-04-30T01:01:08.118393+00:00
603396.SH,2025-07-08,"[19, 25]",240,240,27.25,27.25,29.05,False,0,720,240,0,0,240,240,QLIB_OHLCV_FACTOR_BIN_ALL_NAN_DB_PRESENT_LIMIT_BIN_PRESENT,/home/lc999/data/qlib_minute_bin/features/603396.sh/close.1min.bin,1777467559.4313865,2026-04-29T12:59:19.431386+00:00,1777510865.0650542,2026-04-30T01:01:05.065054+00:00
603898.SH,2025-07-08,"[19, 20, 21, 28]",240,240,10.93,10.93,12.06,False,0,720,240,0,0,240,240,QLIB_OHLCV_FACTOR_BIN_ALL_NAN_DB_PRESENT_LIMIT_BIN_PRESENT,/home/lc999/data/qlib_minute_bin/features/603898.sh/close.1min.bin,1777467567.3461099,2026-04-29T12:59:27.346110+00:00,1777510865.81835,2026-04-30T01:01:05.818350+00:00
605177.SH,2025-07-08,"[19, 20, 21, 22, 23]",240,240,19.44,19.44,20.8,False,0,720,240,0,0,240,240,QLIB_OHLCV_FACTOR_BIN_ALL_NAN_DB_PRESENT_LIMIT_BIN_PRESENT,/home/lc999/data/qlib_minute_bin/features/605177.sh/close.1min.bin,1777467571.06959,2026-04-29T12:59:31.069590+00:00,1777510867.3531532,2026-04-30T01:01:07.353153+00:00
002486.SZ,2025-07-08,"[19, 21, 22, 23, 25, 27, 28]",240,240,2.74,2.74,2.93,False,0,720,240,0,0,240,240,QLIB_OHLCV_FACTOR_BIN_ALL_NAN_DB_PRESENT_LIMIT_BIN_PRESENT,/home/lc999/data/qlib_minute_bin/features/002486.sz/close.1min.bin,1777467444.0347843,2026-04-29T12:57:24.034784+00:00,1777510843.6961699,2026-04-30T01:00:43.696170+00:00
603385.SH,2025-07-08,"[19, 20, 21, 22, 23, 28]",240,240,6.83,6.83,7.51,False,0,720,240,0,0,240,240,QLIB_OHLCV_FACTOR_BIN_ALL_NAN_DB_PRESENT_LIMIT_BIN_PRESENT,/home/lc999/data/qlib_minute_bin/features/603385.sh/close.1min.bin,1777467556.8269684,2026-04-29T12:59:16.826968+00:00,1777510865.000567,2026-04-30T01:01:05.000567+00:00
002817.SZ,2025-07-08,"[19, 20, 21, 23, 25, 28]",240,240,7.59,7.59,8.33,False,0,720,240,0,0,240,240,QLIB_OHLCV_FACTOR_BIN_ALL_NAN_DB_PRESENT_LIMIT_BIN_PRESENT,/home/lc999/data/qlib_minute_bin/features/002817.sz/close.1min.bin,1777467454.9366171,2026-04-29T12:57:34.936617+00:00,1777510845.4133143,2026-04-30T01:00:45.413314+00:00
300440.SZ,2025-07-08,"[19, 22, 26]",240,240,10.17,10.17,12.17,False,0,720,240,0,0,240,240,QLIB_OHLCV_FACTOR_BIN_ALL_NAN_DB_PRESENT_LIMIT_BIN_PRESENT,/home/lc999/data/qlib_minute_bin/features/300440.sz/close.1min.bin,1777467479.7224069,2026-04-29T12:57:59.722407+00:00,1777510848.3674948,2026-04-30T01:00:48.367495+00:00
000751.SZ,2025-07-08,"[19, 20, 21, 22, 23, 28]",240,240,3.21,3.21,3.49,False,0,720,240,0,0,240,240,QLIB_OHLCV_FACTOR_BIN_ALL_NAN_DB_PRESENT_LIMIT_BIN_PRESENT,/home/lc999/data/qlib_minute_bin/features/000751.sz/close.1min.bin,1777467418.605233,2026-04-29T12:56:58.605233+00:00,1777510840.215476,2026-04-30T01:00:40.215476+00:00
300787.SZ,2025-07-08,[19],240,240,13.42,13.42,15.92,False,0,720,240,0,0,240,240,QLIB_OHLCV_FACTOR_BIN_ALL_NAN_DB_PRESENT_LIMIT_BIN_PRESENT,/home/lc999/data/qlib_minute_bin/features/300787.sz/close.1min.bin,1777467490.026656,2026-04-29T12:58:10.026656+00:00,1777510850.1894865,2026-04-30T01:00:50.189487+00:00
688680.SH,2025-07-08,"[19, 24, 26]",240,240,46.99,46.99,54.6,False,0,720,240,0,0,240,240,QLIB_OHLCV_FACTOR_BIN_ALL_NAN_DB_PRESENT_LIMIT_BIN_PRESENT,/home/lc999/data/qlib_minute_bin/features/688680.sh/close.1min.bin,1777467592.6718385,2026-04-29T12:59:52.671839+00:00,1777510872.4633996,2026-04-30T01:01:12.463400+00:00
300006.SZ,2025-07-08,"[19, 20, 21, 22, 23, 24, 26, 28]",240,240,3.86,3.86,4.64,False,0,720,240,0,0,240,240,QLIB_OHLCV_FACTOR_BIN_ALL_NAN_DB_PRESENT_LIMIT_BIN_PRESENT,/home/lc999/data/qlib_minute_bin/features/300006.sz/close.1min.bin,1777467465.6383178,2026-04-29T12:57:45.638318+00:00,1777510846.832013,2026-04-30T01:00:46.832013+00:00
000050.SZ,2025-07-08,[19],240,240,8.61,8.61,9.34,False,0,720,240,0,0,240,240,QLIB_OHLCV_FACTOR_BIN_ALL_NAN_DB_PRESENT_LIMIT_BIN_PRESENT,/home/lc999/data/qlib_minute_bin/features/000050.sz/close.1min.bin,1777467411.098614,2026-04-29T12:56:51.098614+00:00,1777510839.218452,2026-04-30T01:00:39.218452+00:00
688098.SH,2025-07-08,"[19, 20, 21, 23, 27, 28]",240,240,6.16,6.16,7.36,False,0,720,240,0,0,240,240,QLIB_OHLCV_FACTOR_BIN_ALL_NAN_DB_PRESENT_LIMIT_BIN_PRESENT,/home/lc999/data/qlib_minute_bin/features/688098.sh/close.1min.bin,1777467575.0891988,2026-04-29T12:59:35.089199+00:00,1777510868.4556177,2026-04-30T01:01:08.455618+00:00
002373.SZ,2025-07-08,[19],240,240,9.33,9.33,10.11,False,0,720,240,0,0,240,240,QLIB_OHLCV_FACTOR_BIN_ALL_NAN_DB_PRESENT_LIMIT_BIN_PRESENT,/home/lc999/data/qlib_minute_bin/features/002373.sz/close.1min.bin,1777467440.1777244,2026-04-29T12:57:20.177724+00:00,1777510843.2333627,2026-04-30T01:00:43.233363+00:00
002524.SZ,2025-07-08,"[19, 22, 23]",240,240,4.54,4.54,4.92,False,0,720,240,0,0,240,240,QLIB_OHLCV_FACTOR_BIN_ALL_NAN_DB_PRESENT_LIMIT_BIN_PRESENT,/home/lc999/data/qlib_minute_bin/features/002524.sz/close.1min.bin,1777467446.9955218,2026-04-29T12:57:26.995522+00:00,1777510844.4703987,2026-04-30T01:00:44.470399+00:00
000931.SZ,2025-07-08,"[19, 22, 25]",240,240,5.49,5.49,6.0,False,0,720,240,0,0,240,240,QLIB_OHLCV_FACTOR_BIN_ALL_NAN_DB_PRESENT_LIMIT_BIN_PRESENT,/home/lc999/data/qlib_minute_bin/features/000931.sz/close.1min.bin,1777467422.29406,2026-04-29T12:57:02.294060+00:00,1777510840.7117124,2026-04-30T01:00:40.711712+00:00
603808.SH,2025-07-08,"[19, 21, 22, 23, 24, 25, 28]",240,240,8.24,8.24,9.01,False,0,720,240,0,0,240,240,QLIB_OHLCV_FACTOR_BIN_ALL_NAN_DB_PRESENT_LIMIT_BIN_PRESENT,/home/lc999/data/qlib_minute_bin/features/603808.sh/close.1min.bin,1777467564.17334,2026-04-29T12:59:24.173340+00:00,1777510865.4119513,2026-04-30T01:01:05.411951+00:00
688718.SH,2025-07-08,"[19, 20, 21, 23, 28]",240,240,12.4,12.4,14.77,False,0,720,240,0,0,240,240,QLIB_OHLCV_FACTOR_BIN_ALL_NAN_DB_PRESENT_LIMIT_BIN_PRESENT,/home/lc999/data/qlib_minute_bin/features/688718.sh/close.1min.bin,1777467592.9227188,2026-04-29T12:59:52.922719+00:00,1777510872.6449819,2026-04-30T01:01:12.644982+00:00
600626.SH,2025-07-08,"[19, 20, 28]",240,240,3.67,3.67,4.0,False,0,720,240,0,0,240,240,QLIB_OHLCV_FACTOR_BIN_ALL_NAN_DB_PRESENT_LIMIT_BIN_PRESENT,/home/lc999/data/qlib_minute_bin/features/600626.sh/close.1min.bin,1777467527.7343435,2026-04-29T12:58:47.734344+00:00,1777510856.0808256,2026-04-30T01:00:56.080826+00:00
002160.SZ,2025-07-08,"[19, 22]",240,240,4.34,4.34,4.74,False,0,720,240,0,0,240,240,QLIB_OHLCV_FACTOR_BIN_ALL_NAN_DB_PRESENT_LIMIT_BIN_PRESENT,/home/lc999/data/qlib_minute_bin/features/002160.sz/close.1min.bin,1777467433.0551658,2026-04-29T12:57:13.055166+00:00,1777510842.4894109,2026-04-30T01:00:42.489411+00:00
603989.SH,2025-07-08,"[19, 20, 23, 28]",240,240,15.7,15.7,16.94,False,0,720,240,0,0,240,240,QLIB_OHLCV_FACTOR_BIN_ALL_NAN_DB_PRESENT_LIMIT_BIN_PRESENT,/home/lc999/data/qlib_minute_bin/features/603989.sh/close.1min.bin,1777467567.803307,2026-04-29T12:59:27.803307+00:00,1777510866.194485,2026-04-30T01:01:06.194485+00:00
603520.SH,2025-07-08,"[19, 25]",240,240,10.06,10.06,10.9,False,0,720,240,0,0,240,240,QLIB_OHLCV_FACTOR_BIN_ALL_NAN_DB_PRESENT_LIMIT_BIN_PRESENT,/home/lc999/data/qlib_minute_bin/features/603520.sh/close.1min.bin,1777467559.84677,2026-04-29T12:59:19.846770+00:00,1777510865.3058066,2026-04-30T01:01:05.305807+00:00
603122.SH,2025-07-08,[19],240,240,6.97,6.97,7.63,False,0,720,240,0,0,240,240,QLIB_OHLCV_FACTOR_BIN_ALL_NAN_DB_PRESENT_LIMIT_BIN_PRESENT,/home/lc999/data/qlib_minute_bin/features/603122.sh/close.1min.bin,1777467549.1510181,2026-04-29T12:59:09.151018+00:00,1777510862.438275,2026-04-30T01:01:02.438275+00:00
600661.SH,2025-07-08,"[19, 20, 21, 22, 23, 24]",240,240,10.88,10.88,11.85,False,0,720,240,0,0,240,240,QLIB_OHLCV_FACTOR_BIN_ALL_NAN_DB_PRESENT_LIMIT_BIN_PRESENT,/home/lc999/data/qlib_minute_bin/features/600661.sh/close.1min.bin,1777467527.4228234,2026-04-29T12:58:47.422823+00:00,1777510856.3033502,2026-04-30T01:00:56.303350+00:00
688296.SH,2025-07-08,"[19, 20, 21, 22, 23, 25]",240,240,13.23,13.23,15.83,False,0,720,240,0,0,240,240,QLIB_OHLCV_FACTOR_BIN_ALL_NAN_DB_PRESENT_LIMIT_BIN_PRESENT,/home/lc999/data/qlib_minute_bin/features/688296.sh/close.1min.bin,1777467582.2610097,2026-04-29T12:59:42.261010+00:00,1777510869.7612813,2026-04-30T01:01:09.761281+00:00
000586.SZ,2025-07-08,"[19, 20, 21, 23, 24]",240,240,11.14,11.14,12.22,False,0,720,240,0,0,240,240,QLIB_OHLCV_FACTOR_BIN_ALL_NAN_DB_PRESENT_LIMIT_BIN_PRESENT,/home/lc999/data/qlib_minute_bin/features/000586.sz/close.1min.bin,1777467414.7197032,2026-04-29T12:56:54.719703+00:00,1777510839.7452638,2026-04-30T01:00:39.745264+00:00
603458.SH,2025-07-08,"[19, 22, 24, 25, 26]",240,240,8.71,8.71,9.31,False,0,720,240,0,0,240,240,QLIB_OHLCV_FACTOR_BIN_ALL_NAN_DB_PRESENT_LIMIT_BIN_PRESENT,/home/lc999/data/qlib_minute_bin/features/603458.sh/close.1min.bin,1777467559.6000075,2026-04-29T12:59:19.600008+00:00,1777510865.1682339,2026-04-30T01:01:05.168234+00:00
688162.SH,2025-07-08,"[19, 22, 26]",240,240,26.97,26.97,31.9,False,0,720,240,0,0,240,240,QLIB_OHLCV_FACTOR_BIN_ALL_NAN_DB_PRESENT_LIMIT_BIN_PRESENT,/home/lc999/data/qlib_minute_bin/features/688162.sh/close.1min.bin,1777467578.205775,2026-04-29T12:59:38.205775+00:00,1777510868.8879566,2026-04-30T01:01:08.887957+00:00
002795.SZ,2025-07-08,[19],240,240,5.29,5.29,5.82,False,0,720,240,0,0,240,240,QLIB_OHLCV_FACTOR_BIN_ALL_NAN_DB_PRESENT_LIMIT_BIN_PRESENT,/home/lc999/data/qlib_minute_bin/features/002795.sz/close.1min.bin,1777467454.7515242,2026-04-29T12:57:34.751524+00:00,1777510845.3484347,2026-04-30T01:00:45.348435+00:00
603909.SH,2025-07-08,"[19, 20, 21, 23, 28]",240,240,9.96,9.96,10.8,False,0,720,240,0,0,240,240,QLIB_OHLCV_FACTOR_BIN_ALL_NAN_DB_PRESENT_LIMIT_BIN_PRESENT,/home/lc999/data/qlib_minute_bin/features/603909.sh/close.1min.bin,1777467567.4078934,2026-04-29T12:59:27.407893+00:00,1777510865.8745542,2026-04-30T01:01:05.874554+00:00
603177.SH,2025-07-08,"[19, 20, 21, 23, 28]",240,240,9.25,9.25,10.25,False,0,720,240,0,0,240,240,QLIB_OHLCV_FACTOR_BIN_ALL_NAN_DB_PRESENT_LIMIT_BIN_PRESENT,/home/lc999/data/qlib_minute_bin/features/603177.sh/close.1min.bin,1777467552.5850646,2026-04-29T12:59:12.585065+00:00,1777510863.6979253,2026-04-30T01:01:03.697925+00:00
603185.SH,2025-07-09,"[19, 25, 26]",240,240,17.55,17.55,18.03,False,0,720,240,0,0,240,240,QLIB_OHLCV_FACTOR_BIN_ALL_NAN_DB_PRESENT_LIMIT_BIN_PRESENT,/home/lc999/data/qlib_minute_bin/features/603185.sh/close.1min.bin,1777467552.6632004,2026-04-29T12:59:12.663200+00:00,1777510863.7624125,2026-04-30T01:01:03.762413+00:00
603421.SH,2025-07-09,"[19, 22]",240,240,7.01,7.01,7.62,False,0,720,240,0,0,240,240,QLIB_OHLCV_FACTOR_BIN_ALL_NAN_DB_PRESENT_LIMIT_BIN_PRESENT,/home/lc999/data/qlib_minute_bin/features/603421.sh/close.1min.bin,1777467559.5424297,2026-04-29T12:59:19.542430+00:00,1777510865.1252422,2026-04-30T01:01:05.125242+00:00
688607.SH,2025-07-09,"[19, 20, 21, 22, 23]",240,240,18.68,18.68,22.58,False,0,720,240,0,0,240,240,QLIB_OHLCV_FACTOR_BIN_ALL_NAN_DB_PRESENT_LIMIT_BIN_PRESENT,/home/lc999/data/qlib_minute_bin/features/688607.sh/close.1min.bin,1777467589.443297,2026-04-29T12:59:49.443297+00:00,1777510872.069971,2026-04-30T01:01:12.069971+00:00
688051.SH,2025-07-09,"[19, 23, 24, 25]",240,240,24.45,24.45,29.33,False,0,720,240,0,0,240,240,QLIB_OHLCV_FACTOR_BIN_ALL_NAN_DB_PRESENT_LIMIT_BIN_PRESENT,/home/lc999/data/qlib_minute_bin/features/688051.sh/close.1min.bin,1777467574.739253,2026-04-29T12:59:34.739253+00:00,1777510868.1183932,2026-04-30T01:01:08.118393+00:00
603396.SH,2025-07-09,"[19, 22, 25]",240,240,26.92,26.92,29.98,False,0,720,240,0,0,240,240,QLIB_OHLCV_FACTOR_BIN_ALL_NAN_DB_PRESENT_LIMIT_BIN_PRESENT,/home/lc999/data/qlib_minute_bin/features/603396.sh/close.1min.bin,1777467559.4313865,2026-04-29T12:59:19.431386+00:00,1777510865.0650542,2026-04-30T01:01:05.065054+00:00
603898.SH,2025-07-09,"[19, 20, 21, 28]",240,240,10.92,10.92,12.02,False,0,720,240,0,0,240,240,QLIB_OHLCV_FACTOR_BIN_ALL_NAN_DB_PRESENT_LIMIT_BIN_PRESENT,/home/lc999/data/qlib_minute_bin/features/603898.sh/close.1min.bin,1777467567.3461099,2026-04-29T12:59:27.346110+00:00,1777510865.81835,2026-04-30T01:01:05.818350+00:00
605177.SH,2025-07-09,"[19, 20, 21, 22, 23]",240,240,19.17,19.17,21.38,False,0,720,240,0,0,240,240,QLIB_OHLCV_FACTOR_BIN_ALL_NAN_DB_PRESENT_LIMIT_BIN_PRESENT,/home/lc999/data/qlib_minute_bin/features/605177.sh/close.1min.bin,1777467571.06959,2026-04-29T12:59:31.069590+00:00,1777510867.3531532,2026-04-30T01:01:07.353153+00:00
002486.SZ,2025-07-09,"[19, 21, 22, 23, 24, 25, 27, 28]",240,240,2.73,2.73,3.01,False,0,720,240,0,0,240,240,QLIB_OHLCV_FACTOR_BIN_ALL_NAN_DB_PRESENT_LIMIT_BIN_PRESENT,/home/lc999/data/qlib_minute_bin/features/002486.sz/close.1min.bin,1777467444.0347843,2026-04-29T12:57:24.034784+00:00,1777510843.6961699,2026-04-30T01:00:43.696170+00:00
603385.SH,2025-07-09,"[19, 20, 21, 22, 23, 28]",240,240,6.89,6.89,7.51,False,0,720,240,0,0,240,240,QLIB_OHLCV_FACTOR_BIN_ALL_NAN_DB_PRESENT_LIMIT_BIN_PRESENT,/home/lc999/data/qlib_minute_bin/features/603385.sh/close.1min.bin,1777467556.8269684,2026-04-29T12:59:16.826968+00:00,1777510865.000567,2026-04-30T01:01:05.000567+00:00
002817.SZ,2025-07-09,"[19, 20, 21, 23, 25, 28]",240,240,7.56,7.56,8.35,False,0,720,240,0,0,240,240,QLIB_OHLCV_FACTOR_BIN_ALL_NAN_DB_PRESENT_LIMIT_BIN_PRESENT,/home/lc999/data/qlib_minute_bin/features/002817.sz/close.1min.bin,1777467454.9366171,2026-04-29T12:57:34.936617+00:00,1777510845.4133143,2026-04-30T01:00:45.413314+00:00
300440.SZ,2025-07-09,"[19, 22, 26]",240,240,10.2,10.2,12.2,False,0,720,240,0,0,240,240,QLIB_OHLCV_FACTOR_BIN_ALL_NAN_DB_PRESENT_LIMIT_BIN_PRESENT,/home/lc999/data/qlib_minute_bin/features/300440.sz/close.1min.bin,1777467479.7224069,2026-04-29T12:57:59.722407+00:00,1777510848.3674948,2026-04-30T01:00:48.367495+00:00
000751.SZ,2025-07-09,"[19, 20, 21, 22, 23, 28]",240,240,3.18,3.18,3.53,False,0,720,240,0,0,240,240,QLIB_OHLCV_FACTOR_BIN_ALL_NAN_DB_PRESENT_LIMIT_BIN_PRESENT,/home/lc999/data/qlib_minute_bin/features/000751.sz/close.1min.bin,1777467418.605233,2026-04-29T12:56:58.605233+00:00,1777510840.215476,2026-04-30T01:00:40.215476+00:00
300787.SZ,2025-07-09,[19],240,240,13.3,13.3,16.1,False,0,720,240,0,0,240,240,QLIB_OHLCV_FACTOR_BIN_ALL_NAN_DB_PRESENT_LIMIT_BIN_PRESENT,/home/lc999/data/qlib_minute_bin/features/300787.sz/close.1min.bin,1777467490.026656,2026-04-29T12:58:10.026656+00:00,1777510850.1894865,2026-04-30T01:00:50.189487+00:00
300006.SZ,2025-07-09,"[19, 20, 21, 22, 23, 24, 26, 28]",240,240,3.88,3.88,4.63,False,0,720,240,0,0,240,240,QLIB_OHLCV_FACTOR_BIN_ALL_NAN_DB_PRESENT_LIMIT_BIN_PRESENT,/home/lc999/data/qlib_minute_bin/features/300006.sz/close.1min.bin,1777467465.6383178,2026-04-29T12:57:45.638318+00:00,1777510846.832013,2026-04-30T01:00:46.832013+00:00
000050.SZ,2025-07-09,[19],240,240,8.6,8.6,9.47,False,0,720,240,0,0,240,240,QLIB_OHLCV_FACTOR_BIN_ALL_NAN_DB_PRESENT_LIMIT_BIN_PRESENT,/home/lc999/data/qlib_minute_bin/features/000050.sz/close.1min.bin,1777467411.098614,2026-04-29T12:56:51.098614+00:00,1777510839.218452,2026-04-30T01:00:39.218452+00:00
688098.SH,2025-07-09,"[19, 20, 21, 23, 27, 28]",240,240,6.19,6.19,7.39,False,0,720,240,0,0,240,240,QLIB_OHLCV_FACTOR_BIN_ALL_NAN_DB_PRESENT_LIMIT_BIN_PRESENT,/home/lc999/data/qlib_minute_bin/features/688098.sh/close.1min.bin,1777467575.0891988,2026-04-29T12:59:35.089199+00:00,1777510868.4556177,2026-04-30T01:01:08.455618+00:00
002373.SZ,2025-07-09,[19],240,240,9.32,9.32,10.26,False,0,720,240,0,0,240,240,QLIB_OHLCV_FACTOR_BIN_ALL_NAN_DB_PRESENT_LIMIT_BIN_PRESENT,/home/lc999/data/qlib_minute_bin/features/002373.sz/close.1min.bin,1777467440.1777244,2026-04-29T12:57:20.177724+00:00,1777510843.2333627,2026-04-30T01:00:43.233363+00:00
002524.SZ,2025-07-09,"[19, 22, 23]",240,240,4.56,4.56,4.99,False,0,720,240,0,0,240,240,QLIB_OHLCV_FACTOR_BIN_ALL_NAN_DB_PRESENT_LIMIT_BIN_PRESENT,/home/lc999/data/qlib_minute_bin/features/002524.sz/close.1min.bin,1777467446.9955218,2026-04-29T12:57:26.995522+00:00,1777510844.4703987,2026-04-30T01:00:44.470399+00:00
000931.SZ,2025-07-09,"[19, 22, 25]",240,240,5.44,5.44,6.04,False,0,720,240,0,0,240,240,QLIB_OHLCV_FACTOR_BIN_ALL_NAN_DB_PRESENT_LIMIT_BIN_PRESENT,/home/lc999/data/qlib_minute_bin/features/000931.sz/close.1min.bin,1777467422.29406,2026-04-29T12:57:02.294060+00:00,1777510840.7117124,2026-04-30T01:00:40.711712+00:00
603808.SH,2025-07-09,"[19, 21, 22, 23, 24, 25, 28]",240,240,8.43,8.43,9.06,False,0,720,240,0,0,240,240,QLIB_OHLCV_FACTOR_BIN_ALL_NAN_DB_PRESENT_LIMIT_BIN_PRESENT,/home/lc999/data/qlib_minute_bin/features/603808.sh/close.1min.bin,1777467564.17334,2026-04-29T12:59:24.173340+00:00,1777510865.4119513,2026-04-30T01:01:05.411951+00:00
688718.SH,2025-07-09,"[19, 20, 21, 23, 28]",240,240,12.83,12.83,14.88,False,0,720,240,0,0,240,240,QLIB_OHLCV_FACTOR_BIN_ALL_NAN_DB_PRESENT_LIMIT_BIN_PRESENT,/home/lc999/data/qlib_minute_bin/features/688718.sh/close.1min.bin,1777467592.9227188,2026-04-29T12:59:52.922719+00:00,1777510872.6449819,2026-04-30T01:01:12.644982+00:00
002160.SZ,2025-07-09,"[19, 22]",240,240,4.3,4.3,4.77,False,0,720,240,0,0,240,240,QLIB_OHLCV_FACTOR_BIN_ALL_NAN_DB_PRESENT_LIMIT_BIN_PRESENT,/home/lc999/data/qlib_minute_bin/features/002160.sz/close.1min.bin,1777467433.0551658,2026-04-29T12:57:13.055166+00:00,1777510842.4894109,2026-04-30T01:00:42.489411+00:00
603989.SH,2025-07-09,"[19, 20, 23, 28]",240,240,15.64,15.64,17.27,False,0,720,240,0,0,240,240,QLIB_OHLCV_FACTOR_BIN_ALL_NAN_DB_PRESENT_LIMIT_BIN_PRESENT,/home/lc999/data/qlib_minute_bin/features/603989.sh/close.1min.bin,1777467567.803307,2026-04-29T12:59:27.803307+00:00,1777510866.194485,2026-04-30T01:01:06.194485+00:00
603520.SH,2025-07-09,"[19, 25]",240,240,9.97,9.97,11.07,False,0,720,240,0,0,240,240,QLIB_OHLCV_FACTOR_BIN_ALL_NAN_DB_PRESENT_LIMIT_BIN_PRESENT,/home/lc999/data/qlib_minute_bin/features/603520.sh/close.1min.bin,1777467559.84677,2026-04-29T12:59:19.846770+00:00,1777510865.3058066,2026-04-30T01:01:05.305807+00:00
603122.SH,2025-07-09,"[19, 20, 28]",240,240,7.0,7.0,7.67,False,0,720,240,0,0,240,240,QLIB_OHLCV_FACTOR_BIN_ALL_NAN_DB_PRESENT_LIMIT_BIN_PRESENT,/home/lc999/data/qlib_minute_bin/features/603122.sh/close.1min.bin,1777467549.1510181,2026-04-29T12:59:09.151018+00:00,1777510862.438275,2026-04-30T01:01:02.438275+00:00
600661.SH,2025-07-09,"[19, 20, 21, 22, 23, 24]",240,240,10.97,10.97,11.97,False,0,720,240,0,0,240,240,QLIB_OHLCV_FACTOR_BIN_ALL_NAN_DB_PRESENT_LIMIT_BIN_PRESENT,/home/lc999/data/qlib_minute_bin/features/600661.sh/close.1min.bin,1777467527.4228234,2026-04-29T12:58:47.422823+00:00,1777510856.3033502,2026-04-30T01:00:56.303350+00:00
688296.SH,2025-07-09,"[19, 20, 21, 22, 23, 25]",240,240,13.41,13.41,15.88,False,0,720,240,0,0,240,240,QLIB_OHLCV_FACTOR_BIN_ALL_NAN_DB_PRESENT_LIMIT_BIN_PRESENT,/home/lc999/data/qlib_minute_bin/features/688296.sh/close.1min.bin,1777467582.2610097,2026-04-29T12:59:42.261010+00:00,1777510869.7612813,2026-04-30T01:01:09.761281+00:00
603458.SH,2025-07-09,"[19, 22, 24, 25, 26]",240,240,9.31,9.31,9.58,False,0,720,240,0,0,240,240,QLIB_OHLCV_FACTOR_BIN_ALL_NAN_DB_PRESENT_LIMIT_BIN_PRESENT,/home/lc999/data/qlib_minute_bin/features/603458.sh/close.1min.bin,1777467559.6000075,2026-04-29T12:59:19.600008+00:00,1777510865.1682339,2026-04-30T01:01:05.168234+00:00
688162.SH,2025-07-09,"[19, 22, 26]",240,240,26.46,26.46,32.36,False,0,720,240,0,0,240,240,QLIB_OHLCV_FACTOR_BIN_ALL_NAN_DB_PRESENT_LIMIT_BIN_PRESENT,/home/lc999/data/qlib_minute_bin/features/688162.sh/close.1min.bin,1777467578.205775,2026-04-29T12:59:38.205775+00:00,1777510868.8879566,2026-04-30T01:01:08.887957+00:00
002795.SZ,2025-07-09,[19],240,240,5.31,5.31,5.82,False,0,720,240,0,0,240,240,QLIB_OHLCV_FACTOR_BIN_ALL_NAN_DB_PRESENT_LIMIT_BIN_PRESENT,/home/lc999/data/qlib_minute_bin/features/002795.sz/close.1min.bin,1777467454.7515242,2026-04-29T12:57:34.751524+00:00,1777510845.3484347,2026-04-30T01:00:45.348435+00:00
603909.SH,2025-07-09,"[19, 20, 21, 23, 28]",240,240,9.93,9.93,10.96,False,0,720,240,0,0,240,240,QLIB_OHLCV_FACTOR_BIN_ALL_NAN_DB_PRESENT_LIMIT_BIN_PRESENT,/home/lc999/data/qlib_minute_bin/features/603909.sh/close.1min.bin,1777467567.4078934,2026-04-29T12:59:27.407893+00:00,1777510865.8745542,2026-04-30T01:01:05.874554+00:00
301060.SZ,2025-07-09,"[19, 20, 23, 24, 28]",240,240,10.11,10.11,11.96,False,0,720,240,0,0,240,240,QLIB_OHLCV_FACTOR_BIN_ALL_NAN_DB_PRESENT_LIMIT_BIN_PRESENT,/home/lc999/data/qlib_minute_bin/features/301060.sz/close.1min.bin,1777467497.1857767,2026-04-29T12:58:17.185777+00:00,1777510850.9554853,2026-04-30T01:00:50.955485+00:00
002821.SZ,2025-07-09,[19],240,240,88.27,88.27,96.55,False,0,720,240,0,0,240,240,QLIB_OHLCV_FACTOR_BIN_ALL_NAN_DB_PRESENT_LIMIT_BIN_PRESENT,/home/lc999/data/qlib_minute_bin/features/002821.sz/close.1min.bin,1777467454.9777489,2026-04-29T12:57:34.977749+00:00,1777510845.4262903,2026-04-30T01:00:45.426290+00:00
603185.SH,2025-07-10,"[19, 25, 26]",240,240,19.31,19.31,19.31,False,0,720,240,0,0,240,240,QLIB_OHLCV_FACTOR_BIN_ALL_NAN_DB_PRESENT_LIMIT_BIN_PRESENT,/home/lc999/data/qlib_minute_bin/features/603185.sh/close.1min.bin,1777467552.6632004,2026-04-29T12:59:12.663200+00:00,1777510863.7624125,2026-04-30T01:01:03.762413+00:00
002524.SZ,2025-07-10,"[19, 22, 23]",240,240,4.59,4.59,5.02,False,0,720,240,0,0,240,240,QLIB_OHLCV_FACTOR_BIN_ALL_NAN_DB_PRESENT_LIMIT_BIN_PRESENT,/home/lc999/data/qlib_minute_bin/features/002524.sz/close.1min.bin,1777467446.9955218,2026-04-29T12:57:26.995522+00:00,1777510844.4703987,2026-04-30T01:00:44.470399+00:00
688607.SH,2025-07-10,"[19, 20, 21, 22, 23]",240,240,18.7,18.7,22.42,False,0,720,240,0,0,240,240,QLIB_OHLCV_FACTOR_BIN_ALL_NAN_DB_PRESENT_LIMIT_BIN_PRESENT,/home/lc999/data/qlib_minute_bin/features/688607.sh/close.1min.bin,1777467589.443297,2026-04-29T12:59:49.443297+00:00,1777510872.069971,2026-04-30T01:01:12.069971+00:00
688718.SH,2025-07-10,"[19, 20, 21, 23, 28]",240,240,13.09,13.09,15.4,False,0,720,240,0,0,240,240,QLIB_OHLCV_FACTOR_BIN_ALL_NAN_DB_PRESENT_LIMIT_BIN_PRESENT,/home/lc999/data/qlib_minute_bin/features/688718.sh/close.1min.bin,1777467592.9227188,2026-04-29T12:59:52.922719+00:00,1777510872.6449819,2026-04-30T01:01:12.644982+00:00
688051.SH,2025-07-10,"[19, 23, 24, 25]",240,240,24.64,24.64,29.34,False,0,720,240,0,0,240,240,QLIB_OHLCV_FACTOR_BIN_ALL_NAN_DB_PRESENT_LIMIT_BIN_PRESENT,/home/lc999/data/qlib_minute_bin/features/688051.sh/close.1min.bin,1777467574.739253,2026-04-29T12:59:34.739253+00:00,1777510868.1183932,2026-04-30T01:01:08.118393+00:00
603396.SH,2025-07-10,"[19, 22, 25]",240,240,26.87,26.87,29.61,False,0,720,240,0,0,240,240,QLIB_OHLCV_FACTOR_BIN_ALL_NAN_DB_PRESENT_LIMIT_BIN_PRESENT,/home/lc999/data/qlib_minute_bin/features/603396.sh/close.1min.bin,1777467559.4313865,2026-04-29T12:59:19.431386+00:00,1777510865.0650542,2026-04-30T01:01:05.065054+00:00
002486.SZ,2025-07-10,"[19, 21, 22, 23, 24, 25, 27, 28]",240,240,2.74,2.74,3.0,False,0,720,240,0,0,240,240,QLIB_OHLCV_FACTOR_BIN_ALL_NAN_DB_PRESENT_LIMIT_BIN_PRESENT,/home/lc999/data/qlib_minute_bin/features/002486.sz/close.1min.bin,1777467444.0347843,2026-04-29T12:57:24.034784+00:00,1777510843.6961699,2026-04-30T01:00:43.696170+00:00
605177.SH,2025-07-10,"[19, 20, 21, 22, 23]",240,240,19.21,19.21,21.09,False,0,720,240,0,0,240,240,QLIB_OHLCV_FACTOR_BIN_ALL_NAN_DB_PRESENT_LIMIT_BIN_PRESENT,/home/lc999/data/qlib_minute_bin/features/605177.sh/close.1min.bin,1777467571.06959,2026-04-29T12:59:31.069590+00:00,1777510867.3531532,2026-04-30T01:01:07.353153+00:00
603520.SH,2025-07-10,"[19, 25]",240,240,10.18,10.18,10.97,False,0,720,240,0,0,240,240,QLIB_OHLCV_FACTOR_BIN_ALL_NAN_DB_PRESENT_LIMIT_BIN_PRESENT,/home/lc999/data/qlib_minute_bin/features/603520.sh/close.1min.bin,1777467559.84677,2026-04-29T12:59:19.846770+00:00,1777510865.3058066,2026-04-30T01:01:05.305807+00:00
300787.SZ,2025-07-10,[19],240,240,13.2,13.2,15.96,False,0,720,240,0,0,240,240,QLIB_OHLCV_FACTOR_BIN_ALL_NAN_DB_PRESENT_LIMIT_BIN_PRESENT,/home/lc999/data/qlib_minute_bin/features/300787.sz/close.1min.bin,1777467490.026656,2026-04-29T12:58:10.026656+00:00,1777510850.1894865,2026-04-30T01:00:50.189487+00:00
603122.SH,2025-07-10,[19],240,240,7.01,7.01,7.7,False,0,720,240,0,0,240,240,QLIB_OHLCV_FACTOR_BIN_ALL_NAN_DB_PRESENT_LIMIT_BIN_PRESENT,/home/lc999/data/qlib_minute_bin/features/603122.sh/close.1min.bin,1777467549.1510181,2026-04-29T12:59:09.151018+00:00,1777510862.438275,2026-04-30T01:01:02.438275+00:00
000050.SZ,2025-07-10,[19],240,240,8.7,8.7,9.46,False,0,720,240,0,0,240,240,QLIB_OHLCV_FACTOR_BIN_ALL_NAN_DB_PRESENT_LIMIT_BIN_PRESENT,/home/lc999/data/qlib_minute_bin/features/000050.sz/close.1min.bin,1777467411.098614,2026-04-29T12:56:51.098614+00:00,1777510839.218452,2026-04-30T01:00:39.218452+00:00
688098.SH,2025-07-10,"[19, 20, 21, 23, 27, 28]",240,240,6.17,6.17,7.43,False,0,720,240,0,0,240,240,QLIB_OHLCV_FACTOR_BIN_ALL_NAN_DB_PRESENT_LIMIT_BIN_PRESENT,/home/lc999/data/qlib_minute_bin/features/688098.sh/close.1min.bin,1777467575.0891988,2026-04-29T12:59:35.089199+00:00,1777510868.4556177,2026-04-30T01:01:08.455618+00:00
002373.SZ,2025-07-10,[19],240,240,9.32,9.32,10.25,False,0,720,240,0,0,240,240,QLIB_OHLCV_FACTOR_BIN_ALL_NAN_DB_PRESENT_LIMIT_BIN_PRESENT,/home/lc999/data/qlib_minute_bin/features/002373.sz/close.1min.bin,1777467440.1777244,2026-04-29T12:57:20.177724+00:00,1777510843.2333627,2026-04-30T01:00:43.233363+00:00
603458.SH,2025-07-10,"[19, 22, 24, 25, 26]",240,240,8.64,8.64,10.24,False,0,720,240,0,0,240,240,QLIB_OHLCV_FACTOR_BIN_ALL_NAN_DB_PRESENT_LIMIT_BIN_PRESENT,/home/lc999/data/qlib_minute_bin/features/603458.sh/close.1min.bin,1777467559.6000075,2026-04-29T12:59:19.600008+00:00,1777510865.1682339,2026-04-30T01:01:05.168234+00:00
688162.SH,2025-07-10,"[19, 22, 26]",240,240,26.57,26.57,31.75,False,0,720,240,0,0,240,240,QLIB_OHLCV_FACTOR_BIN_ALL_NAN_DB_PRESENT_LIMIT_BIN_PRESENT,/home/lc999/data/qlib_minute_bin/features/688162.sh/close.1min.bin,1777467578.205775,2026-04-29T12:59:38.205775+00:00,1777510868.8879566,2026-04-30T01:01:08.887957+00:00
301060.SZ,2025-07-10,"[19, 20, 23, 24, 28]",240,240,10.08,10.08,12.13,False,0,720,240,0,0,240,240,QLIB_OHLCV_FACTOR_BIN_ALL_NAN_DB_PRESENT_LIMIT_BIN_PRESENT,/home/lc999/data/qlib_minute_bin/features/301060.sz/close.1min.bin,1777467497.1857767,2026-04-29T12:58:17.185777+00:00,1777510850.9554853,2026-04-30T01:00:50.955485+00:00
603185.SH,2025-07-11,"[19, 25, 26]",240,240,18.7,18.7,21.24,False,0,720,240,0,0,240,240,QLIB_OHLCV_FACTOR_BIN_ALL_NAN_DB_PRESENT_LIMIT_BIN_PRESENT,/home/lc999/data/qlib_minute_bin/features/603185.sh/close.1min.bin,1777467552.6632004,2026-04-29T12:59:12.663200+00:00,1777510863.7624125,2026-04-30T01:01:03.762413+00:00
688607.SH,2025-07-11,"[19, 20, 21, 22, 23]",240,240,19.03,19.03,22.44,False,0,720,240,0,0,240,240,QLIB_OHLCV_FACTOR_BIN_ALL_NAN_DB_PRESENT_LIMIT_BIN_PRESENT,/home/lc999/data/qlib_minute_bin/features/688607.sh/close.1min.bin,1777467589.443297,2026-04-29T12:59:49.443297+00:00,1777510872.069971,2026-04-30T01:01:12.069971+00:00
603396.SH,2025-07-11,"[19, 22, 25]",240,240,26.88,26.88,29.56,False,0,720,240,0,0,240,240,QLIB_OHLCV_FACTOR_BIN_ALL_NAN_DB_PRESENT_LIMIT_BIN_PRESENT,/home/lc999/data/qlib_minute_bin/features/603396.sh/close.1min.bin,1777467559.4313865,2026-04-29T12:59:19.431386+00:00,1777510865.0650542,2026-04-30T01:01:05.065054+00:00
605177.SH,2025-07-11,"[19, 20, 21, 22, 23]",240,240,19.12,19.12,21.13,False,0,720,240,0,0,240,240,QLIB_OHLCV_FACTOR_BIN_ALL_NAN_DB_PRESENT_LIMIT_BIN_PRESENT,/home/lc999/data/qlib_minute_bin/features/605177.sh/close.1min.bin,1777467571.06959,2026-04-29T12:59:31.069590+00:00,1777510867.3531532,2026-04-30T01:01:07.353153+00:00
002486.SZ,2025-07-11,"[19, 20, 21, 22, 23, 25, 27, 28]",240,240,2.68,2.68,3.01,False,0,720,240,0,0,240,240,QLIB_OHLCV_FACTOR_BIN_ALL_NAN_DB_PRESENT_LIMIT_BIN_PRESENT,/home/lc999/data/qlib_minute_bin/features/002486.sz/close.1min.bin,1777467444.0347843,2026-04-29T12:57:24.034784+00:00,1777510843.6961699,2026-04-30T01:00:43.696170+00:00
000050.SZ,2025-07-11,[19],240,240,8.69,8.69,9.57,False,0,720,240,0,0,240,240,QLIB_OHLCV_FACTOR_BIN_ALL_NAN_DB_PRESENT_LIMIT_BIN_PRESENT,/home/lc999/data/qlib_minute_bin/features/000050.sz/close.1min.bin,1777467411.098614,2026-04-29T12:56:51.098614+00:00,1777510839.218452,2026-04-30T01:00:39.218452+00:00
688098.SH,2025-07-11,"[19, 20, 21, 23, 27, 28]",240,240,6.22,6.22,7.4,False,0,720,240,0,0,240,240,QLIB_OHLCV_FACTOR_BIN_ALL_NAN_DB_PRESENT_LIMIT_BIN_PRESENT,/home/lc999/data/qlib_minute_bin/features/688098.sh/close.1min.bin,1777467575.0891988,2026-04-29T12:59:35.089199+00:00,1777510868.4556177,2026-04-30T01:01:08.455618+00:00
002373.SZ,2025-07-11,[19],240,240,9.43,9.43,10.25,False,0,720,240,0,0,240,240,QLIB_OHLCV_FACTOR_BIN_ALL_NAN_DB_PRESENT_LIMIT_BIN_PRESENT,/home/lc999/data/qlib_minute_bin/features/002373.sz/close.1min.bin,1777467440.1777244,2026-04-29T12:57:20.177724+00:00,1777510843.2333627,2026-04-30T01:00:43.233363+00:00
002524.SZ,2025-07-11,"[19, 22, 23]",240,240,4.6,4.6,5.05,False,0,720,240,0,0,240,240,QLIB_OHLCV_FACTOR_BIN_ALL_NAN_DB_PRESENT_LIMIT_BIN_PRESENT,/home/lc999/data/qlib_minute_bin/features/002524.sz/close.1min.bin,1777467446.9955218,2026-04-29T12:57:26.995522+00:00,1777510844.4703987,2026-04-30T01:00:44.470399+00:00
603520.SH,2025-07-11,"[19, 25]",240,240,10.13,10.13,11.2,False,0,720,240,0,0,240,240,QLIB_OHLCV_FACTOR_BIN_ALL_NAN_DB_PRESENT_LIMIT_BIN_PRESENT,/home/lc999/data/qlib_minute_bin/features/603520.sh/close.1min.bin,1777467559.84677,2026-04-29T12:59:19.846770+00:00,1777510865.3058066,2026-04-30T01:01:05.305807+00:00
603458.SH,2025-07-11,"[19, 22, 24, 25, 26]",240,240,8.96,8.96,9.5,False,0,720,240,0,0,240,240,QLIB_OHLCV_FACTOR_BIN_ALL_NAN_DB_PRESENT_LIMIT_BIN_PRESENT,/home/lc999/data/qlib_minute_bin/features/603458.sh/close.1min.bin,1777467559.6000075,2026-04-29T12:59:19.600008+00:00,1777510865.1682339,2026-04-30T01:01:05.168234+00:00
688162.SH,2025-07-11,"[19, 22, 26]",240,240,26.98,26.98,31.88,False,0,720,240,0,0,240,240,QLIB_OHLCV_FACTOR_BIN_ALL_NAN_DB_PRESENT_LIMIT_BIN_PRESENT,/home/lc999/data/qlib_minute_bin/features/688162.sh/close.1min.bin,1777467578.205775,2026-04-29T12:59:38.205775+00:00,1777510868.8879566,2026-04-30T01:01:08.887957+00:00
603185.SH,2025-07-14,"[19, 25, 26]",240,240,18.57,18.57,20.57,False,0,720,240,0,0,240,240,QLIB_OHLCV_FACTOR_BIN_ALL_NAN_DB_PRESENT_LIMIT_BIN_PRESENT,/home/lc999/data/qlib_minute_bin/features/603185.sh/close.1min.bin,1777467552.6632004,2026-04-29T12:59:12.663200+00:00,1777510863.7624125,2026-04-30T01:01:03.762413+00:00
688607.SH,2025-07-14,"[19, 20, 21, 22, 23]",240,240,20.2,20.2,22.84,False,0,720,240,0,0,240,240,QLIB_OHLCV_FACTOR_BIN_ALL_NAN_DB_PRESENT_LIMIT_BIN_PRESENT,/home/lc999/data/qlib_minute_bin/features/688607.sh/close.1min.bin,1777467589.443297,2026-04-29T12:59:49.443297+00:00,1777510872.069971,2026-04-30T01:01:12.069971+00:00
603396.SH,2025-07-14,"[19, 22, 25]",240,240,27.04,27.04,29.57,False,0,720,240,0,0,240,240,QLIB_OHLCV_FACTOR_BIN_ALL_NAN_DB_PRESENT_LIMIT_BIN_PRESENT,/home/lc999/data/qlib_minute_bin/features/603396.sh/close.1min.bin,1777467559.4313865,2026-04-29T12:59:19.431386+00:00,1777510865.0650542,2026-04-30T01:01:05.065054+00:00
002486.SZ,2025-07-14,"[19, 21, 22, 23, 25, 27, 28]",240,240,2.73,2.73,2.95,False,0,720,240,0,0,240,240,QLIB_OHLCV_FACTOR_BIN_ALL_NAN_DB_PRESENT_LIMIT_BIN_PRESENT,/home/lc999/data/qlib_minute_bin/features/002486.sz/close.1min.bin,1777467444.0347843,2026-04-29T12:57:24.034784+00:00,1777510843.6961699,2026-04-30T01:00:43.696170+00:00
688098.SH,2025-07-14,"[19, 20, 21, 23, 27, 28]",240,240,6.34,6.34,7.46,False,0,720,240,0,0,240,240,QLIB_OHLCV_FACTOR_BIN_ALL_NAN_DB_PRESENT_LIMIT_BIN_PRESENT,/home/lc999/data/qlib_minute_bin/features/688098.sh/close.1min.bin,1777467575.0891988,2026-04-29T12:59:35.089199+00:00,1777510868.4556177,2026-04-30T01:01:08.455618+00:00
603520.SH,2025-07-14,"[19, 25]",240,240,10.29,10.29,11.14,False,0,720,240,0,0,240,240,QLIB_OHLCV_FACTOR_BIN_ALL_NAN_DB_PRESENT_LIMIT_BIN_PRESENT,/home/lc999/data/qlib_minute_bin/features/603520.sh/close.1min.bin,1777467559.84677,2026-04-29T12:59:19.846770+00:00,1777510865.3058066,2026-04-30T01:01:05.305807+00:00
688162.SH,2025-07-14,"[19, 22, 26]",240,240,27.37,27.37,32.38,False,0,720,240,0,0,240,240,QLIB_OHLCV_FACTOR_BIN_ALL_NAN_DB_PRESENT_LIMIT_BIN_PRESENT,/home/lc999/data/qlib_minute_bin/features/688162.sh/close.1min.bin,1777467578.205775,2026-04-29T12:59:38.205775+00:00,1777510868.8879566,2026-04-30T01:01:08.887957+00:00
688607.SH,2025-07-15,"[19, 20, 21, 22, 23]",240,240,21.23,21.23,24.24,False,0,720,240,0,0,240,240,QLIB_OHLCV_FACTOR_BIN_ALL_NAN_DB_PRESENT_LIMIT_BIN_PRESENT,/home/lc999/data/qlib_minute_bin/features/688607.sh/close.1min.bin,1777467589.443297,2026-04-29T12:59:49.443297+00:00,1777510872.069971,2026-04-30T01:01:12.069971+00:00
603396.SH,2025-07-15,"[19, 22, 25, 28]",240,240,26.68,26.68,29.74,False,0,720,240,0,0,240,240,QLIB_OHLCV_FACTOR_BIN_ALL_NAN_DB_PRESENT_LIMIT_BIN_PRESENT,/home/lc999/data/qlib_minute_bin/features/603396.sh/close.1min.bin,1777467559.4313865,2026-04-29T12:59:19.431386+00:00,1777510865.0650542,2026-04-30T01:01:05.065054+00:00
002486.SZ,2025-07-15,"[19, 21, 22, 23, 25, 27, 28]",240,240,2.7,2.7,3.0,False,0,720,240,0,0,240,240,QLIB_OHLCV_FACTOR_BIN_ALL_NAN_DB_PRESENT_LIMIT_BIN_PRESENT,/home/lc999/data/qlib_minute_bin/features/002486.sz/close.1min.bin,1777467444.0347843,2026-04-29T12:57:24.034784+00:00,1777510843.6961699,2026-04-30T01:00:43.696170+00:00
603520.SH,2025-07-15,"[19, 25]",240,240,10.13,10.13,11.32,False,0,720,240,0,0,240,240,QLIB_OHLCV_FACTOR_BIN_ALL_NAN_DB_PRESENT_LIMIT_BIN_PRESENT,/home/lc999/data/qlib_minute_bin/features/603520.sh/close.1min.bin,1777467559.84677,2026-04-29T12:59:19.846770+00:00,1777510865.3058066,2026-04-30T01:01:05.305807+00:00
300966.SZ,2025-07-15,"[19, 20, 21, 22, 23, 24]",240,240,18.89,18.89,23.15,False,0,720,240,0,0,240,240,QLIB_OHLCV_FACTOR_BIN_ALL_NAN_DB_PRESENT_LIMIT_BIN_PRESENT,/home/lc999/data/qlib_minute_bin/features/300966.sz/close.1min.bin,1777467496.6347575,2026-04-29T12:58:16.634758+00:00,1777510850.6944466,2026-04-30T01:00:50.694447+00:00
300176.SZ,2025-07-15,"[19, 21, 23, 27, 28]",240,240,7.04,7.04,8.54,False,0,720,240,0,0,240,240,QLIB_OHLCV_FACTOR_BIN_ALL_NAN_DB_PRESENT_LIMIT_BIN_PRESENT,/home/lc999/data/qlib_minute_bin/features/300176.sz/close.1min.bin,1777467469.1436203,2026-04-29T12:57:49.143620+00:00,1777510847.4289045,2026-04-30T01:00:47.428905+00:00
688607.SH,2025-07-16,"[19, 20, 21, 22, 23]",240,240,21.55,21.55,25.48,False,0,720,240,0,0,240,240,QLIB_OHLCV_FACTOR_BIN_ALL_NAN_DB_PRESENT_LIMIT_BIN_PRESENT,/home/lc999/data/qlib_minute_bin/features/688607.sh/close.1min.bin,1777467589.443297,2026-04-29T12:59:49.443297+00:00,1777510872.069971,2026-04-30T01:01:12.069971+00:00
603396.SH,2025-07-16,"[19, 22, 23, 25, 28]",240,240,26.95,26.95,29.35,False,0,720,240,0,0,240,240,QLIB_OHLCV_FACTOR_BIN_ALL_NAN_DB_PRESENT_LIMIT_BIN_PRESENT,/home/lc999/data/qlib_minute_bin/features/603396.sh/close.1min.bin,1777467559.4313865,2026-04-29T12:59:19.431386+00:00,1777510865.0650542,2026-04-30T01:01:05.065054+00:00
603520.SH,2025-07-16,"[19, 25]",240,240,10.22,10.22,11.14,False,0,720,240,0,0,240,240,QLIB_OHLCV_FACTOR_BIN_ALL_NAN_DB_PRESENT_LIMIT_BIN_PRESENT,/home/lc999/data/qlib_minute_bin/features/603520.sh/close.1min.bin,1777467559.84677,2026-04-29T12:59:19.846770+00:00,1777510865.3058066,2026-04-30T01:01:05.305807+00:00
688063.SH,2025-07-16,"[19, 22, 24]",240,240,43.79,43.79,52.32,False,0,720,240,0,0,240,240,QLIB_OHLCV_FACTOR_BIN_ALL_NAN_DB_PRESENT_LIMIT_BIN_PRESENT,/home/lc999/data/qlib_minute_bin/features/688063.sh/close.1min.bin,1777467574.8380613,2026-04-29T12:59:34.838061+00:00,1777510868.1962142,2026-04-30T01:01:08.196214+00:00
300625.SZ,2025-07-08,"[20, 23, 28]",240,240,11.86,11.86,14.02,False,0,720,240,0,0,240,240,QLIB_OHLCV_FACTOR_BIN_ALL_NAN_DB_PRESENT_LIMIT_BIN_PRESENT,/home/lc999/data/qlib_minute_bin/features/300625.sz/close.1min.bin,1777467483.4773498,2026-04-29T12:58:03.477350+00:00,1777510849.6759677,2026-04-30T01:00:49.675968+00:00
000401.SZ,2025-07-08,"[20, 28]",240,240,4.56,4.56,4.97,False,0,720,240,0,0,240,240,QLIB_OHLCV_FACTOR_BIN_ALL_NAN_DB_PRESENT_LIMIT_BIN_PRESENT,/home/lc999/data/qlib_minute_bin/features/000401.sz/close.1min.bin,1777467410.9573553,2026-04-29T12:56:50.957355+00:00,1777510839.3664818,2026-04-30T01:00:39.366482+00:00
603098.SH,2025-07-08,"[20, 28]",240,240,10.56,10.56,11.33,False,0,720,240,0,0,240,240,QLIB_OHLCV_FACTOR_BIN_ALL_NAN_DB_PRESENT_LIMIT_BIN_PRESENT,/home/lc999/data/qlib_minute_bin/features/603098.sh/close.1min.bin,1777467548.9083338,2026-04-29T12:59:08.908334+00:00,1777510862.2534118,2026-04-30T01:01:02.253412+00:00
603311.SH,2025-07-08,"[20, 23, 28]",240,240,11.21,11.21,12.29,False,0,720,240,0,0,240,240,QLIB_OHLCV_FACTOR_BIN_ALL_NAN_DB_PRESENT_LIMIT_BIN_PRESENT,/home/lc999/data/qlib_minute_bin/features/603311.sh/close.1min.bin,1777467556.516521,2026-04-29T12:59:16.516521+00:00,1777510864.5749514,2026-04-30T01:01:04.574951+00:00
688670.SH,2025-07-08,"[20, 21, 22, 23, 24, 25, 27, 28]",240,240,14.13,14.13,16.79,False,0,720,240,0,0,240,240,QLIB_OHLCV_FACTOR_BIN_ALL_NAN_DB_PRESENT_LIMIT_BIN_PRESENT,/home/lc999/data/qlib_minute_bin/features/688670.sh/close.1min.bin,1777467592.6224852,2026-04-29T12:59:52.622485+00:00,1777510872.424489,2026-04-30T01:01:12.424489+00:00
300417.SZ,2025-07-08,"[20, 21, 22, 23]",240,240,12.72,12.72,15.2,False,0,720,240,0,0,240,240,QLIB_OHLCV_FACTOR_BIN_ALL_NAN_DB_PRESENT_LIMIT_BIN_PRESENT,/home/lc999/data/qlib_minute_bin/features/300417.sz/close.1min.bin,1777467476.9258888,2026-04-29T12:57:56.925889+00:00,1777510848.2680128,2026-04-30T01:00:48.268013+00:00
603301.SH,2025-07-08,[20],240,240,20.94,20.94,23.01,False,0,720,240,0,0,240,240,QLIB_OHLCV_FACTOR_BIN_ALL_NAN_DB_PRESENT_LIMIT_BIN_PRESENT,/home/lc999/data/qlib_minute_bin/features/603301.sh/close.1min.bin,1777467556.4383852,2026-04-29T12:59:16.438385+00:00,1777510864.5104642,2026-04-30T01:01:04.510464+00:00
688681.SH,2025-07-08,"[20, 21, 23]",240,240,14.42,14.42,17.08,False,0,720,240,0,0,240,240,QLIB_OHLCV_FACTOR_BIN_ALL_NAN_DB_PRESENT_LIMIT_BIN_PRESENT,/home/lc999/data/qlib_minute_bin/features/688681.sh/close.1min.bin,1777467592.6800642,2026-04-29T12:59:52.680064+00:00,1777510872.4720464,2026-04-30T01:01:12.472046+00:00
300732.SZ,2025-07-08,"[20, 23]",240,240,7.42,7.42,8.76,False,0,720,240,0,0,240,240,QLIB_OHLCV_FACTOR_BIN_ALL_NAN_DB_PRESENT_LIMIT_BIN_PRESENT,/home/lc999/data/qlib_minute_bin/features/300732.sz/close.1min.bin,1777467486.9106276,2026-04-29T12:58:06.910628+00:00,1777510850.0183136,2026-04-30T01:00:50.018314+00:00
300614.SZ,2025-07-08,"[20, 25, 27]",240,240,13.89,13.89,16.37,False,0,720,240,0,0,240,240,QLIB_OHLCV_FACTOR_BIN_ALL_NAN_DB_PRESENT_LIMIT_BIN_PRESENT,/home/lc999/data/qlib_minute_bin/features/300614.sz/close.1min.bin,1777467483.4197712,2026-04-29T12:58:03.419771+00:00,1777510849.6417332,2026-04-30T01:00:49.641733+00:00
300369.SZ,2025-07-08,[20],240,240,7.83,7.83,9.36,False,0,720,240,0,0,240,240,QLIB_OHLCV_FACTOR_BIN_ALL_NAN_DB_PRESENT_LIMIT_BIN_PRESENT,/home/lc999/data/qlib_minute_bin/features/300369.sz/close.1min.bin,1777467476.5024478,2026-04-29T12:57:56.502448+00:00,1777510848.1079767,2026-04-30T01:00:48.107977+00:00
603903.SH,2025-07-08,"[20, 21, 23, 28]",240,240,7.96,7.96,8.75,False,0,720,240,0,0,240,240,QLIB_OHLCV_FACTOR_BIN_ALL_NAN_DB_PRESENT_LIMIT_BIN_PRESENT,/home/lc999/data/qlib_minute_bin/features/603903.sh/close.1min.bin,1777467567.38318,2026-04-29T12:59:27.383180+00:00,1777510865.8529372,2026-04-30T01:01:05.852937+00:00
688528.SH,2025-07-08,"[20, 23, 28]",240,240,10.46,10.46,12.28,False,0,720,240,0,0,240,240,QLIB_OHLCV_FACTOR_BIN_ALL_NAN_DB_PRESENT_LIMIT_BIN_PRESENT,/home/lc999/data/qlib_minute_bin/features/688528.sh/close.1min.bin,1777467588.7482336,2026-04-29T12:59:48.748234+00:00,1777510871.5987217,2026-04-30T01:01:11.598722+00:00
600076.SH,2025-07-08,"[20, 21, 22, 23, 28]",240,240,2.51,2.51,2.66,False,0,720,240,0,0,240,240,QLIB_OHLCV_FACTOR_BIN_ALL_NAN_DB_PRESENT_LIMIT_BIN_PRESENT,/home/lc999/data/qlib_minute_bin/features/600076.sh/close.1min.bin,1777467514.2333603,2026-04-29T12:58:34.233360+00:00,1777510851.912765,2026-04-30T01:00:51.912765+00:00
300755.SZ,2025-07-08,"[20, 21, 23, 28]",240,240,18.33,18.33,21.85,False,0,720,240,0,0,240,240,QLIB_OHLCV_FACTOR_BIN_ALL_NAN_DB_PRESENT_LIMIT_BIN_PRESENT,/home/lc999/data/qlib_minute_bin/features/300755.sz/close.1min.bin,1777467489.8411782,2026-04-29T12:58:09.841178+00:00,1777510850.0825036,2026-04-30T01:00:50.082504+00:00
603937.SH,2025-07-08,"[20, 21, 22, 23, 28]",240,240,10.06,10.06,10.91,False,0,720,240,0,0,240,240,QLIB_OHLCV_FACTOR_BIN_ALL_NAN_DB_PRESENT_LIMIT_BIN_PRESENT,/home/lc999/data/qlib_minute_bin/features/603937.sh/close.1min.bin,1777467567.5438168,2026-04-29T12:59:27.543817+00:00,1777510865.995609,2026-04-30T01:01:05.995609+00:00
002622.SZ,2025-07-08,"[20, 21, 23, 24, 25, 26, 27]",240,240,2.88,2.88,3.11,False,0,720,240,0,0,240,240,QLIB_OHLCV_FACTOR_BIN_ALL_NAN_DB_PRESENT_LIMIT_BIN_PRESENT,/home/lc999/data/qlib_minute_bin/features/002622.sz/close.1min.bin,1777467450.425091,2026-04-29T12:57:30.425091+00:00,1777510844.8380492,2026-04-30T01:00:44.838049+00:00
603309.SH,2025-07-08,"[20, 23]",240,240,12.92,12.92,14.19,False,0,720,240,0,0,240,240,QLIB_OHLCV_FACTOR_BIN_ALL_NAN_DB_PRESENT_LIMIT_BIN_PRESENT,/home/lc999/data/qlib_minute_bin/features/603309.sh/close.1min.bin,1777467556.495959,2026-04-29T12:59:16.495959+00:00,1777510864.5577548,2026-04-30T01:01:04.557755+00:00
300625.SZ,2025-07-09,"[20, 23, 28]",240,240,12.02,12.02,14.23,False,0,720,240,0,0,240,240,QLIB_OHLCV_FACTOR_BIN_ALL_NAN_DB_PRESENT_LIMIT_BIN_PRESENT,/home/lc999/data/qlib_minute_bin/features/300625.sz/close.1min.bin,1777467483.4773498,2026-04-29T12:58:03.477350+00:00,1777510849.6759677,2026-04-30T01:00:49.675968+00:00
000401.SZ,2025-07-09,[20],240,240,4.56,4.56,5.02,False,0,720,240,0,0,240,240,QLIB_OHLCV_FACTOR_BIN_ALL_NAN_DB_PRESENT_LIMIT_BIN_PRESENT,/home/lc999/data/qlib_minute_bin/features/000401.sz/close.1min.bin,1777467410.9573553,2026-04-29T12:56:50.957355+00:00,1777510839.3664818,2026-04-30T01:00:39.366482+00:00
603098.SH,2025-07-09,"[20, 28]",240,240,10.45,10.45,11.62,False,0,720,240,0,0,240,240,QLIB_OHLCV_FACTOR_BIN_ALL_NAN_DB_PRESENT_LIMIT_BIN_PRESENT,/home/lc999/data/qlib_minute_bin/features/603098.sh/close.1min.bin,1777467548.9083338,2026-04-29T12:59:08.908334+00:00,1777510862.2534118,2026-04-30T01:01:02.253412+00:00
603311.SH,2025-07-09,"[20, 23, 28]",240,240,11.23,11.23,12.33,False,0,720,240,0,0,240,240,QLIB_OHLCV_FACTOR_BIN_ALL_NAN_DB_PRESENT_LIMIT_BIN_PRESENT,/home/lc999/data/qlib_minute_bin/features/603311.sh/close.1min.bin,1777467556.516521,2026-04-29T12:59:16.516521+00:00,1777510864.5749514,2026-04-30T01:01:04.574951+00:00
688670.SH,2025-07-09,"[20, 21, 22, 23, 24, 25, 27, 28]",240,240,14.09,14.09,16.96,False,0,720,240,0,0,240,240,QLIB_OHLCV_FACTOR_BIN_ALL_NAN_DB_PRESENT_LIMIT_BIN_PRESENT,/home/lc999/data/qlib_minute_bin/features/688670.sh/close.1min.bin,1777467592.6224852,2026-04-29T12:59:52.622485+00:00,1777510872.424489,2026-04-30T01:01:12.424489+00:00
300417.SZ,2025-07-09,"[20, 21, 22, 23]",240,240,12.64,12.64,15.26,False,0,720,240,0,0,240,240,QLIB_OHLCV_FACTOR_BIN_ALL_NAN_DB_PRESENT_LIMIT_BIN_PRESENT,/home/lc999/data/qlib_minute_bin/features/300417.sz/close.1min.bin,1777467476.9258888,2026-04-29T12:57:56.925889+00:00,1777510848.2680128,2026-04-30T01:00:48.268013+00:00
603301.SH,2025-07-09,[20],240,240,20.95,20.95,23.03,False,0,720,240,0,0,240,240,QLIB_OHLCV_FACTOR_BIN_ALL_NAN_DB_PRESENT_LIMIT_BIN_PRESENT,/home/lc999/data/qlib_minute_bin/features/603301.sh/close.1min.bin,1777467556.4383852,2026-04-29T12:59:16.438385+00:00,1777510864.5104642,2026-04-30T01:01:04.510464+00:00
688681.SH,2025-07-09,"[20, 21, 23]",240,240,14.39,14.39,17.3,False,0,720,240,0,0,240,240,QLIB_OHLCV_FACTOR_BIN_ALL_NAN_DB_PRESENT_LIMIT_BIN_PRESENT,/home/lc999/data/qlib_minute_bin/features/688681.sh/close.1min.bin,1777467592.6800642,2026-04-29T12:59:52.680064+00:00,1777510872.4720464,2026-04-30T01:01:12.472046+00:00
300732.SZ,2025-07-09,"[20, 23]",240,240,7.52,7.52,8.9,False,0,720,240,0,0,240,240,QLIB_OHLCV_FACTOR_BIN_ALL_NAN_DB_PRESENT_LIMIT_BIN_PRESENT,/home/lc999/data/qlib_minute_bin/features/300732.sz/close.1min.bin,1777467486.9106276,2026-04-29T12:58:06.910628+00:00,1777510850.0183136,2026-04-30T01:00:50.018314+00:00
300614.SZ,2025-07-09,"[20, 25, 27]",240,240,13.9,13.9,16.67,False,0,720,240,0,0,240,240,QLIB_OHLCV_FACTOR_BIN_ALL_NAN_DB_PRESENT_LIMIT_BIN_PRESENT,/home/lc999/data/qlib_minute_bin/features/300614.sz/close.1min.bin,1777467483.4197712,2026-04-29T12:58:03.419771+00:00,1777510849.6417332,2026-04-30T01:00:49.641733+00:00
603903.SH,2025-07-09,"[20, 21, 23, 28]",240,240,8.0,8.0,8.76,False,0,720,240,0,0,240,240,QLIB_OHLCV_FACTOR_BIN_ALL_NAN_DB_PRESENT_LIMIT_BIN_PRESENT,/home/lc999/data/qlib_minute_bin/features/603903.sh/close.1min.bin,1777467567.38318,2026-04-29T12:59:27.383180+00:00,1777510865.8529372,2026-04-30T01:01:05.852937+00:00
688528.SH,2025-07-09,"[20, 23, 28]",240,240,12.55,12.55,12.55,False,0,720,240,0,0,240,240,QLIB_OHLCV_FACTOR_BIN_ALL_NAN_DB_PRESENT_LIMIT_BIN_PRESENT,/home/lc999/data/qlib_minute_bin/features/688528.sh/close.1min.bin,1777467588.7482336,2026-04-29T12:59:48.748234+00:00,1777510871.5987217,2026-04-30T01:01:11.598722+00:00
600076.SH,2025-07-09,"[20, 22, 23, 28]",240,240,2.5,2.5,2.76,False,0,720,240,0,0,240,240,QLIB_OHLCV_FACTOR_BIN_ALL_NAN_DB_PRESENT_LIMIT_BIN_PRESENT,/home/lc999/data/qlib_minute_bin/features/600076.sh/close.1min.bin,1777467514.2333603,2026-04-29T12:58:34.233360+00:00,1777510851.912765,2026-04-30T01:00:51.912765+00:00
300755.SZ,2025-07-09,"[20, 21, 23, 28]",240,240,18.35,18.35,22.0,False,0,720,240,0,0,240,240,QLIB_OHLCV_FACTOR_BIN_ALL_NAN_DB_PRESENT_LIMIT_BIN_PRESENT,/home/lc999/data/qlib_minute_bin/features/300755.sz/close.1min.bin,1777467489.8411782,2026-04-29T12:58:09.841178+00:00,1777510850.0825036,2026-04-30T01:00:50.082504+00:00
603177.SH,2025-07-09,"[20, 21, 23, 28]",240,240,9.27,9.27,10.18,False,0,720,240,0,0,240,240,QLIB_OHLCV_FACTOR_BIN_ALL_NAN_DB_PRESENT_LIMIT_BIN_PRESENT,/home/lc999/data/qlib_minute_bin/features/603177.sh/close.1min.bin,1777467552.5850646,2026-04-29T12:59:12.585065+00:00,1777510863.6979253,2026-04-30T01:01:03.697925+00:00
603937.SH,2025-07-09,"[20, 21, 22, 23, 28]",240,240,10.09,10.09,11.07,False,0,720,240,0,0,240,240,QLIB_OHLCV_FACTOR_BIN_ALL_NAN_DB_PRESENT_LIMIT_BIN_PRESENT,/home/lc999/data/qlib_minute_bin/features/603937.sh/close.1min.bin,1777467567.5438168,2026-04-29T12:59:27.543817+00:00,1777510865.995609,2026-04-30T01:01:05.995609+00:00
002793.SZ,2025-07-09,"[20, 21, 23, 28]",240,240,4.83,4.83,5.37,False,0,720,240,0,0,240,240,QLIB_OHLCV_FACTOR_BIN_ALL_NAN_DB_PRESENT_LIMIT_BIN_PRESENT,/home/lc999/data/qlib_minute_bin/features/002793.sz/close.1min.bin,1777467454.7432978,2026-04-29T12:57:34.743298+00:00,1777510845.3484347,2026-04-30T01:00:45.348435+00:00
603387.SH,2025-07-09,[20],240,240,8.1,8.1,8.92,False,0,720,240,0,0,240,240,QLIB_OHLCV_FACTOR_BIN_ALL_NAN_DB_PRESENT_LIMIT_BIN_PRESENT,/home/lc999/data/qlib_minute_bin/features/603387.sh/close.1min.bin,1777467556.8475304,2026-04-29T12:59:16.847530+00:00,1777510865.0177636,2026-04-30T01:01:05.017764+00:00
000401.SZ,2025-07-10,[20],240,240,4.66,4.66,5.02,False,0,720,240,0,0,240,240,QLIB_OHLCV_FACTOR_BIN_ALL_NAN_DB_PRESENT_LIMIT_BIN_PRESENT,/home/lc999/data/qlib_minute_bin/features/000401.sz/close.1min.bin,1777467410.9573553,2026-04-29T12:56:50.957355+00:00,1777510839.3664818,2026-04-30T01:00:39.366482+00:00
603098.SH,2025-07-10,"[20, 28]",240,240,10.6,10.6,11.5,False,0,720,240,0,0,240,240,QLIB_OHLCV_FACTOR_BIN_ALL_NAN_DB_PRESENT_LIMIT_BIN_PRESENT,/home/lc999/data/qlib_minute_bin/features/603098.sh/close.1min.bin,1777467548.9083338,2026-04-29T12:59:08.908334+00:00,1777510862.2534118,2026-04-30T01:01:02.253412+00:00
688670.SH,2025-07-10,"[20, 21, 22, 23, 24, 25, 27, 28]",240,240,14.09,14.09,16.91,False,0,720,240,0,0,240,240,QLIB_OHLCV_FACTOR_BIN_ALL_NAN_DB_PRESENT_LIMIT_BIN_PRESENT,/home/lc999/data/qlib_minute_bin/features/688670.sh/close.1min.bin,1777467592.6224852,2026-04-29T12:59:52.622485+00:00,1777510872.424489,2026-04-30T01:01:12.424489+00:00
603301.SH,2025-07-10,[20],240,240,20.94,20.94,23.05,False,0,720,240,0,0,240,240,QLIB_OHLCV_FACTOR_BIN_ALL_NAN_DB_PRESENT_LIMIT_BIN_PRESENT,/home/lc999/data/qlib_minute_bin/features/603301.sh/close.1min.bin,1777467556.4383852,2026-04-29T12:59:16.438385+00:00,1777510864.5104642,2026-04-30T01:01:04.510464+00:00
688681.SH,2025-07-10,"[20, 21, 23]",240,240,14.34,14.34,17.27,False,0,720,240,0,0,240,240,QLIB_OHLCV_FACTOR_BIN_ALL_NAN_DB_PRESENT_LIMIT_BIN_PRESENT,/home/lc999/data/qlib_minute_bin/features/688681.sh/close.1min.bin,1777467592.6800642,2026-04-29T12:59:52.680064+00:00,1777510872.4720464,2026-04-30T01:01:12.472046+00:00
603903.SH,2025-07-10,"[20, 21, 23, 28]",240,240,8.05,8.05,8.8,False,0,720,240,0,0,240,240,QLIB_OHLCV_FACTOR_BIN_ALL_NAN_DB_PRESENT_LIMIT_BIN_PRESENT,/home/lc999/data/qlib_minute_bin/features/603903.sh/close.1min.bin,1777467567.38318,2026-04-29T12:59:27.383180+00:00,1777510865.8529372,2026-04-30T01:01:05.852937+00:00
688528.SH,2025-07-10,"[20, 23, 28]",240,240,12.63,12.63,15.06,False,0,720,240,0,0,240,240,QLIB_OHLCV_FACTOR_BIN_ALL_NAN_DB_PRESENT_LIMIT_BIN_PRESENT,/home/lc999/data/qlib_minute_bin/features/688528.sh/close.1min.bin,1777467588.7482336,2026-04-29T12:59:48.748234+00:00,1777510871.5987217,2026-04-30T01:01:11.598722+00:00
300755.SZ,2025-07-10,"[20, 21, 23, 28]",240,240,18.43,18.43,22.02,False,0,720,240,0,0,240,240,QLIB_OHLCV_FACTOR_BIN_ALL_NAN_DB_PRESENT_LIMIT_BIN_PRESENT,/home/lc999/data/qlib_minute_bin/features/300755.sz/close.1min.bin,1777467489.8411782,2026-04-29T12:58:09.841178+00:00,1777510850.0825036,2026-04-30T01:00:50.082504+00:00
603937.SH,2025-07-10,"[20, 21, 22, 23, 28]",240,240,10.12,10.12,11.1,False,0,720,240,0,0,240,240,QLIB_OHLCV_FACTOR_BIN_ALL_NAN_DB_PRESENT_LIMIT_BIN_PRESENT,/home/lc999/data/qlib_minute_bin/features/603937.sh/close.1min.bin,1777467567.5438168,2026-04-29T12:59:27.543817+00:00,1777510865.995609,2026-04-30T01:01:05.995609+00:00
603909.SH,2025-07-10,"[20, 21, 23, 28]",240,240,10.06,10.06,10.92,False,0,720,240,0,0,240,240,QLIB_OHLCV_FACTOR_BIN_ALL_NAN_DB_PRESENT_LIMIT_BIN_PRESENT,/home/lc999/data/qlib_minute_bin/features/603909.sh/close.1min.bin,1777467567.4078934,2026-04-29T12:59:27.407893+00:00,1777510865.8745542,2026-04-30T01:01:05.874554+00:00
688670.SH,2025-07-11,"[20, 21, 22, 23, 24, 25, 27, 28]",240,240,14.18,14.18,16.91,False,0,720,240,0,0,240,240,QLIB_OHLCV_FACTOR_BIN_ALL_NAN_DB_PRESENT_LIMIT_BIN_PRESENT,/home/lc999/data/qlib_minute_bin/features/688670.sh/close.1min.bin,1777467592.6224852,2026-04-29T12:59:52.622485+00:00,1777510872.424489,2026-04-30T01:01:12.424489+00:00
603301.SH,2025-07-11,[20],240,240,21.0,21.0,23.03,False,0,720,240,0,0,240,240,QLIB_OHLCV_FACTOR_BIN_ALL_NAN_DB_PRESENT_LIMIT_BIN_PRESENT,/home/lc999/data/qlib_minute_bin/features/603301.sh/close.1min.bin,1777467556.4383852,2026-04-29T12:59:16.438385+00:00,1777510864.5104642,2026-04-30T01:01:04.510464+00:00
688681.SH,2025-07-11,"[20, 21, 23]",240,240,14.23,14.23,17.21,False,0,720,240,0,0,240,240,QLIB_OHLCV_FACTOR_BIN_ALL_NAN_DB_PRESENT_LIMIT_BIN_PRESENT,/home/lc999/data/qlib_minute_bin/features/688681.sh/close.1min.bin,1777467592.6800642,2026-04-29T12:59:52.680064+00:00,1777510872.4720464,2026-04-30T01:01:12.472046+00:00
603903.SH,2025-07-11,"[20, 21, 23, 28]",240,240,7.89,7.89,8.86,False,0,720,240,0,0,240,240,QLIB_OHLCV_FACTOR_BIN_ALL_NAN_DB_PRESENT_LIMIT_BIN_PRESENT,/home/lc999/data/qlib_minute_bin/features/603903.sh/close.1min.bin,1777467567.38318,2026-04-29T12:59:27.383180+00:00,1777510865.8529372,2026-04-30T01:01:05.852937+00:00
688528.SH,2025-07-11,"[20, 23, 28]",240,240,11.22,11.22,15.16,False,0,720,240,0,0,240,240,QLIB_OHLCV_FACTOR_BIN_ALL_NAN_DB_PRESENT_LIMIT_BIN_PRESENT,/home/lc999/data/qlib_minute_bin/features/688528.sh/close.1min.bin,1777467588.7482336,2026-04-29T12:59:48.748234+00:00,1777510871.5987217,2026-04-30T01:01:11.598722+00:00
603937.SH,2025-07-11,"[20, 21, 22, 23, 28]",240,240,10.04,10.04,11.13,False,0,720,240,0,0,240,240,QLIB_OHLCV_FACTOR_BIN_ALL_NAN_DB_PRESENT_LIMIT_BIN_PRESENT,/home/lc999/data/qlib_minute_bin/features/603937.sh/close.1min.bin,1777467567.5438168,2026-04-29T12:59:27.543817+00:00,1777510865.995609,2026-04-30T01:01:05.995609+00:00
603909.SH,2025-07-11,"[20, 21, 23, 28]",240,240,10.0,10.0,11.07,False,0,720,240,0,0,240,240,QLIB_OHLCV_FACTOR_BIN_ALL_NAN_DB_PRESENT_LIMIT_BIN_PRESENT,/home/lc999/data/qlib_minute_bin/features/603909.sh/close.1min.bin,1777467567.4078934,2026-04-29T12:59:27.407893+00:00,1777510865.8745542,2026-04-30T01:01:05.874554+00:00
600569.SH,2025-07-11,[20],240,240,2.31,2.31,2.45,False,0,720,240,0,0,240,240,QLIB_OHLCV_FACTOR_BIN_ALL_NAN_DB_PRESENT_LIMIT_BIN_PRESENT,/home/lc999/data/qlib_minute_bin/features/600569.sh/close.1min.bin,1777467527.7230566,2026-04-29T12:58:47.723057+00:00,1777510855.6015413,2026-04-30T01:00:55.601541+00:00
688670.SH,2025-07-14,"[20, 21, 22, 23, 24, 25, 27, 28]",240,240,14.7,14.7,17.02,False,0,720,240,0,0,240,240,QLIB_OHLCV_FACTOR_BIN_ALL_NAN_DB_PRESENT_LIMIT_BIN_PRESENT,/home/lc999/data/qlib_minute_bin/features/688670.sh/close.1min.bin,1777467592.6224852,2026-04-29T12:59:52.622485+00:00,1777510872.424489,2026-04-30T01:01:12.424489+00:00
688681.SH,2025-07-14,"[20, 21, 23]",240,240,14.45,14.45,17.08,False,0,720,240,0,0,240,240,QLIB_OHLCV_FACTOR_BIN_ALL_NAN_DB_PRESENT_LIMIT_BIN_PRESENT,/home/lc999/data/qlib_minute_bin/features/688681.sh/close.1min.bin,1777467592.6800642,2026-04-29T12:59:52.680064+00:00,1777510872.4720464,2026-04-30T01:01:12.472046+00:00
603937.SH,2025-07-14,"[20, 21, 22, 23, 28]",240,240,10.21,10.21,11.04,False,0,720,240,0,0,240,240,QLIB_OHLCV_FACTOR_BIN_ALL_NAN_DB_PRESENT_LIMIT_BIN_PRESENT,/home/lc999/data/qlib_minute_bin/features/603937.sh/close.1min.bin,1777467567.5438168,2026-04-29T12:59:27.543817+00:00,1777510865.995609,2026-04-30T01:01:05.995609+00:00
603909.SH,2025-07-14,"[20, 21, 23, 28]",240,240,10.13,10.13,11.0,False,0,720,240,0,0,240,240,QLIB_OHLCV_FACTOR_BIN_ALL_NAN_DB_PRESENT_LIMIT_BIN_PRESENT,/home/lc999/data/qlib_minute_bin/features/603909.sh/close.1min.bin,1777467567.4078934,2026-04-29T12:59:27.407893+00:00,1777510865.8745542,2026-04-30T01:01:05.874554+00:00
601999.SH,2025-07-14,"[20, 21, 23, 28]",240,240,7.14,7.14,7.87,False,0,720,240,0,0,240,240,QLIB_OHLCV_FACTOR_BIN_ALL_NAN_DB_PRESENT_LIMIT_BIN_PRESENT,/home/lc999/data/qlib_minute_bin/features/601999.sh/close.1min.bin,1777467545.1570063,2026-04-29T12:59:05.157006+00:00,1777510861.5182574,2026-04-30T01:01:01.518257+00:00
603223.SH,2025-07-14,"[20, 21, 23]",240,240,11.18,11.18,12.24,False,0,720,240,0,0,240,240,QLIB_OHLCV_FACTOR_BIN_ALL_NAN_DB_PRESENT_LIMIT_BIN_PRESENT,/home/lc999/data/qlib_minute_bin/features/603223.sh/close.1min.bin,1777467553.0333166,2026-04-29T12:59:13.033317+00:00,1777510864.1020453,2026-04-30T01:01:04.102045+00:00
688670.SH,2025-07-15,"[20, 21, 22, 23, 24, 25, 27, 28]",240,240,14.35,14.35,17.64,False,0,720,240,0,0,240,240,QLIB_OHLCV_FACTOR_BIN_ALL_NAN_DB_PRESENT_LIMIT_BIN_PRESENT,/home/lc999/data/qlib_minute_bin/features/688670.sh/close.1min.bin,1777467592.6224852,2026-04-29T12:59:52.622485+00:00,1777510872.424489,2026-04-30T01:01:12.424489+00:00
688681.SH,2025-07-15,"[20, 21, 23]",240,240,14.27,14.27,17.34,False,0,720,240,0,0,240,240,QLIB_OHLCV_FACTOR_BIN_ALL_NAN_DB_PRESENT_LIMIT_BIN_PRESENT,/home/lc999/data/qlib_minute_bin/features/688681.sh/close.1min.bin,1777467592.6800642,2026-04-29T12:59:52.680064+00:00,1777510872.4720464,2026-04-30T01:01:12.472046+00:00
603937.SH,2025-07-15,"[20, 21, 22, 23, 28]",240,240,10.0,10.0,11.23,False,0,720,240,0,0,240,240,QLIB_OHLCV_FACTOR_BIN_ALL_NAN_DB_PRESENT_LIMIT_BIN_PRESENT,/home/lc999/data/qlib_minute_bin/features/603937.sh/close.1min.bin,1777467567.5438168,2026-04-29T12:59:27.543817+00:00,1777510865.995609,2026-04-30T01:01:05.995609+00:00
603909.SH,2025-07-15,"[20, 21, 23, 28]",240,240,10.04,10.04,11.14,False,0,720,240,0,0,240,240,QLIB_OHLCV_FACTOR_BIN_ALL_NAN_DB_PRESENT_LIMIT_BIN_PRESENT,/home/lc999/data/qlib_minute_bin/features/603909.sh/close.1min.bin,1777467567.4078934,2026-04-29T12:59:27.407893+00:00,1777510865.8745542,2026-04-30T01:01:05.874554+00:00
603937.SH,2025-07-16,"[20, 21, 22, 23, 28]",240,240,10.1,10.1,11.0,False,0,720,240,0,0,240,240,QLIB_OHLCV_FACTOR_BIN_ALL_NAN_DB_PRESENT_LIMIT_BIN_PRESENT,/home/lc999/data/qlib_minute_bin/features/603937.sh/close.1min.bin,1777467567.5438168,2026-04-29T12:59:27.543817+00:00,1777510865.995609,2026-04-30T01:01:05.995609+00:00
301113.SZ,2025-07-08,[21],240,240,21.43,21.43,25.37,False,0,720,240,0,0,240,240,QLIB_OHLCV_FACTOR_BIN_ALL_NAN_DB_PRESENT_LIMIT_BIN_PRESENT,/home/lc999/data/qlib_minute_bin/features/301113.sz/close.1min.bin,1777467499.5899744,2026-04-29T12:58:19.589974+00:00,1777510851.798512,2026-04-30T01:00:51.798512+00:00
002193.SZ,2025-07-08,"[21, 22, 24, 25, 26]",240,240,6.14,6.14,6.75,False,0,720,240,0,0,240,240,QLIB_OHLCV_FACTOR_BIN_ALL_NAN_DB_PRESENT_LIMIT_BIN_PRESENT,/home/lc999/data/qlib_minute_bin/features/002193.sz/close.1min.bin,1777467436.2723684,2026-04-29T12:57:16.272368+00:00,1777510842.61917,2026-04-30T01:00:42.619170+00:00
002883.SZ,2025-07-08,[21],240,240,11.42,11.42,12.52,False,0,720,240,0,0,240,240,QLIB_OHLCV_FACTOR_BIN_ALL_NAN_DB_PRESENT_LIMIT_BIN_PRESENT,/home/lc999/data/qlib_minute_bin/features/002883.sz/close.1min.bin,1777467458.6467006,2026-04-29T12:57:38.646701+00:00,1777510845.6079528,2026-04-30T01:00:45.607953+00:00
002830.SZ,2025-07-08,"[21, 23]",240,240,15.4,15.4,16.86,False,0,720,240,0,0,240,240,QLIB_OHLCV_FACTOR_BIN_ALL_NAN_DB_PRESENT_LIMIT_BIN_PRESENT,/home/lc999/data/qlib_minute_bin/features/002830.sz/close.1min.bin,1777467455.0764651,2026-04-29T12:57:35.076465+00:00,1777510845.452242,2026-04-30T01:00:45.452242+00:00
603223.SH,2025-07-08,[21],240,240,10.89,10.89,11.84,False,0,720,240,0,0,240,240,QLIB_OHLCV_FACTOR_BIN_ALL_NAN_DB_PRESENT_LIMIT_BIN_PRESENT,/home/lc999/data/qlib_minute_bin/features/603223.sh/close.1min.bin,1777467553.0333166,2026-04-29T12:59:13.033317+00:00,1777510864.1020453,2026-04-30T01:01:04.102045+00:00
688013.SH,2025-07-08,[21],240,240,31.52,31.52,36.89,False,0,720,240,0,0,240,240,QLIB_OHLCV_FACTOR_BIN_ALL_NAN_DB_PRESENT_LIMIT_BIN_PRESENT,/home/lc999/data/qlib_minute_bin/features/688013.sh/close.1min.bin,1777467574.4922323,2026-04-29T12:59:34.492232+00:00,1777510867.8892536,2026-04-30T01:01:07.889254+00:00
300966.SZ,2025-07-08,"[21, 23, 24]",240,240,18.88,18.88,22.54,False,0,720,240,0,0,240,240,QLIB_OHLCV_FACTOR_BIN_ALL_NAN_DB_PRESENT_LIMIT_BIN_PRESENT,/home/lc999/data/qlib_minute_bin/features/300966.sz/close.1min.bin,1777467496.6347575,2026-04-29T12:58:16.634758+00:00,1777510850.6944466,2026-04-30T01:00:50.694447+00:00
301113.SZ,2025-07-09,[21],240,240,21.61,21.61,25.72,False,0,720,240,0,0,240,240,QLIB_OHLCV_FACTOR_BIN_ALL_NAN_DB_PRESENT_LIMIT_BIN_PRESENT,/home/lc999/data/qlib_minute_bin/features/301113.sz/close.1min.bin,1777467499.5899744,2026-04-29T12:58:19.589974+00:00,1777510851.798512,2026-04-30T01:00:51.798512+00:00
002883.SZ,2025-07-09,[21],240,240,11.49,11.49,12.56,False,0,720,240,0,0,240,240,QLIB_OHLCV_FACTOR_BIN_ALL_NAN_DB_PRESENT_LIMIT_BIN_PRESENT,/home/lc999/data/qlib_minute_bin/features/002883.sz/close.1min.bin,1777467458.6467006,2026-04-29T12:57:38.646701+00:00,1777510845.6079528,2026-04-30T01:00:45.607953+00:00
002830.SZ,2025-07-09,"[21, 23]",240,240,15.58,15.58,16.94,False,0,720,240,0,0,240,240,QLIB_OHLCV_FACTOR_BIN_ALL_NAN_DB_PRESENT_LIMIT_BIN_PRESENT,/home/lc999/data/qlib_minute_bin/features/002830.sz/close.1min.bin,1777467455.0764651,2026-04-29T12:57:35.076465+00:00,1777510845.452242,2026-04-30T01:00:45.452242+00:00
603223.SH,2025-07-09,[21],240,240,10.86,10.86,11.98,False,0,720,240,0,0,240,240,QLIB_OHLCV_FACTOR_BIN_ALL_NAN_DB_PRESENT_LIMIT_BIN_PRESENT,/home/lc999/data/qlib_minute_bin/features/603223.sh/close.1min.bin,1777467553.0333166,2026-04-29T12:59:13.033317+00:00,1777510864.1020453,2026-04-30T01:01:04.102045+00:00
300966.SZ,2025-07-09,"[21, 23, 24]",240,240,19.0,19.0,22.66,False,0,720,240,0,0,240,240,QLIB_OHLCV_FACTOR_BIN_ALL_NAN_DB_PRESENT_LIMIT_BIN_PRESENT,/home/lc999/data/qlib_minute_bin/features/300966.sz/close.1min.bin,1777467496.6347575,2026-04-29T12:58:16.634758+00:00,1777510850.6944466,2026-04-30T01:00:50.694447+00:00
002883.SZ,2025-07-10,[21],240,240,11.6,11.6,12.64,False,0,720,240,0,0,240,240,QLIB_OHLCV_FACTOR_BIN_ALL_NAN_DB_PRESENT_LIMIT_BIN_PRESENT,/home/lc999/data/qlib_minute_bin/features/002883.sz/close.1min.bin,1777467458.6467006,2026-04-29T12:57:38.646701+00:00,1777510845.6079528,2026-04-30T01:00:45.607953+00:00
603223.SH,2025-07-10,[21],240,240,10.97,10.97,11.95,False,0,720,240,0,0,240,240,QLIB_OHLCV_FACTOR_BIN_ALL_NAN_DB_PRESENT_LIMIT_BIN_PRESENT,/home/lc999/data/qlib_minute_bin/features/603223.sh/close.1min.bin,1777467553.0333166,2026-04-29T12:59:13.033317+00:00,1777510864.1020453,2026-04-30T01:01:04.102045+00:00
002883.SZ,2025-07-11,[21],240,240,11.4,11.4,12.76,False,0,720,240,0,0,240,240,QLIB_OHLCV_FACTOR_BIN_ALL_NAN_DB_PRESENT_LIMIT_BIN_PRESENT,/home/lc999/data/qlib_minute_bin/features/002883.sz/close.1min.bin,1777467458.6467006,2026-04-29T12:57:38.646701+00:00,1777510845.6079528,2026-04-30T01:00:45.607953+00:00
603223.SH,2025-07-11,[21],240,240,11.13,11.13,12.07,False,0,720,240,0,0,240,240,QLIB_OHLCV_FACTOR_BIN_ALL_NAN_DB_PRESENT_LIMIT_BIN_PRESENT,/home/lc999/data/qlib_minute_bin/features/603223.sh/close.1min.bin,1777467553.0333166,2026-04-29T12:59:13.033317+00:00,1777510864.1020453,2026-04-30T01:01:04.102045+00:00
002883.SZ,2025-07-14,[21],240,240,11.57,11.57,12.54,False,0,720,240,0,0,240,240,QLIB_OHLCV_FACTOR_BIN_ALL_NAN_DB_PRESENT_LIMIT_BIN_PRESENT,/home/lc999/data/qlib_minute_bin/features/002883.sz/close.1min.bin,1777467458.6467006,2026-04-29T12:57:38.646701+00:00,1777510845.6079528,2026-04-30T01:00:45.607953+00:00
002883.SZ,2025-07-15,[21],240,240,11.84,11.84,12.73,False,0,720,240,0,0,240,240,QLIB_OHLCV_FACTOR_BIN_ALL_NAN_DB_PRESENT_LIMIT_BIN_PRESENT,/home/lc999/data/qlib_minute_bin/features/002883.sz/close.1min.bin,1777467458.6467006,2026-04-29T12:57:38.646701+00:00,1777510845.6079528,2026-04-30T01:00:45.607953+00:00
000813.SZ,2025-07-08,[22],240,240,3.39,3.39,3.71,False,0,720,240,0,0,240,240,QLIB_OHLCV_FACTOR_BIN_ALL_NAN_DB_PRESENT_LIMIT_BIN_PRESENT,/home/lc999/data/qlib_minute_bin/features/000813.sz/close.1min.bin,1777467418.96706,2026-04-29T12:56:58.967060+00:00,1777510840.3983362,2026-04-30T01:00:40.398336+00:00
300412.SZ,2025-07-08,"[22, 26]",240,240,5.18,5.18,6.18,False,0,720,240,0,0,240,240,QLIB_OHLCV_FACTOR_BIN_ALL_NAN_DB_PRESENT_LIMIT_BIN_PRESENT,/home/lc999/data/qlib_minute_bin/features/300412.sz/close.1min.bin,1777467476.884778,2026-04-29T12:57:56.884778+00:00,1777510848.2550368,2026-04-30T01:00:48.255037+00:00
603968.SH,2025-07-08,"[22, 25]",240,240,11.79,11.79,12.96,False,0,720,240,0,0,240,240,QLIB_OHLCV_FACTOR_BIN_ALL_NAN_DB_PRESENT_LIMIT_BIN_PRESENT,/home/lc999/data/qlib_minute_bin/features/603968.sh/close.1min.bin,1777467567.6673837,2026-04-29T12:59:27.667384+00:00,1777510866.0907235,2026-04-30T01:01:06.090724+00:00
603116.SH,2025-07-08,[22],240,240,6.08,6.08,6.69,False,0,720,240,0,0,240,240,QLIB_OHLCV_FACTOR_BIN_ALL_NAN_DB_PRESENT_LIMIT_BIN_PRESENT,/home/lc999/data/qlib_minute_bin/features/603116.sh/close.1min.bin,1777467549.0934322,2026-04-29T12:59:09.093432+00:00,1777510862.3909845,2026-04-30T01:01:02.390985+00:00
300110.SZ,2025-07-08,"[22, 24]",240,240,3.37,3.37,4.02,False,0,720,240,0,0,240,240,QLIB_OHLCV_FACTOR_BIN_ALL_NAN_DB_PRESENT_LIMIT_BIN_PRESENT,/home/lc999/data/qlib_minute_bin/features/300110.sz/close.1min.bin,1777467469.306604,2026-04-29T12:57:49.306604+00:00,1777510847.1823623,2026-04-30T01:00:47.182362+00:00
300813.SZ,2025-07-08,"[22, 26]",240,240,21.1,21.1,25.43,False,0,720,240,0,0,240,240,QLIB_OHLCV_FACTOR_BIN_ALL_NAN_DB_PRESENT_LIMIT_BIN_PRESENT,/home/lc999/data/qlib_minute_bin/features/300813.sz/close.1min.bin,1777467490.17916,2026-04-29T12:58:10.179160+00:00,1777510850.262235,2026-04-30T01:00:50.262235+00:00
300616.SZ,2025-07-08,"[22, 27]",240,240,13.59,13.59,15.91,False,0,720,240,0,0,240,240,QLIB_OHLCV_FACTOR_BIN_ALL_NAN_DB_PRESENT_LIMIT_BIN_PRESENT,/home/lc999/data/qlib_minute_bin/features/300616.sz/close.1min.bin,1777467483.4321094,2026-04-29T12:58:03.432109+00:00,1777510849.650292,2026-04-30T01:00:49.650292+00:00
688217.SH,2025-07-08,"[22, 25]",240,240,26.76,26.76,32.4,False,0,720,240,0,0,240,240,QLIB_OHLCV_FACTOR_BIN_ALL_NAN_DB_PRESENT_LIMIT_BIN_PRESENT,/home/lc999/data/qlib_minute_bin/features/688217.sh/close.1min.bin,1777467581.581723,2026-04-29T12:59:41.581723+00:00,1777510869.2684147,2026-04-30T01:01:09.268415+00:00
300519.SZ,2025-07-08,"[22, 25]",240,240,15.28,15.28,18.17,False,0,720,240,0,0,240,240,QLIB_OHLCV_FACTOR_BIN_ALL_NAN_DB_PRESENT_LIMIT_BIN_PRESENT,/home/lc999/data/qlib_minute_bin/features/300519.sz/close.1min.bin,1777467480.2077117,2026-04-29T12:58:00.207712+00:00,1777510848.6789165,2026-04-30T01:00:48.678916+00:00
301111.SZ,2025-07-08,[22],240,240,16.56,16.56,19.52,False,0,720,240,0,0,240,240,QLIB_OHLCV_FACTOR_BIN_ALL_NAN_DB_PRESENT_LIMIT_BIN_PRESENT,/home/lc999/data/qlib_minute_bin/features/301111.sz/close.1min.bin,1777467499.5694141,2026-04-29T12:58:19.569414+00:00,1777510851.7899532,2026-04-30T01:00:51.789953+00:00
002798.SZ,2025-07-08,"[22, 24, 25, 26, 27]",240,240,6.32,6.32,7.05,False,0,720,240,0,0,240,240,QLIB_OHLCV_FACTOR_BIN_ALL_NAN_DB_PRESENT_LIMIT_BIN_PRESENT,/home/lc999/data/qlib_minute_bin/features/002798.sz/close.1min.bin,1777467454.7803166,2026-04-29T12:57:34.780317+00:00,1777510845.3614106,2026-04-30T01:00:45.361411+00:00
300412.SZ,2025-07-09,"[22, 26]",240,240,5.19,5.19,6.22,False,0,720,240,0,0,240,240,QLIB_OHLCV_FACTOR_BIN_ALL_NAN_DB_PRESENT_LIMIT_BIN_PRESENT,/home/lc999/data/qlib_minute_bin/features/300412.sz/close.1min.bin,1777467476.884778,2026-04-29T12:57:56.884778+00:00,1777510848.2550368,2026-04-30T01:00:48.255037+00:00
603968.SH,2025-07-09,"[22, 25]",240,240,11.78,11.78,12.97,False,0,720,240,0,0,240,240,QLIB_OHLCV_FACTOR_BIN_ALL_NAN_DB_PRESENT_LIMIT_BIN_PRESENT,/home/lc999/data/qlib_minute_bin/features/603968.sh/close.1min.bin,1777467567.6673837,2026-04-29T12:59:27.667384+00:00,1777510866.0907235,2026-04-30T01:01:06.090724+00:00
603116.SH,2025-07-09,[22],240,240,6.29,6.29,6.69,False,0,720,240,0,0,240,240,QLIB_OHLCV_FACTOR_BIN_ALL_NAN_DB_PRESENT_LIMIT_BIN_PRESENT,/home/lc999/data/qlib_minute_bin/features/603116.sh/close.1min.bin,1777467549.0934322,2026-04-29T12:59:09.093432+00:00,1777510862.3909845,2026-04-30T01:01:02.390985+00:00
300110.SZ,2025-07-09,"[22, 24]",240,240,3.36,3.36,4.04,False,0,720,240,0,0,240,240,QLIB_OHLCV_FACTOR_BIN_ALL_NAN_DB_PRESENT_LIMIT_BIN_PRESENT,/home/lc999/data/qlib_minute_bin/features/300110.sz/close.1min.bin,1777467469.306604,2026-04-29T12:57:49.306604+00:00,1777510847.1823623,2026-04-30T01:00:47.182362+00:00
300813.SZ,2025-07-09,"[22, 26]",240,240,20.96,20.96,25.32,False,0,720,240,0,0,240,240,QLIB_OHLCV_FACTOR_BIN_ALL_NAN_DB_PRESENT_LIMIT_BIN_PRESENT,/home/lc999/data/qlib_minute_bin/features/300813.sz/close.1min.bin,1777467490.17916,2026-04-29T12:58:10.179160+00:00,1777510850.262235,2026-04-30T01:00:50.262235+00:00
300616.SZ,2025-07-09,"[22, 27]",240,240,13.6,13.6,16.31,False,0,720,240,0,0,240,240,QLIB_OHLCV_FACTOR_BIN_ALL_NAN_DB_PRESENT_LIMIT_BIN_PRESENT,/home/lc999/data/qlib_minute_bin/features/300616.sz/close.1min.bin,1777467483.4321094,2026-04-29T12:58:03.432109+00:00,1777510849.650292,2026-04-30T01:00:49.650292+00:00
688217.SH,2025-07-09,"[22, 25]",240,240,26.36,26.36,32.11,False,0,720,240,0,0,240,240,QLIB_OHLCV_FACTOR_BIN_ALL_NAN_DB_PRESENT_LIMIT_BIN_PRESENT,/home/lc999/data/qlib_minute_bin/features/688217.sh/close.1min.bin,1777467581.581723,2026-04-29T12:59:41.581723+00:00,1777510869.2684147,2026-04-30T01:01:09.268415+00:00
300519.SZ,2025-07-09,"[22, 25]",240,240,15.26,15.26,18.34,False,0,720,240,0,0,240,240,QLIB_OHLCV_FACTOR_BIN_ALL_NAN_DB_PRESENT_LIMIT_BIN_PRESENT,/home/lc999/data/qlib_minute_bin/features/300519.sz/close.1min.bin,1777467480.2077117,2026-04-29T12:58:00.207712+00:00,1777510848.6789165,2026-04-30T01:00:48.678916+00:00
301111.SZ,2025-07-09,[22],240,240,16.45,16.45,19.87,False,0,720,240,0,0,240,240,QLIB_OHLCV_FACTOR_BIN_ALL_NAN_DB_PRESENT_LIMIT_BIN_PRESENT,/home/lc999/data/qlib_minute_bin/features/301111.sz/close.1min.bin,1777467499.5694141,2026-04-29T12:58:19.569414+00:00,1777510851.7899532,2026-04-30T01:00:51.789953+00:00
002798.SZ,2025-07-09,"[22, 24, 25, 26, 27]",240,240,6.38,6.38,6.95,False,0,720,240,0,0,240,240,QLIB_OHLCV_FACTOR_BIN_ALL_NAN_DB_PRESENT_LIMIT_BIN_PRESENT,/home/lc999/data/qlib_minute_bin/features/002798.sz/close.1min.bin,1777467454.7803166,2026-04-29T12:57:34.780317+00:00,1777510845.3614106,2026-04-30T01:00:45.361411+00:00
300412.SZ,2025-07-10,"[22, 26]",240,240,5.22,5.22,6.23,False,0,720,240,0,0,240,240,QLIB_OHLCV_FACTOR_BIN_ALL_NAN_DB_PRESENT_LIMIT_BIN_PRESENT,/home/lc999/data/qlib_minute_bin/features/300412.sz/close.1min.bin,1777467476.884778,2026-04-29T12:57:56.884778+00:00,1777510848.2550368,2026-04-30T01:00:48.255037+00:00
300110.SZ,2025-07-10,"[22, 24]",240,240,3.38,3.38,4.03,False,0,720,240,0,0,240,240,QLIB_OHLCV_FACTOR_BIN_ALL_NAN_DB_PRESENT_LIMIT_BIN_PRESENT,/home/lc999/data/qlib_minute_bin/features/300110.sz/close.1min.bin,1777467469.306604,2026-04-29T12:57:49.306604+00:00,1777510847.1823623,2026-04-30T01:00:47.182362+00:00
300813.SZ,2025-07-10,"[22, 26]",240,240,20.71,20.71,25.15,False,0,720,240,0,0,240,240,QLIB_OHLCV_FACTOR_BIN_ALL_NAN_DB_PRESENT_LIMIT_BIN_PRESENT,/home/lc999/data/qlib_minute_bin/features/300813.sz/close.1min.bin,1777467490.17916,2026-04-29T12:58:10.179160+00:00,1777510850.262235,2026-04-30T01:00:50.262235+00:00
688217.SH,2025-07-10,"[22, 25]",240,240,26.2,26.2,31.63,False,0,720,240,0,0,240,240,QLIB_OHLCV_FACTOR_BIN_ALL_NAN_DB_PRESENT_LIMIT_BIN_PRESENT,/home/lc999/data/qlib_minute_bin/features/688217.sh/close.1min.bin,1777467581.581723,2026-04-29T12:59:41.581723+00:00,1777510869.2684147,2026-04-30T01:01:09.268415+00:00
300519.SZ,2025-07-10,"[22, 25]",240,240,15.35,15.35,18.31,False,0,720,240,0,0,240,240,QLIB_OHLCV_FACTOR_BIN_ALL_NAN_DB_PRESENT_LIMIT_BIN_PRESENT,/home/lc999/data/qlib_minute_bin/features/300519.sz/close.1min.bin,1777467480.2077117,2026-04-29T12:58:00.207712+00:00,1777510848.6789165,2026-04-30T01:00:48.678916+00:00
002798.SZ,2025-07-10,"[22, 24, 25, 26, 27]",240,240,6.64,6.64,7.02,False,0,720,240,0,0,240,240,QLIB_OHLCV_FACTOR_BIN_ALL_NAN_DB_PRESENT_LIMIT_BIN_PRESENT,/home/lc999/data/qlib_minute_bin/features/002798.sz/close.1min.bin,1777467454.7803166,2026-04-29T12:57:34.780317+00:00,1777510845.3614106,2026-04-30T01:00:45.361411+00:00
300110.SZ,2025-07-11,"[22, 24]",240,240,3.4,3.4,4.06,False,0,720,240,0,0,240,240,QLIB_OHLCV_FACTOR_BIN_ALL_NAN_DB_PRESENT_LIMIT_BIN_PRESENT,/home/lc999/data/qlib_minute_bin/features/300110.sz/close.1min.bin,1777467469.306604,2026-04-29T12:57:49.306604+00:00,1777510847.1823623,2026-04-30T01:00:47.182362+00:00
300813.SZ,2025-07-11,"[22, 26]",240,240,20.83,20.83,24.85,False,0,720,240,0,0,240,240,QLIB_OHLCV_FACTOR_BIN_ALL_NAN_DB_PRESENT_LIMIT_BIN_PRESENT,/home/lc999/data/qlib_minute_bin/features/300813.sz/close.1min.bin,1777467490.17916,2026-04-29T12:58:10.179160+00:00,1777510850.262235,2026-04-30T01:00:50.262235+00:00
688217.SH,2025-07-11,"[22, 25]",240,240,26.25,26.25,31.44,False,0,720,240,0,0,240,240,QLIB_OHLCV_FACTOR_BIN_ALL_NAN_DB_PRESENT_LIMIT_BIN_PRESENT,/home/lc999/data/qlib_minute_bin/features/688217.sh/close.1min.bin,1777467581.581723,2026-04-29T12:59:41.581723+00:00,1777510869.2684147,2026-04-30T01:01:09.268415+00:00
300519.SZ,2025-07-11,"[22, 25]",240,240,15.4,15.4,18.42,False,0,720,240,0,0,240,240,QLIB_OHLCV_FACTOR_BIN_ALL_NAN_DB_PRESENT_LIMIT_BIN_PRESENT,/home/lc999/data/qlib_minute_bin/features/300519.sz/close.1min.bin,1777467480.2077117,2026-04-29T12:58:00.207712+00:00,1777510848.6789165,2026-04-30T01:00:48.678916+00:00
300110.SZ,2025-07-14,"[22, 24]",240,240,3.43,3.43,4.08,False,0,720,240,0,0,240,240,QLIB_OHLCV_FACTOR_BIN_ALL_NAN_DB_PRESENT_LIMIT_BIN_PRESENT,/home/lc999/data/qlib_minute_bin/features/300110.sz/close.1min.bin,1777467469.306604,2026-04-29T12:57:49.306604+00:00,1777510847.1823623,2026-04-30T01:00:47.182362+00:00
300813.SZ,2025-07-14,"[22, 26]",240,240,22.0,22.0,25.0,False,0,720,240,0,0,240,240,QLIB_OHLCV_FACTOR_BIN_ALL_NAN_DB_PRESENT_LIMIT_BIN_PRESENT,/home/lc999/data/qlib_minute_bin/features/300813.sz/close.1min.bin,1777467490.17916,2026-04-29T12:58:10.179160+00:00,1777510850.262235,2026-04-30T01:00:50.262235+00:00
688217.SH,2025-07-14,"[22, 25]",240,240,26.7,26.7,31.5,False,0,720,240,0,0,240,240,QLIB_OHLCV_FACTOR_BIN_ALL_NAN_DB_PRESENT_LIMIT_BIN_PRESENT,/home/lc999/data/qlib_minute_bin/features/688217.sh/close.1min.bin,1777467581.581723,2026-04-29T12:59:41.581723+00:00,1777510869.2684147,2026-04-30T01:01:09.268415+00:00
300519.SZ,2025-07-14,"[22, 25]",240,240,15.65,15.65,18.48,False,0,720,240,0,0,240,240,QLIB_OHLCV_FACTOR_BIN_ALL_NAN_DB_PRESENT_LIMIT_BIN_PRESENT,/home/lc999/data/qlib_minute_bin/features/300519.sz/close.1min.bin,1777467480.2077117,2026-04-29T12:58:00.207712+00:00,1777510848.6789165,2026-04-30T01:00:48.678916+00:00
688217.SH,2025-07-15,"[22, 25]",240,240,26.54,26.54,32.04,False,0,720,240,0,0,240,240,QLIB_OHLCV_FACTOR_BIN_ALL_NAN_DB_PRESENT_LIMIT_BIN_PRESENT,/home/lc999/data/qlib_minute_bin/features/688217.sh/close.1min.bin,1777467581.581723,2026-04-29T12:59:41.581723+00:00,1777510869.2684147,2026-04-30T01:01:09.268415+00:00
300519.SZ,2025-07-15,"[22, 25]",240,240,15.38,15.38,18.78,False,0,720,240,0,0,240,240,QLIB_OHLCV_FACTOR_BIN_ALL_NAN_DB_PRESENT_LIMIT_BIN_PRESENT,/home/lc999/data/qlib_minute_bin/features/300519.sz/close.1min.bin,1777467480.2077117,2026-04-29T12:58:00.207712+00:00,1777510848.6789165,2026-04-30T01:00:48.678916+00:00
688217.SH,2025-07-16,"[22, 25]",240,240,27.08,27.08,31.85,False,0,720,240,0,0,240,240,QLIB_OHLCV_FACTOR_BIN_ALL_NAN_DB_PRESENT_LIMIT_BIN_PRESENT,/home/lc999/data/qlib_minute_bin/features/688217.sh/close.1min.bin,1777467581.581723,2026-04-29T12:59:41.581723+00:00,1777510869.2684147,2026-04-30T01:01:09.268415+00:00
300519.SZ,2025-07-16,"[22, 25]",240,240,15.71,15.71,18.46,False,0,720,240,0,0,240,240,QLIB_OHLCV_FACTOR_BIN_ALL_NAN_DB_PRESENT_LIMIT_BIN_PRESENT,/home/lc999/data/qlib_minute_bin/features/300519.sz/close.1min.bin,1777467480.2077117,2026-04-29T12:58:00.207712+00:00,1777510848.6789165,2026-04-30T01:00:48.678916+00:00
688292.SH,2025-07-16,[22],240,240,20.19,20.19,23.78,False,0,720,240,0,0,240,240,QLIB_OHLCV_FACTOR_BIN_ALL_NAN_DB_PRESENT_LIMIT_BIN_PRESENT,/home/lc999/data/qlib_minute_bin/features/688292.sh/close.1min.bin,1777467582.2280934,2026-04-29T12:59:42.228093+00:00,1777510869.7353408,2026-04-30T01:01:09.735341+00:00
002905.SZ,2025-07-08,[23],240,240,9.63,9.63,10.42,False,0,720,240,0,0,240,240,QLIB_OHLCV_FACTOR_BIN_ALL_NAN_DB_PRESENT_LIMIT_BIN_PRESENT,/home/lc999/data/qlib_minute_bin/features/002905.sz/close.1min.bin,1777467458.8605857,2026-04-29T12:57:38.860586+00:00,1777510845.6771576,2026-04-30T01:00:45.677158+00:00
301060.SZ,2025-07-08,"[23, 24, 28]",240,240,9.97,9.97,11.76,False,0,720,240,0,0,240,240,QLIB_OHLCV_FACTOR_BIN_ALL_NAN_DB_PRESENT_LIMIT_BIN_PRESENT,/home/lc999/data/qlib_minute_bin/features/301060.sz/close.1min.bin,1777467497.1857767,2026-04-29T12:58:17.185777+00:00,1777510850.9554853,2026-04-30T01:00:50.955485+00:00
603660.SH,2025-07-08,[23],240,240,7.13,7.13,7.76,False,0,720,240,0,0,240,240,QLIB_OHLCV_FACTOR_BIN_ALL_NAN_DB_PRESENT_LIMIT_BIN_PRESENT,/home/lc999/data/qlib_minute_bin/features/603660.sh/close.1min.bin,1777467563.367249,2026-04-29T12:59:23.367249+00:00,1777510864.7980301,2026-04-30T01:01:04.798030+00:00
600576.SH,2025-07-08,"[23, 28]",240,240,7.93,7.93,8.68,False,0,720,240,0,0,240,240,QLIB_OHLCV_FACTOR_BIN_ALL_NAN_DB_PRESENT_LIMIT_BIN_PRESENT,/home/lc999/data/qlib_minute_bin/features/600576.sh/close.1min.bin,1777467527.764181,2026-04-29T12:58:47.764181+00:00,1777510855.6614518,2026-04-30T01:00:55.661452+00:00
000790.SZ,2025-07-08,"[23, 24]",240,240,3.99,3.99,4.37,False,0,720,240,0,0,240,240,QLIB_OHLCV_FACTOR_BIN_ALL_NAN_DB_PRESENT_LIMIT_BIN_PRESENT,/home/lc999/data/qlib_minute_bin/features/000790.sz/close.1min.bin,1777467418.806705,2026-04-29T12:56:58.806705+00:00,1777510840.3199675,2026-04-30T01:00:40.319968+00:00
002622.SZ,2025-07-09,"[23, 24, 25, 26, 27]",240,240,2.99,2.99,3.17,False,0,720,240,0,0,240,240,QLIB_OHLCV_FACTOR_BIN_ALL_NAN_DB_PRESENT_LIMIT_BIN_PRESENT,/home/lc999/data/qlib_minute_bin/features/002622.sz/close.1min.bin,1777467450.425091,2026-04-29T12:57:30.425091+00:00,1777510844.8380492,2026-04-30T01:00:44.838049+00:00
002905.SZ,2025-07-09,[23],240,240,9.97,9.97,10.59,False,0,720,240,0,0,240,240,QLIB_OHLCV_FACTOR_BIN_ALL_NAN_DB_PRESENT_LIMIT_BIN_PRESENT,/home/lc999/data/qlib_minute_bin/features/002905.sz/close.1min.bin,1777467458.8605857,2026-04-29T12:57:38.860586+00:00,1777510845.6771576,2026-04-30T01:00:45.677158+00:00
603660.SH,2025-07-09,[23],240,240,7.11,7.11,7.84,False,0,720,240,0,0,240,240,QLIB_OHLCV_FACTOR_BIN_ALL_NAN_DB_PRESENT_LIMIT_BIN_PRESENT,/home/lc999/data/qlib_minute_bin/features/603660.sh/close.1min.bin,1777467563.367249,2026-04-29T12:59:23.367249+00:00,1777510864.7980301,2026-04-30T01:01:04.798030+00:00
600576.SH,2025-07-09,"[23, 28]",240,240,7.94,7.94,8.72,False,0,720,240,0,0,240,240,QLIB_OHLCV_FACTOR_BIN_ALL_NAN_DB_PRESENT_LIMIT_BIN_PRESENT,/home/lc999/data/qlib_minute_bin/features/600576.sh/close.1min.bin,1777467527.764181,2026-04-29T12:58:47.764181+00:00,1777510855.6614518,2026-04-30T01:00:55.661452+00:00
603309.SH,2025-07-09,[23],240,240,12.9,12.9,14.21,False,0,720,240,0,0,240,240,QLIB_OHLCV_FACTOR_BIN_ALL_NAN_DB_PRESENT_LIMIT_BIN_PRESENT,/home/lc999/data/qlib_minute_bin/features/603309.sh/close.1min.bin,1777467556.495959,2026-04-29T12:59:16.495959+00:00,1777510864.5577548,2026-04-30T01:01:04.557755+00:00
002622.SZ,2025-07-10,"[23, 24, 25, 26, 27]",240,240,3.05,3.05,3.29,False,0,720,240,0,0,240,240,QLIB_OHLCV_FACTOR_BIN_ALL_NAN_DB_PRESENT_LIMIT_BIN_PRESENT,/home/lc999/data/qlib_minute_bin/features/002622.sz/close.1min.bin,1777467450.425091,2026-04-29T12:57:30.425091+00:00,1777510844.8380492,2026-04-30T01:00:44.838049+00:00
002905.SZ,2025-07-10,[23],240,240,9.92,9.92,10.97,False,0,720,240,0,0,240,240,QLIB_OHLCV_FACTOR_BIN_ALL_NAN_DB_PRESENT_LIMIT_BIN_PRESENT,/home/lc999/data/qlib_minute_bin/features/002905.sz/close.1min.bin,1777467458.8605857,2026-04-29T12:57:38.860586+00:00,1777510845.6771576,2026-04-30T01:00:45.677158+00:00
603660.SH,2025-07-10,[23],240,240,7.15,7.15,7.82,False,0,720,240,0,0,240,240,QLIB_OHLCV_FACTOR_BIN_ALL_NAN_DB_PRESENT_LIMIT_BIN_PRESENT,/home/lc999/data/qlib_minute_bin/features/603660.sh/close.1min.bin,1777467563.367249,2026-04-29T12:59:23.367249+00:00,1777510864.7980301,2026-04-30T01:01:04.798030+00:00
300966.SZ,2025-07-10,"[23, 24]",240,240,18.92,18.92,22.8,False,0,720,240,0,0,240,240,QLIB_OHLCV_FACTOR_BIN_ALL_NAN_DB_PRESENT_LIMIT_BIN_PRESENT,/home/lc999/data/qlib_minute_bin/features/300966.sz/close.1min.bin,1777467496.6347575,2026-04-29T12:58:16.634758+00:00,1777510850.6944466,2026-04-30T01:00:50.694447+00:00
002622.SZ,2025-07-11,"[23, 24, 25, 26, 27]",240,240,3.16,3.16,3.36,False,0,720,240,0,0,240,240,QLIB_OHLCV_FACTOR_BIN_ALL_NAN_DB_PRESENT_LIMIT_BIN_PRESENT,/home/lc999/data/qlib_minute_bin/features/002622.sz/close.1min.bin,1777467450.425091,2026-04-29T12:57:30.425091+00:00,1777510844.8380492,2026-04-30T01:00:44.838049+00:00
002905.SZ,2025-07-11,[23],240,240,9.96,9.96,10.91,False,0,720,240,0,0,240,240,QLIB_OHLCV_FACTOR_BIN_ALL_NAN_DB_PRESENT_LIMIT_BIN_PRESENT,/home/lc999/data/qlib_minute_bin/features/002905.sz/close.1min.bin,1777467458.8605857,2026-04-29T12:57:38.860586+00:00,1777510845.6771576,2026-04-30T01:00:45.677158+00:00
603660.SH,2025-07-11,[23],240,240,7.24,7.24,7.87,False,0,720,240,0,0,240,240,QLIB_OHLCV_FACTOR_BIN_ALL_NAN_DB_PRESENT_LIMIT_BIN_PRESENT,/home/lc999/data/qlib_minute_bin/features/603660.sh/close.1min.bin,1777467563.367249,2026-04-29T12:59:23.367249+00:00,1777510864.7980301,2026-04-30T01:01:04.798030+00:00
300966.SZ,2025-07-11,"[23, 24]",240,240,18.95,18.95,22.7,False,0,720,240,0,0,240,240,QLIB_OHLCV_FACTOR_BIN_ALL_NAN_DB_PRESENT_LIMIT_BIN_PRESENT,/home/lc999/data/qlib_minute_bin/features/300966.sz/close.1min.bin,1777467496.6347575,2026-04-29T12:58:16.634758+00:00,1777510850.6944466,2026-04-30T01:00:50.694447+00:00
002622.SZ,2025-07-14,"[23, 24, 25, 26, 27]",240,240,3.12,3.12,3.48,False,0,720,240,0,0,240,240,QLIB_OHLCV_FACTOR_BIN_ALL_NAN_DB_PRESENT_LIMIT_BIN_PRESENT,/home/lc999/data/qlib_minute_bin/features/002622.sz/close.1min.bin,1777467450.425091,2026-04-29T12:57:30.425091+00:00,1777510844.8380492,2026-04-30T01:00:44.838049+00:00
300966.SZ,2025-07-14,"[23, 24]",240,240,19.29,19.29,22.74,False,0,720,240,0,0,240,240,QLIB_OHLCV_FACTOR_BIN_ALL_NAN_DB_PRESENT_LIMIT_BIN_PRESENT,/home/lc999/data/qlib_minute_bin/features/300966.sz/close.1min.bin,1777467496.6347575,2026-04-29T12:58:16.634758+00:00,1777510850.6944466,2026-04-30T01:00:50.694447+00:00
002905.SZ,2025-07-14,[23],240,240,9.83,9.83,10.96,False,0,720,240,0,0,240,240,QLIB_OHLCV_FACTOR_BIN_ALL_NAN_DB_PRESENT_LIMIT_BIN_PRESENT,/home/lc999/data/qlib_minute_bin/features/002905.sz/close.1min.bin,1777467458.8605857,2026-04-29T12:57:38.860586+00:00,1777510845.6771576,2026-04-30T01:00:45.677158+00:00
301098.SZ,2025-07-08,[24],240,240,9.25,9.25,11.09,False,0,720,240,0,0,240,240,QLIB_OHLCV_FACTOR_BIN_ALL_NAN_DB_PRESENT_LIMIT_BIN_PRESENT,/home/lc999/data/qlib_minute_bin/features/301098.sz/close.1min.bin,1777467499.4419396,2026-04-29T12:58:19.441940+00:00,1777510851.7514393,2026-04-30T01:00:51.751439+00:00
688185.SH,2025-07-08,[24],240,240,59.65,59.65,70.9,False,0,720,240,0,0,240,240,QLIB_OHLCV_FACTOR_BIN_ALL_NAN_DB_PRESENT_LIMIT_BIN_PRESENT,/home/lc999/data/qlib_minute_bin/features/688185.sh/close.1min.bin,1777467578.3951576,2026-04-29T12:59:38.395158+00:00,1777510869.047922,2026-04-30T01:01:09.047922+00:00
603803.SH,2025-07-08,"[24, 26]",240,240,8.6,8.6,10.51,False,0,720,240,0,0,240,240,QLIB_OHLCV_FACTOR_BIN_ALL_NAN_DB_PRESENT_LIMIT_BIN_PRESENT,/home/lc999/data/qlib_minute_bin/features/603803.sh/close.1min.bin,1777467564.1568892,2026-04-29T12:59:24.156889+00:00,1777510865.3946579,2026-04-30T01:01:05.394658+00:00
300535.SZ,2025-07-08,"[24, 25, 26]",240,240,17.13,17.13,20.51,False,0,720,240,0,0,240,240,QLIB_OHLCV_FACTOR_BIN_ALL_NAN_DB_PRESENT_LIMIT_BIN_PRESENT,/home/lc999/data/qlib_minute_bin/features/300535.sz/close.1min.bin,1777467480.2817411,2026-04-29T12:58:00.281741+00:00,1777510848.7264948,2026-04-30T01:00:48.726495+00:00
688038.SH,2025-07-08,[24],240,240,15.66,15.66,18.43,False,0,720,240,0,0,240,240,QLIB_OHLCV_FACTOR_BIN_ALL_NAN_DB_PRESENT_LIMIT_BIN_PRESENT,/home/lc999/data/qlib_minute_bin/features/688038.sh/close.1min.bin,1777467574.6610298,2026-04-29T12:59:34.661030+00:00,1777510868.049219,2026-04-30T01:01:08.049219+00:00
300394.SZ,2025-07-08,"[24, 26]",240,240,82.33,82.33,87.68,False,0,720,240,0,0,240,240,QLIB_OHLCV_FACTOR_BIN_ALL_NAN_DB_PRESENT_LIMIT_BIN_PRESENT,/home/lc999/data/qlib_minute_bin/features/300394.sz/close.1min.bin,1777467476.7080016,2026-04-29T12:57:56.708002+00:00,1777510848.1901574,2026-04-30T01:00:48.190157+00:00
300422.SZ,2025-07-08,"[24, 26]",240,240,5.15,5.15,6.13,False,0,720,240,0,0,240,240,QLIB_OHLCV_FACTOR_BIN_ALL_NAN_DB_PRESENT_LIMIT_BIN_PRESENT,/home/lc999/data/qlib_minute_bin/features/300422.sz/close.1min.bin,1777467476.9711106,2026-04-29T12:57:56.971111+00:00,1777510848.2896395,2026-04-30T01:00:48.289639+00:00
002558.SZ,2025-07-08,[24],240,240,25.85,25.85,26.82,False,0,720,240,0,0,240,240,QLIB_OHLCV_FACTOR_BIN_ALL_NAN_DB_PRESENT_LIMIT_BIN_PRESENT,/home/lc999/data/qlib_minute_bin/features/002558.sz/close.1min.bin,1777467447.234029,2026-04-29T12:57:27.234029+00:00,1777510844.6131337,2026-04-30T01:00:44.613134+00:00
688189.SH,2025-07-08,"[24, 25, 26, 27]",240,240,7.98,7.98,9.62,False,0,720,240,0,0,240,240,QLIB_OHLCV_FACTOR_BIN_ALL_NAN_DB_PRESENT_LIMIT_BIN_PRESENT,/home/lc999/data/qlib_minute_bin/features/688189.sh/close.1min.bin,1777467578.4280937,2026-04-29T12:59:38.428094+00:00,1777510869.082509,2026-04-30T01:01:09.082509+00:00
688063.SH,2025-07-08,[24],240,240,46.64,46.64,54.35,False,0,720,240,0,0,240,240,QLIB_OHLCV_FACTOR_BIN_ALL_NAN_DB_PRESENT_LIMIT_BIN_PRESENT,/home/lc999/data/qlib_minute_bin/features/688063.sh/close.1min.bin,1777467574.8380613,2026-04-29T12:59:34.838061+00:00,1777510868.1962142,2026-04-30T01:01:08.196214+00:00
300449.SZ,2025-07-08,[24],240,240,7.83,7.83,9.36,False,0,720,240,0,0,240,240,QLIB_OHLCV_FACTOR_BIN_ALL_NAN_DB_PRESENT_LIMIT_BIN_PRESENT,/home/lc999/data/qlib_minute_bin/features/300449.sz/close.1min.bin,1777467479.804662,2026-04-29T12:57:59.804662+00:00,1777510848.4064224,2026-04-30T01:00:48.406422+00:00
603978.SH,2025-07-08,[24],240,240,17.59,17.59,19.0,False,0,720,240,0,0,240,240,QLIB_OHLCV_FACTOR_BIN_ALL_NAN_DB_PRESENT_LIMIT_BIN_PRESENT,/home/lc999/data/qlib_minute_bin/features/603978.sh/close.1min.bin,1777467567.7209294,2026-04-29T12:59:27.720929+00:00,1777510866.1296341,2026-04-30T01:01:06.129634+00:00
301098.SZ,2025-07-09,[24],240,240,9.3,9.3,11.04,False,0,720,240,0,0,240,240,QLIB_OHLCV_FACTOR_BIN_ALL_NAN_DB_PRESENT_LIMIT_BIN_PRESENT,/home/lc999/data/qlib_minute_bin/features/301098.sz/close.1min.bin,1777467499.4419396,2026-04-29T12:58:19.441940+00:00,1777510851.7514393,2026-04-30T01:00:51.751439+00:00
688185.SH,2025-07-09,[24],240,240,59.9,59.9,71.58,False,0,720,240,0,0,240,240,QLIB_OHLCV_FACTOR_BIN_ALL_NAN_DB_PRESENT_LIMIT_BIN_PRESENT,/home/lc999/data/qlib_minute_bin/features/688185.sh/close.1min.bin,1777467578.3951576,2026-04-29T12:59:38.395158+00:00,1777510869.047922,2026-04-30T01:01:09.047922+00:00
603803.SH,2025-07-09,"[24, 26]",240,240,8.78,8.78,9.46,False,0,720,240,0,0,240,240,QLIB_OHLCV_FACTOR_BIN_ALL_NAN_DB_PRESENT_LIMIT_BIN_PRESENT,/home/lc999/data/qlib_minute_bin/features/603803.sh/close.1min.bin,1777467564.1568892,2026-04-29T12:59:24.156889+00:00,1777510865.3946579,2026-04-30T01:01:05.394658+00:00
300535.SZ,2025-07-09,"[24, 25, 26]",240,240,17.17,17.17,20.56,False,0,720,240,0,0,240,240,QLIB_OHLCV_FACTOR_BIN_ALL_NAN_DB_PRESENT_LIMIT_BIN_PRESENT,/home/lc999/data/qlib_minute_bin/features/300535.sz/close.1min.bin,1777467480.2817411,2026-04-29T12:58:00.281741+00:00,1777510848.7264948,2026-04-30T01:00:48.726495+00:00
688038.SH,2025-07-09,[24],240,240,15.83,15.83,18.79,False,0,720,240,0,0,240,240,QLIB_OHLCV_FACTOR_BIN_ALL_NAN_DB_PRESENT_LIMIT_BIN_PRESENT,/home/lc999/data/qlib_minute_bin/features/688038.sh/close.1min.bin,1777467574.6610298,2026-04-29T12:59:34.661030+00:00,1777510868.049219,2026-04-30T01:01:08.049219+00:00
300394.SZ,2025-07-09,"[24, 26]",240,240,83.88,83.88,98.8,False,0,720,240,0,0,240,240,QLIB_OHLCV_FACTOR_BIN_ALL_NAN_DB_PRESENT_LIMIT_BIN_PRESENT,/home/lc999/data/qlib_minute_bin/features/300394.sz/close.1min.bin,1777467476.7080016,2026-04-29T12:57:56.708002+00:00,1777510848.1901574,2026-04-30T01:00:48.190157+00:00
300422.SZ,2025-07-09,"[24, 26]",240,240,5.1,5.1,6.18,False,0,720,240,0,0,240,240,QLIB_OHLCV_FACTOR_BIN_ALL_NAN_DB_PRESENT_LIMIT_BIN_PRESENT,/home/lc999/data/qlib_minute_bin/features/300422.sz/close.1min.bin,1777467476.9711106,2026-04-29T12:57:56.971111+00:00,1777510848.2896395,2026-04-30T01:00:48.289639+00:00
688189.SH,2025-07-09,"[24, 25, 27]",240,240,7.91,7.91,9.58,False,0,720,240,0,0,240,240,QLIB_OHLCV_FACTOR_BIN_ALL_NAN_DB_PRESENT_LIMIT_BIN_PRESENT,/home/lc999/data/qlib_minute_bin/features/688189.sh/close.1min.bin,1777467578.4280937,2026-04-29T12:59:38.428094+00:00,1777510869.082509,2026-04-30T01:01:09.082509+00:00
688063.SH,2025-07-09,[24],240,240,46.98,46.98,55.97,False,0,720,240,0,0,240,240,QLIB_OHLCV_FACTOR_BIN_ALL_NAN_DB_PRESENT_LIMIT_BIN_PRESENT,/home/lc999/data/qlib_minute_bin/features/688063.sh/close.1min.bin,1777467574.8380613,2026-04-29T12:59:34.838061+00:00,1777510868.1962142,2026-04-30T01:01:08.196214+00:00
300449.SZ,2025-07-09,[24],240,240,7.76,7.76,9.4,False,0,720,240,0,0,240,240,QLIB_OHLCV_FACTOR_BIN_ALL_NAN_DB_PRESENT_LIMIT_BIN_PRESENT,/home/lc999/data/qlib_minute_bin/features/300449.sz/close.1min.bin,1777467479.804662,2026-04-29T12:57:59.804662+00:00,1777510848.4064224,2026-04-30T01:00:48.406422+00:00
300612.SZ,2025-07-09,[24],240,240,15.4,15.4,18.48,False,0,720,240,0,0,240,240,QLIB_OHLCV_FACTOR_BIN_ALL_NAN_DB_PRESENT_LIMIT_BIN_PRESENT,/home/lc999/data/qlib_minute_bin/features/300612.sz/close.1min.bin,1777467483.407433,2026-04-29T12:58:03.407433+00:00,1777510849.6374538,2026-04-30T01:00:49.637454+00:00
300272.SZ,2025-07-09,[24],240,240,6.72,6.72,8.15,False,0,720,240,0,0,240,240,QLIB_OHLCV_FACTOR_BIN_ALL_NAN_DB_PRESENT_LIMIT_BIN_PRESENT,/home/lc999/data/qlib_minute_bin/features/300272.sz/close.1min.bin,1777467472.991588,2026-04-29T12:57:52.991588+00:00,1777510847.783579,2026-04-30T01:00:47.783579+00:00
301098.SZ,2025-07-10,[24],240,240,9.47,9.47,11.16,False,0,720,240,0,0,240,240,QLIB_OHLCV_FACTOR_BIN_ALL_NAN_DB_PRESENT_LIMIT_BIN_PRESENT,/home/lc999/data/qlib_minute_bin/features/301098.sz/close.1min.bin,1777467499.4419396,2026-04-29T12:58:19.441940+00:00,1777510851.7514393,2026-04-30T01:00:51.751439+00:00
603803.SH,2025-07-10,"[24, 26]",240,240,8.2,8.2,9.66,False,0,720,240,0,0,240,240,QLIB_OHLCV_FACTOR_BIN_ALL_NAN_DB_PRESENT_LIMIT_BIN_PRESENT,/home/lc999/data/qlib_minute_bin/features/603803.sh/close.1min.bin,1777467564.1568892,2026-04-29T12:59:24.156889+00:00,1777510865.3946579,2026-04-30T01:01:05.394658+00:00
300394.SZ,2025-07-10,"[24, 26]",240,240,87.49,87.49,100.66,False,0,720,240,0,0,240,240,QLIB_OHLCV_FACTOR_BIN_ALL_NAN_DB_PRESENT_LIMIT_BIN_PRESENT,/home/lc999/data/qlib_minute_bin/features/300394.sz/close.1min.bin,1777467476.7080016,2026-04-29T12:57:56.708002+00:00,1777510848.1901574,2026-04-30T01:00:48.190157+00:00
688189.SH,2025-07-10,"[24, 25, 27]",240,240,8.08,8.08,9.49,False,0,720,240,0,0,240,240,QLIB_OHLCV_FACTOR_BIN_ALL_NAN_DB_PRESENT_LIMIT_BIN_PRESENT,/home/lc999/data/qlib_minute_bin/features/688189.sh/close.1min.bin,1777467578.4280937,2026-04-29T12:59:38.428094+00:00,1777510869.082509,2026-04-30T01:01:09.082509+00:00
688063.SH,2025-07-10,[24],240,240,46.23,46.23,56.38,False,0,720,240,0,0,240,240,QLIB_OHLCV_FACTOR_BIN_ALL_NAN_DB_PRESENT_LIMIT_BIN_PRESENT,/home/lc999/data/qlib_minute_bin/features/688063.sh/close.1min.bin,1777467574.8380613,2026-04-29T12:59:34.838061+00:00,1777510868.1962142,2026-04-30T01:01:08.196214+00:00
300449.SZ,2025-07-10,[24],240,240,7.88,7.88,9.31,False,0,720,240,0,0,240,240,QLIB_OHLCV_FACTOR_BIN_ALL_NAN_DB_PRESENT_LIMIT_BIN_PRESENT,/home/lc999/data/qlib_minute_bin/features/300449.sz/close.1min.bin,1777467479.804662,2026-04-29T12:57:59.804662+00:00,1777510848.4064224,2026-04-30T01:00:48.406422+00:00
301098.SZ,2025-07-11,[24],240,240,9.35,9.35,11.36,False,0,720,240,0,0,240,240,QLIB_OHLCV_FACTOR_BIN_ALL_NAN_DB_PRESENT_LIMIT_BIN_PRESENT,/home/lc999/data/qlib_minute_bin/features/301098.sz/close.1min.bin,1777467499.4419396,2026-04-29T12:58:19.441940+00:00,1777510851.7514393,2026-04-30T01:00:51.751439+00:00
603803.SH,2025-07-11,"[24, 26]",240,240,8.47,8.47,9.02,False,0,720,240,0,0,240,240,QLIB_OHLCV_FACTOR_BIN_ALL_NAN_DB_PRESENT_LIMIT_BIN_PRESENT,/home/lc999/data/qlib_minute_bin/features/603803.sh/close.1min.bin,1777467564.1568892,2026-04-29T12:59:24.156889+00:00,1777510865.3946579,2026-04-30T01:01:05.394658+00:00
300394.SZ,2025-07-11,"[24, 26]",240,240,84.54,84.54,104.99,False,0,720,240,0,0,240,240,QLIB_OHLCV_FACTOR_BIN_ALL_NAN_DB_PRESENT_LIMIT_BIN_PRESENT,/home/lc999/data/qlib_minute_bin/features/300394.sz/close.1min.bin,1777467476.7080016,2026-04-29T12:57:56.708002+00:00,1777510848.1901574,2026-04-30T01:00:48.190157+00:00
688189.SH,2025-07-11,"[24, 25, 27]",240,240,8.04,8.04,9.7,False,0,720,240,0,0,240,240,QLIB_OHLCV_FACTOR_BIN_ALL_NAN_DB_PRESENT_LIMIT_BIN_PRESENT,/home/lc999/data/qlib_minute_bin/features/688189.sh/close.1min.bin,1777467578.4280937,2026-04-29T12:59:38.428094+00:00,1777510869.082509,2026-04-30T01:01:09.082509+00:00
002798.SZ,2025-07-11,"[24, 25, 26, 27]",240,240,6.55,6.55,7.3,False,0,720,240,0,0,240,240,QLIB_OHLCV_FACTOR_BIN_ALL_NAN_DB_PRESENT_LIMIT_BIN_PRESENT,/home/lc999/data/qlib_minute_bin/features/002798.sz/close.1min.bin,1777467454.7803166,2026-04-29T12:57:34.780317+00:00,1777510845.3614106,2026-04-30T01:00:45.361411+00:00
688063.SH,2025-07-11,[24],240,240,45.93,45.93,55.48,False,0,720,240,0,0,240,240,QLIB_OHLCV_FACTOR_BIN_ALL_NAN_DB_PRESENT_LIMIT_BIN_PRESENT,/home/lc999/data/qlib_minute_bin/features/688063.sh/close.1min.bin,1777467574.8380613,2026-04-29T12:59:34.838061+00:00,1777510868.1962142,2026-04-30T01:01:08.196214+00:00
300449.SZ,2025-07-11,[24],240,240,7.88,7.88,9.46,False,0,720,240,0,0,240,240,QLIB_OHLCV_FACTOR_BIN_ALL_NAN_DB_PRESENT_LIMIT_BIN_PRESENT,/home/lc999/data/qlib_minute_bin/features/300449.sz/close.1min.bin,1777467479.804662,2026-04-29T12:57:59.804662+00:00,1777510848.4064224,2026-04-30T01:00:48.406422+00:00
301098.SZ,2025-07-14,[24],240,240,9.43,9.43,11.22,False,0,720,240,0,0,240,240,QLIB_OHLCV_FACTOR_BIN_ALL_NAN_DB_PRESENT_LIMIT_BIN_PRESENT,/home/lc999/data/qlib_minute_bin/features/301098.sz/close.1min.bin,1777467499.4419396,2026-04-29T12:58:19.441940+00:00,1777510851.7514393,2026-04-30T01:00:51.751439+00:00
603803.SH,2025-07-14,"[24, 26]",240,240,8.62,8.62,9.32,False,0,720,240,0,0,240,240,QLIB_OHLCV_FACTOR_BIN_ALL_NAN_DB_PRESENT_LIMIT_BIN_PRESENT,/home/lc999/data/qlib_minute_bin/features/603803.sh/close.1min.bin,1777467564.1568892,2026-04-29T12:59:24.156889+00:00,1777510865.3946579,2026-04-30T01:01:05.394658+00:00
300394.SZ,2025-07-14,"[24, 26]",240,240,84.99,84.99,101.45,False,0,720,240,0,0,240,240,QLIB_OHLCV_FACTOR_BIN_ALL_NAN_DB_PRESENT_LIMIT_BIN_PRESENT,/home/lc999/data/qlib_minute_bin/features/300394.sz/close.1min.bin,1777467476.7080016,2026-04-29T12:57:56.708002+00:00,1777510848.1901574,2026-04-30T01:00:48.190157+00:00
688189.SH,2025-07-14,"[24, 25, 27]",240,240,9.5,9.5,9.65,False,0,720,240,0,0,240,240,QLIB_OHLCV_FACTOR_BIN_ALL_NAN_DB_PRESENT_LIMIT_BIN_PRESENT,/home/lc999/data/qlib_minute_bin/features/688189.sh/close.1min.bin,1777467578.4280937,2026-04-29T12:59:38.428094+00:00,1777510869.082509,2026-04-30T01:01:09.082509+00:00
688063.SH,2025-07-14,[24],240,240,45.32,45.32,55.12,False,0,720,240,0,0,240,240,QLIB_OHLCV_FACTOR_BIN_ALL_NAN_DB_PRESENT_LIMIT_BIN_PRESENT,/home/lc999/data/qlib_minute_bin/features/688063.sh/close.1min.bin,1777467574.8380613,2026-04-29T12:59:34.838061+00:00,1777510868.1962142,2026-04-30T01:01:08.196214+00:00
300449.SZ,2025-07-14,[24],240,240,7.82,7.82,9.46,False,0,720,240,0,0,240,240,QLIB_OHLCV_FACTOR_BIN_ALL_NAN_DB_PRESENT_LIMIT_BIN_PRESENT,/home/lc999/data/qlib_minute_bin/features/300449.sz/close.1min.bin,1777467479.804662,2026-04-29T12:57:59.804662+00:00,1777510848.4064224,2026-04-30T01:00:48.406422+00:00
688022.SH,2025-07-14,"[24, 26]",240,240,15.1,15.1,17.65,False,0,720,240,0,0,240,240,QLIB_OHLCV_FACTOR_BIN_ALL_NAN_DB_PRESENT_LIMIT_BIN_PRESENT,/home/lc999/data/qlib_minute_bin/features/688022.sh/close.1min.bin,1777467574.5498705,2026-04-29T12:59:34.549870+00:00,1777510867.9454577,2026-04-30T01:01:07.945458+00:00
301098.SZ,2025-07-15,[24],240,240,9.3,9.3,11.32,False,0,720,240,0,0,240,240,QLIB_OHLCV_FACTOR_BIN_ALL_NAN_DB_PRESENT_LIMIT_BIN_PRESENT,/home/lc999/data/qlib_minute_bin/features/301098.sz/close.1min.bin,1777467499.4419396,2026-04-29T12:58:19.441940+00:00,1777510851.7514393,2026-04-30T01:00:51.751439+00:00
300394.SZ,2025-07-15,"[24, 26]",240,240,95.16,95.16,101.99,False,0,720,240,0,0,240,240,QLIB_OHLCV_FACTOR_BIN_ALL_NAN_DB_PRESENT_LIMIT_BIN_PRESENT,/home/lc999/data/qlib_minute_bin/features/300394.sz/close.1min.bin,1777467476.7080016,2026-04-29T12:57:56.708002+00:00,1777510848.1901574,2026-04-30T01:00:48.190157+00:00
688189.SH,2025-07-15,"[24, 25, 27]",240,240,10.09,10.09,11.4,False,0,720,240,0,0,240,240,QLIB_OHLCV_FACTOR_BIN_ALL_NAN_DB_PRESENT_LIMIT_BIN_PRESENT,/home/lc999/data/qlib_minute_bin/features/688189.sh/close.1min.bin,1777467578.4280937,2026-04-29T12:59:38.428094+00:00,1777510869.082509,2026-04-30T01:01:09.082509+00:00
688063.SH,2025-07-15,[24],240,240,43.6,43.6,54.38,False,0,720,240,0,0,240,240,QLIB_OHLCV_FACTOR_BIN_ALL_NAN_DB_PRESENT_LIMIT_BIN_PRESENT,/home/lc999/data/qlib_minute_bin/features/688063.sh/close.1min.bin,1777467574.8380613,2026-04-29T12:59:34.838061+00:00,1777510868.1962142,2026-04-30T01:01:08.196214+00:00
301550.SZ,2025-07-15,[24],240,240,92.42,92.42,111.52,False,0,720,240,0,0,240,240,QLIB_OHLCV_FACTOR_BIN_ALL_NAN_DB_PRESENT_LIMIT_BIN_PRESENT,/home/lc999/data/qlib_minute_bin/features/301550.sz/close.1min.bin,1777467510.561001,2026-04-29T12:58:30.561001+00:00,1777510851.0740178,2026-04-30T01:00:51.074018+00:00
600774.SH,2025-07-15,[24],240,240,8.82,8.82,9.81,False,0,720,240,0,0,240,240,QLIB_OHLCV_FACTOR_BIN_ALL_NAN_DB_PRESENT_LIMIT_BIN_PRESENT,/home/lc999/data/qlib_minute_bin/features/600774.sh/close.1min.bin,1777467531.0540879,2026-04-29T12:58:51.054088+00:00,1777510857.0864663,2026-04-30T01:00:57.086466+00:00
301098.SZ,2025-07-16,[24],240,240,9.34,9.34,11.16,False,0,720,240,0,0,240,240,QLIB_OHLCV_FACTOR_BIN_ALL_NAN_DB_PRESENT_LIMIT_BIN_PRESENT,/home/lc999/data/qlib_minute_bin/features/301098.sz/close.1min.bin,1777467499.4419396,2026-04-29T12:58:19.441940+00:00,1777510851.7514393,2026-04-30T01:00:51.751439+00:00
300394.SZ,2025-07-16,"[24, 26]",240,240,90.22,90.22,114.19,False,0,720,240,0,0,240,240,QLIB_OHLCV_FACTOR_BIN_ALL_NAN_DB_PRESENT_LIMIT_BIN_PRESENT,/home/lc999/data/qlib_minute_bin/features/300394.sz/close.1min.bin,1777467476.7080016,2026-04-29T12:57:56.708002+00:00,1777510848.1901574,2026-04-30T01:00:48.190157+00:00
688022.SH,2025-07-16,"[24, 26]",240,240,14.93,14.93,17.84,False,0,720,240,0,0,240,240,QLIB_OHLCV_FACTOR_BIN_ALL_NAN_DB_PRESENT_LIMIT_BIN_PRESENT,/home/lc999/data/qlib_minute_bin/features/688022.sh/close.1min.bin,1777467574.5498705,2026-04-29T12:59:34.549870+00:00,1777510867.9454577,2026-04-30T01:01:07.945458+00:00
600774.SH,2025-07-16,[24],240,240,9.03,9.03,9.7,False,0,720,240,0,0,240,240,QLIB_OHLCV_FACTOR_BIN_ALL_NAN_DB_PRESENT_LIMIT_BIN_PRESENT,/home/lc999/data/qlib_minute_bin/features/600774.sh/close.1min.bin,1777467531.0540879,2026-04-29T12:58:51.054088+00:00,1777510857.0864663,2026-04-30T01:00:57.086466+00:00
002780.SZ,2025-07-08,[25],240,240,13.57,13.57,14.87,False,0,720,240,0,0,240,240,QLIB_OHLCV_FACTOR_BIN_ALL_NAN_DB_PRESENT_LIMIT_BIN_PRESENT,/home/lc999/data/qlib_minute_bin/features/002780.sz/close.1min.bin,1777467454.6363554,2026-04-29T12:57:34.636355+00:00,1777510845.3095071,2026-04-30T01:00:45.309507+00:00
003011.SZ,2025-07-08,[25],240,240,18.93,18.93,20.68,False,0,720,240,0,0,240,240,QLIB_OHLCV_FACTOR_BIN_ALL_NAN_DB_PRESENT_LIMIT_BIN_PRESENT,/home/lc999/data/qlib_minute_bin/features/003011.sz/close.1min.bin,1777467462.5169544,2026-04-29T12:57:42.516954+00:00,1777510846.0015552,2026-04-30T01:00:46.001555+00:00
688021.SH,2025-07-08,"[25, 27]",240,240,15.36,15.36,18.2,False,0,720,240,0,0,240,240,QLIB_OHLCV_FACTOR_BIN_ALL_NAN_DB_PRESENT_LIMIT_BIN_PRESENT,/home/lc999/data/qlib_minute_bin/features/688021.sh/close.1min.bin,1777467574.5416365,2026-04-29T12:59:34.541636+00:00,1777510867.9411342,2026-04-30T01:01:07.941134+00:00
300912.SZ,2025-07-08,"[25, 27]",240,240,15.21,15.21,18.19,False,0,720,240,0,0,240,240,QLIB_OHLCV_FACTOR_BIN_ALL_NAN_DB_PRESENT_LIMIT_BIN_PRESENT,/home/lc999/data/qlib_minute_bin/features/300912.sz/close.1min.bin,1777467493.542471,2026-04-29T12:58:13.542471+00:00,1777510850.5446703,2026-04-30T01:00:50.544670+00:00
002887.SZ,2025-07-08,"[25, 26, 27]",240,240,8.29,8.29,9.14,False,0,720,240,0,0,240,240,QLIB_OHLCV_FACTOR_BIN_ALL_NAN_DB_PRESENT_LIMIT_BIN_PRESENT,/home/lc999/data/qlib_minute_bin/features/002887.sz/close.1min.bin,1777467458.6919456,2026-04-29T12:57:38.691946+00:00,1777510845.6209288,2026-04-30T01:00:45.620929+00:00
300518.SZ,2025-07-08,"[25, 27]",240,240,14.06,14.06,15.96,False,0,720,240,0,0,240,240,QLIB_OHLCV_FACTOR_BIN_ALL_NAN_DB_PRESENT_LIMIT_BIN_PRESENT,/home/lc999/data/qlib_minute_bin/features/300518.sz/close.1min.bin,1777467480.203599,2026-04-29T12:58:00.203599+00:00,1777510848.674591,2026-04-30T01:00:48.674591+00:00
301257.SZ,2025-07-08,[25],240,240,33.0,33.0,37.68,False,0,720,240,0,0,240,240,QLIB_OHLCV_FACTOR_BIN_ALL_NAN_DB_PRESENT_LIMIT_BIN_PRESENT,/home/lc999/data/qlib_minute_bin/features/301257.sz/close.1min.bin,1777467503.2661612,2026-04-29T12:58:23.266161+00:00,1777510852.2435615,2026-04-30T01:00:52.243562+00:00
688669.SH,2025-07-08,[25],240,240,19.28,19.28,22.96,False,0,720,240,0,0,240,240,QLIB_OHLCV_FACTOR_BIN_ALL_NAN_DB_PRESENT_LIMIT_BIN_PRESENT,/home/lc999/data/qlib_minute_bin/features/688669.sh/close.1min.bin,1777467592.6101468,2026-04-29T12:59:52.610147+00:00,1777510872.4158423,2026-04-30T01:01:12.415842+00:00
603159.SH,2025-07-08,[25],240,240,16.55,16.55,18.07,False,0,720,240,0,0,240,240,QLIB_OHLCV_FACTOR_BIN_ALL_NAN_DB_PRESENT_LIMIT_BIN_PRESENT,/home/lc999/data/qlib_minute_bin/features/603159.sh/close.1min.bin,1777467552.424681,2026-04-29T12:59:12.424681+00:00,1777510863.5603526,2026-04-30T01:01:03.560353+00:00
002114.SZ,2025-07-08,[25],240,240,7.28,7.28,7.69,False,0,720,240,0,0,240,240,QLIB_OHLCV_FACTOR_BIN_ALL_NAN_DB_PRESENT_LIMIT_BIN_PRESENT,/home/lc999/data/qlib_minute_bin/features/002114.sz/close.1min.bin,1777467432.5614774,2026-04-29T12:57:12.561477+00:00,1777510842.3250494,2026-04-30T01:00:42.325049+00:00
688004.SH,2025-07-08,[25],240,240,19.2,19.2,23.02,False,0,720,240,0,0,240,240,QLIB_OHLCV_FACTOR_BIN_ALL_NAN_DB_PRESENT_LIMIT_BIN_PRESENT,/home/lc999/data/qlib_minute_bin/features/688004.sh/close.1min.bin,1777467574.4222434,2026-04-29T12:59:34.422243+00:00,1777510867.8244028,2026-04-30T01:01:07.824403+00:00
688671.SH,2025-07-08,"[25, 27]",240,240,21.0,21.0,25.14,False,0,720,240,0,0,240,240,QLIB_OHLCV_FACTOR_BIN_ALL_NAN_DB_PRESENT_LIMIT_BIN_PRESENT,/home/lc999/data/qlib_minute_bin/features/688671.sh/close.1min.bin,1777467592.6307106,2026-04-29T12:59:52.630711+00:00,1777510872.4331357,2026-04-30T01:01:12.433136+00:00
688733.SH,2025-07-08,[25],240,240,19.16,19.16,22.6,False,0,720,240,0,0,240,240,QLIB_OHLCV_FACTOR_BIN_ALL_NAN_DB_PRESENT_LIMIT_BIN_PRESENT,/home/lc999/data/qlib_minute_bin/features/688733.sh/close.1min.bin,1777467593.0090873,2026-04-29T12:59:53.009087+00:00,1777510872.6925392,2026-04-30T01:01:12.692539+00:00
600962.SH,2025-07-08,"[25, 27]",240,240,16.25,16.25,16.25,False,0,720,240,0,0,240,240,QLIB_OHLCV_FACTOR_BIN_ALL_NAN_DB_PRESENT_LIMIT_BIN_PRESENT,/home/lc999/data/qlib_minute_bin/features/600962.sh/close.1min.bin,1777467537.445117,2026-04-29T12:58:57.445117+00:00,1777510859.0892391,2026-04-30T01:00:59.089239+00:00
300437.SZ,2025-07-08,"[25, 27]",240,240,9.47,9.47,11.14,False,0,720,240,0,0,240,240,QLIB_OHLCV_FACTOR_BIN_ALL_NAN_DB_PRESENT_LIMIT_BIN_PRESENT,/home/lc999/data/qlib_minute_bin/features/300437.sz/close.1min.bin,1777467479.701843,2026-04-29T12:57:59.701843+00:00,1777510848.3501935,2026-04-30T01:00:48.350194+00:00
002780.SZ,2025-07-09,[25],240,240,13.48,13.48,14.93,False,0,720,240,0,0,240,240,QLIB_OHLCV_FACTOR_BIN_ALL_NAN_DB_PRESENT_LIMIT_BIN_PRESENT,/home/lc999/data/qlib_minute_bin/features/002780.sz/close.1min.bin,1777467454.6363554,2026-04-29T12:57:34.636355+00:00,1777510845.3095071,2026-04-30T01:00:45.309507+00:00
003011.SZ,2025-07-09,[25],240,240,19.03,19.03,20.82,False,0,720,240,0,0,240,240,QLIB_OHLCV_FACTOR_BIN_ALL_NAN_DB_PRESENT_LIMIT_BIN_PRESENT,/home/lc999/data/qlib_minute_bin/features/003011.sz/close.1min.bin,1777467462.5169544,2026-04-29T12:57:42.516954+00:00,1777510846.0015552,2026-04-30T01:00:46.001555+00:00
002887.SZ,2025-07-09,"[25, 26, 27]",240,240,8.28,8.28,9.12,False,0,720,240,0,0,240,240,QLIB_OHLCV_FACTOR_BIN_ALL_NAN_DB_PRESENT_LIMIT_BIN_PRESENT,/home/lc999/data/qlib_minute_bin/features/002887.sz/close.1min.bin,1777467458.6919456,2026-04-29T12:57:38.691946+00:00,1777510845.6209288,2026-04-30T01:00:45.620929+00:00
300518.SZ,2025-07-09,"[25, 27]",240,240,13.85,13.85,16.87,False,0,720,240,0,0,240,240,QLIB_OHLCV_FACTOR_BIN_ALL_NAN_DB_PRESENT_LIMIT_BIN_PRESENT,/home/lc999/data/qlib_minute_bin/features/300518.sz/close.1min.bin,1777467480.203599,2026-04-29T12:58:00.203599+00:00,1777510848.674591,2026-04-30T01:00:48.674591+00:00
301257.SZ,2025-07-09,[25],240,240,38.79,38.79,39.6,False,0,720,240,0,0,240,240,QLIB_OHLCV_FACTOR_BIN_ALL_NAN_DB_PRESENT_LIMIT_BIN_PRESENT,/home/lc999/data/qlib_minute_bin/features/301257.sz/close.1min.bin,1777467503.2661612,2026-04-29T12:58:23.266161+00:00,1777510852.2435615,2026-04-30T01:00:52.243562+00:00
688669.SH,2025-07-09,[25],240,240,18.87,18.87,23.14,False,0,720,240,0,0,240,240,QLIB_OHLCV_FACTOR_BIN_ALL_NAN_DB_PRESENT_LIMIT_BIN_PRESENT,/home/lc999/data/qlib_minute_bin/features/688669.sh/close.1min.bin,1777467592.6101468,2026-04-29T12:59:52.610147+00:00,1777510872.4158423,2026-04-30T01:01:12.415842+00:00
603159.SH,2025-07-09,[25],240,240,16.92,16.92,18.21,False,0,720,240,0,0,240,240,QLIB_OHLCV_FACTOR_BIN_ALL_NAN_DB_PRESENT_LIMIT_BIN_PRESENT,/home/lc999/data/qlib_minute_bin/features/603159.sh/close.1min.bin,1777467552.424681,2026-04-29T12:59:12.424681+00:00,1777510863.5603526,2026-04-30T01:01:03.560353+00:00
002114.SZ,2025-07-09,[25],240,240,7.08,7.08,8.01,False,0,720,240,0,0,240,240,QLIB_OHLCV_FACTOR_BIN_ALL_NAN_DB_PRESENT_LIMIT_BIN_PRESENT,/home/lc999/data/qlib_minute_bin/features/002114.sz/close.1min.bin,1777467432.5614774,2026-04-29T12:57:12.561477+00:00,1777510842.3250494,2026-04-30T01:00:42.325049+00:00
688004.SH,2025-07-09,[25],240,240,19.16,19.16,23.04,False,0,720,240,0,0,240,240,QLIB_OHLCV_FACTOR_BIN_ALL_NAN_DB_PRESENT_LIMIT_BIN_PRESENT,/home/lc999/data/qlib_minute_bin/features/688004.sh/close.1min.bin,1777467574.4222434,2026-04-29T12:59:34.422243+00:00,1777510867.8244028,2026-04-30T01:01:07.824403+00:00
688733.SH,2025-07-09,[25],240,240,18.84,18.84,22.99,False,0,720,240,0,0,240,240,QLIB_OHLCV_FACTOR_BIN_ALL_NAN_DB_PRESENT_LIMIT_BIN_PRESENT,/home/lc999/data/qlib_minute_bin/features/688733.sh/close.1min.bin,1777467593.0090873,2026-04-29T12:59:53.009087+00:00,1777510872.6925392,2026-04-30T01:01:12.692539+00:00
600962.SH,2025-07-09,"[25, 27]",240,240,17.88,17.88,17.88,False,0,720,240,0,0,240,240,QLIB_OHLCV_FACTOR_BIN_ALL_NAN_DB_PRESENT_LIMIT_BIN_PRESENT,/home/lc999/data/qlib_minute_bin/features/600962.sh/close.1min.bin,1777467537.445117,2026-04-29T12:58:57.445117+00:00,1777510859.0892391,2026-04-30T01:00:59.089239+00:00
300437.SZ,2025-07-09,"[25, 27]",240,240,9.21,9.21,11.36,False,0,720,240,0,0,240,240,QLIB_OHLCV_FACTOR_BIN_ALL_NAN_DB_PRESENT_LIMIT_BIN_PRESENT,/home/lc999/data/qlib_minute_bin/features/300437.sz/close.1min.bin,1777467479.701843,2026-04-29T12:57:59.701843+00:00,1777510848.3501935,2026-04-30T01:00:48.350194+00:00
300658.SZ,2025-07-09,[25],240,240,6.71,6.71,8.14,False,0,720,240,0,0,240,240,QLIB_OHLCV_FACTOR_BIN_ALL_NAN_DB_PRESENT_LIMIT_BIN_PRESENT,/home/lc999/data/qlib_minute_bin/features/300658.sz/close.1min.bin,1777467486.502576,2026-04-29T12:58:06.502576+00:00,1777510849.7872303,2026-04-30T01:00:49.787230+00:00
003011.SZ,2025-07-10,[25],240,240,19.26,19.26,20.93,False,0,720,240,0,0,240,240,QLIB_OHLCV_FACTOR_BIN_ALL_NAN_DB_PRESENT_LIMIT_BIN_PRESENT,/home/lc999/data/qlib_minute_bin/features/003011.sz/close.1min.bin,1777467462.5169544,2026-04-29T12:57:42.516954+00:00,1777510846.0015552,2026-04-30T01:00:46.001555+00:00
301257.SZ,2025-07-10,[25],240,240,36.51,36.51,46.55,False,0,720,240,0,0,240,240,QLIB_OHLCV_FACTOR_BIN_ALL_NAN_DB_PRESENT_LIMIT_BIN_PRESENT,/home/lc999/data/qlib_minute_bin/features/301257.sz/close.1min.bin,1777467503.2661612,2026-04-29T12:58:23.266161+00:00,1777510852.2435615,2026-04-30T01:00:52.243562+00:00
603159.SH,2025-07-10,[25],240,240,16.84,16.84,18.61,False,0,720,240,0,0,240,240,QLIB_OHLCV_FACTOR_BIN_ALL_NAN_DB_PRESENT_LIMIT_BIN_PRESENT,/home/lc999/data/qlib_minute_bin/features/603159.sh/close.1min.bin,1777467552.424681,2026-04-29T12:59:12.424681+00:00,1777510863.5603526,2026-04-30T01:01:03.560353+00:00
002114.SZ,2025-07-10,[25],240,240,7.1,7.1,7.79,False,0,720,240,0,0,240,240,QLIB_OHLCV_FACTOR_BIN_ALL_NAN_DB_PRESENT_LIMIT_BIN_PRESENT,/home/lc999/data/qlib_minute_bin/features/002114.sz/close.1min.bin,1777467432.5614774,2026-04-29T12:57:12.561477+00:00,1777510842.3250494,2026-04-30T01:00:42.325049+00:00
688004.SH,2025-07-10,[25],240,240,19.2,19.2,22.99,False,0,720,240,0,0,240,240,QLIB_OHLCV_FACTOR_BIN_ALL_NAN_DB_PRESENT_LIMIT_BIN_PRESENT,/home/lc999/data/qlib_minute_bin/features/688004.sh/close.1min.bin,1777467574.4222434,2026-04-29T12:59:34.422243+00:00,1777510867.8244028,2026-04-30T01:01:07.824403+00:00
688733.SH,2025-07-10,[25],240,240,18.61,18.61,22.61,False,0,720,240,0,0,240,240,QLIB_OHLCV_FACTOR_BIN_ALL_NAN_DB_PRESENT_LIMIT_BIN_PRESENT,/home/lc999/data/qlib_minute_bin/features/688733.sh/close.1min.bin,1777467593.0090873,2026-04-29T12:59:53.009087+00:00,1777510872.6925392,2026-04-30T01:01:12.692539+00:00
300437.SZ,2025-07-10,"[25, 27]",240,240,9.24,9.24,11.05,False,0,720,240,0,0,240,240,QLIB_OHLCV_FACTOR_BIN_ALL_NAN_DB_PRESENT_LIMIT_BIN_PRESENT,/home/lc999/data/qlib_minute_bin/features/300437.sz/close.1min.bin,1777467479.701843,2026-04-29T12:57:59.701843+00:00,1777510848.3501935,2026-04-30T01:00:48.350194+00:00
301257.SZ,2025-07-11,[25],240,240,36.62,36.62,43.81,False,0,720,240,0,0,240,240,QLIB_OHLCV_FACTOR_BIN_ALL_NAN_DB_PRESENT_LIMIT_BIN_PRESENT,/home/lc999/data/qlib_minute_bin/features/301257.sz/close.1min.bin,1777467503.2661612,2026-04-29T12:58:23.266161+00:00,1777510852.2435615,2026-04-30T01:00:52.243562+00:00
603159.SH,2025-07-11,[25],240,240,16.76,16.76,18.52,False,0,720,240,0,0,240,240,QLIB_OHLCV_FACTOR_BIN_ALL_NAN_DB_PRESENT_LIMIT_BIN_PRESENT,/home/lc999/data/qlib_minute_bin/features/603159.sh/close.1min.bin,1777467552.424681,2026-04-29T12:59:12.424681+00:00,1777510863.5603526,2026-04-30T01:01:03.560353+00:00
688004.SH,2025-07-11,[25],240,240,19.28,19.28,23.04,False,0,720,240,0,0,240,240,QLIB_OHLCV_FACTOR_BIN_ALL_NAN_DB_PRESENT_LIMIT_BIN_PRESENT,/home/lc999/data/qlib_minute_bin/features/688004.sh/close.1min.bin,1777467574.4222434,2026-04-29T12:59:34.422243+00:00,1777510867.8244028,2026-04-30T01:01:07.824403+00:00
688733.SH,2025-07-11,[25],240,240,18.63,18.63,22.33,False,0,720,240,0,0,240,240,QLIB_OHLCV_FACTOR_BIN_ALL_NAN_DB_PRESENT_LIMIT_BIN_PRESENT,/home/lc999/data/qlib_minute_bin/features/688733.sh/close.1min.bin,1777467593.0090873,2026-04-29T12:59:53.009087+00:00,1777510872.6925392,2026-04-30T01:01:12.692539+00:00
688388.SH,2025-07-11,[25],240,240,21.1,21.1,25.51,False,0,720,240,0,0,240,240,QLIB_OHLCV_FACTOR_BIN_ALL_NAN_DB_PRESENT_LIMIT_BIN_PRESENT,/home/lc999/data/qlib_minute_bin/features/688388.sh/close.1min.bin,1777467585.9460797,2026-04-29T12:59:45.946080+00:00,1777510870.3665557,2026-04-30T01:01:10.366556+00:00
301257.SZ,2025-07-14,[25],240,240,36.9,36.9,43.94,False,0,720,240,0,0,240,240,QLIB_OHLCV_FACTOR_BIN_ALL_NAN_DB_PRESENT_LIMIT_BIN_PRESENT,/home/lc999/data/qlib_minute_bin/features/301257.sz/close.1min.bin,1777467503.2661612,2026-04-29T12:58:23.266161+00:00,1777510852.2435615,2026-04-30T01:00:52.243562+00:00
688733.SH,2025-07-14,[25],240,240,18.7,18.7,22.36,False,0,720,240,0,0,240,240,QLIB_OHLCV_FACTOR_BIN_ALL_NAN_DB_PRESENT_LIMIT_BIN_PRESENT,/home/lc999/data/qlib_minute_bin/features/688733.sh/close.1min.bin,1777467593.0090873,2026-04-29T12:59:53.009087+00:00,1777510872.6925392,2026-04-30T01:01:12.692539+00:00
301257.SZ,2025-07-15,[25],240,240,36.0,36.0,44.28,False,0,720,240,0,0,240,240,QLIB_OHLCV_FACTOR_BIN_ALL_NAN_DB_PRESENT_LIMIT_BIN_PRESENT,/home/lc999/data/qlib_minute_bin/features/301257.sz/close.1min.bin,1777467503.2661612,2026-04-29T12:58:23.266161+00:00,1777510852.2435615,2026-04-30T01:00:52.243562+00:00
688733.SH,2025-07-15,[25],240,240,18.76,18.76,22.44,False,0,720,240,0,0,240,240,QLIB_OHLCV_FACTOR_BIN_ALL_NAN_DB_PRESENT_LIMIT_BIN_PRESENT,/home/lc999/data/qlib_minute_bin/features/688733.sh/close.1min.bin,1777467593.0090873,2026-04-29T12:59:53.009087+00:00,1777510872.6925392,2026-04-30T01:01:12.692539+00:00
301257.SZ,2025-07-16,[25],240,240,36.2,36.2,43.2,False,0,720,240,0,0,240,240,QLIB_OHLCV_FACTOR_BIN_ALL_NAN_DB_PRESENT_LIMIT_BIN_PRESENT,/home/lc999/data/qlib_minute_bin/features/301257.sz/close.1min.bin,1777467503.2661612,2026-04-29T12:58:23.266161+00:00,1777510852.2435615,2026-04-30T01:00:52.243562+00:00
688022.SH,2025-07-08,[26],240,240,14.43,14.43,17.02,False,0,720,240,0,0,240,240,QLIB_OHLCV_FACTOR_BIN_ALL_NAN_DB_PRESENT_LIMIT_BIN_PRESENT,/home/lc999/data/qlib_minute_bin/features/688022.sh/close.1min.bin,1777467574.5498705,2026-04-29T12:59:34.549870+00:00,1777510867.9454577,2026-04-30T01:01:07.945458+00:00
002685.SZ,2025-07-08,[26],240,240,7.53,7.53,8.24,False,0,720,240,0,0,240,240,QLIB_OHLCV_FACTOR_BIN_ALL_NAN_DB_PRESENT_LIMIT_BIN_PRESENT,/home/lc999/data/qlib_minute_bin/features/002685.sz/close.1min.bin,1777467450.996686,2026-04-29T12:57:30.996686+00:00,1777510845.037013,2026-04-30T01:00:45.037013+00:00
688298.SH,2025-07-08,[26],240,240,27.81,27.81,32.21,False,0,720,240,0,0,240,240,QLIB_OHLCV_FACTOR_BIN_ALL_NAN_DB_PRESENT_LIMIT_BIN_PRESENT,/home/lc999/data/qlib_minute_bin/features/688298.sh/close.1min.bin,1777467582.2815738,2026-04-29T12:59:42.281574+00:00,1777510869.769928,2026-04-30T01:01:09.769928+00:00
300639.SZ,2025-07-08,[26],240,240,6.0,6.0,7.15,False,0,720,240,0,0,240,240,QLIB_OHLCV_FACTOR_BIN_ALL_NAN_DB_PRESENT_LIMIT_BIN_PRESENT,/home/lc999/data/qlib_minute_bin/features/300639.sz/close.1min.bin,1777467486.4036546,2026-04-29T12:58:06.403655+00:00,1777510849.7273197,2026-04-30T01:00:49.727320+00:00
603818.SH,2025-07-08,[26],240,240,4.88,4.88,5.53,False,0,720,240,0,0,240,240,QLIB_OHLCV_FACTOR_BIN_ALL_NAN_DB_PRESENT_LIMIT_BIN_PRESENT,/home/lc999/data/qlib_minute_bin/features/603818.sh/close.1min.bin,1777467564.2679322,2026-04-29T12:59:24.267932+00:00,1777510865.4724789,2026-04-30T01:01:05.472479+00:00
000826.SZ,2025-07-08,[26],240,240,2.03,2.03,2.21,False,0,720,240,0,0,240,240,QLIB_OHLCV_FACTOR_BIN_ALL_NAN_DB_PRESENT_LIMIT_BIN_PRESENT,/home/lc999/data/qlib_minute_bin/features/000826.sz/close.1min.bin,1777467421.689413,2026-04-29T12:57:01.689413+00:00,1777510840.4418745,2026-04-30T01:00:40.441875+00:00
603839.SH,2025-07-08,[26],240,240,7.11,7.11,7.85,False,0,720,240,0,0,240,240,QLIB_OHLCV_FACTOR_BIN_ALL_NAN_DB_PRESENT_LIMIT_BIN_PRESENT,/home/lc999/data/qlib_minute_bin/features/603839.sh/close.1min.bin,1777467567.066025,2026-04-29T12:59:27.066025+00:00,1777510865.5589466,2026-04-30T01:01:05.558947+00:00
688293.SH,2025-07-08,[26],240,240,44.8,44.8,51.26,False,0,720,240,0,0,240,240,QLIB_OHLCV_FACTOR_BIN_ALL_NAN_DB_PRESENT_LIMIT_BIN_PRESENT,/home/lc999/data/qlib_minute_bin/features/688293.sh/close.1min.bin,1777467582.2404459,2026-04-29T12:59:42.240446+00:00,1777510869.7396643,2026-04-30T01:01:09.739664+00:00
603222.SH,2025-07-08,[26],240,240,6.68,6.68,7.34,False,0,720,240,0,0,240,240,QLIB_OHLCV_FACTOR_BIN_ALL_NAN_DB_PRESENT_LIMIT_BIN_PRESENT,/home/lc999/data/qlib_minute_bin/features/603222.sh/close.1min.bin,1777467553.0209794,2026-04-29T12:59:13.020979+00:00,1777510864.0891478,2026-04-30T01:01:04.089148+00:00
300476.SZ,2025-07-08,[26],240,240,157.2,157.2,173.08,False,0,720,240,0,0,240,240,QLIB_OHLCV_FACTOR_BIN_ALL_NAN_DB_PRESENT_LIMIT_BIN_PRESENT,/home/lc999/data/qlib_minute_bin/features/300476.sz/close.1min.bin,1777467479.985623,2026-04-29T12:57:59.985623+00:00,1777510848.5102296,2026-04-30T01:00:48.510230+00:00
688196.SH,2025-07-08,[26],240,240,47.75,47.75,57.6,False,0,720,240,0,0,240,240,QLIB_OHLCV_FACTOR_BIN_ALL_NAN_DB_PRESENT_LIMIT_BIN_PRESENT,/home/lc999/data/qlib_minute_bin/features/688196.sh/close.1min.bin,1777467578.4733808,2026-04-29T12:59:38.473381+00:00,1777510869.125743,2026-04-30T01:01:09.125743+00:00
002921.SZ,2025-07-08,[26],240,240,14.8,14.8,16.24,False,0,720,240,0,0,240,240,QLIB_OHLCV_FACTOR_BIN_ALL_NAN_DB_PRESENT_LIMIT_BIN_PRESENT,/home/lc999/data/qlib_minute_bin/features/002921.sz/close.1min.bin,1777467459.033339,2026-04-29T12:57:39.033339+00:00,1777510845.7333865,2026-04-30T01:00:45.733387+00:00
002015.SZ,2025-07-08,[26],240,240,14.1,14.1,15.83,False,0,720,240,0,0,240,240,QLIB_OHLCV_FACTOR_BIN_ALL_NAN_DB_PRESENT_LIMIT_BIN_PRESENT,/home/lc999/data/qlib_minute_bin/features/002015.sz/close.1min.bin,1777467429.0562897,2026-04-29T12:57:09.056290+00:00,1777510841.9833508,2026-04-30T01:00:41.983351+00:00
603373.SH,2025-07-08,[26],240,240,42.46,42.46,46.72,False,0,720,240,0,0,240,240,QLIB_OHLCV_FACTOR_BIN_ALL_NAN_DB_PRESENT_LIMIT_BIN_PRESENT,/home/lc999/data/qlib_minute_bin/features/603373.sh/close.1min.bin,1777467557.0593581,2026-04-29T12:59:17.059358+00:00,1777510864.940379,2026-04-30T01:01:04.940379+00:00
603139.SH,2025-07-08,[26],240,240,23.11,23.11,25.45,False,0,720,240,0,0,240,240,QLIB_OHLCV_FACTOR_BIN_ALL_NAN_DB_PRESENT_LIMIT_BIN_PRESENT,/home/lc999/data/qlib_minute_bin/features/603139.sh/close.1min.bin,1777467552.3629951,2026-04-29T12:59:12.362995+00:00,1777510863.5044637,2026-04-30T01:01:03.504464+00:00
300404.SZ,2025-07-08,[26],240,240,9.69,9.69,11.56,False,0,720,240,0,0,240,240,QLIB_OHLCV_FACTOR_BIN_ALL_NAN_DB_PRESENT_LIMIT_BIN_PRESENT,/home/lc999/data/qlib_minute_bin/features/300404.sz/close.1min.bin,1777467476.8066676,2026-04-29T12:57:56.806668+00:00,1777510848.2247598,2026-04-30T01:00:48.224760+00:00
688022.SH,2025-07-09,[26],240,240,14.11,14.11,17.32,False,0,720,240,0,0,240,240,QLIB_OHLCV_FACTOR_BIN_ALL_NAN_DB_PRESENT_LIMIT_BIN_PRESENT,/home/lc999/data/qlib_minute_bin/features/688022.sh/close.1min.bin,1777467574.5498705,2026-04-29T12:59:34.549870+00:00,1777510867.9454577,2026-04-30T01:01:07.945458+00:00
002685.SZ,2025-07-09,[26],240,240,7.35,7.35,8.28,False,0,720,240,0,0,240,240,QLIB_OHLCV_FACTOR_BIN_ALL_NAN_DB_PRESENT_LIMIT_BIN_PRESENT,/home/lc999/data/qlib_minute_bin/features/002685.sz/close.1min.bin,1777467450.996686,2026-04-29T12:57:30.996686+00:00,1777510845.037013,2026-04-30T01:00:45.037013+00:00
688298.SH,2025-07-09,[26],240,240,27.77,27.77,33.37,False,0,720,240,0,0,240,240,QLIB_OHLCV_FACTOR_BIN_ALL_NAN_DB_PRESENT_LIMIT_BIN_PRESENT,/home/lc999/data/qlib_minute_bin/features/688298.sh/close.1min.bin,1777467582.2815738,2026-04-29T12:59:42.281574+00:00,1777510869.769928,2026-04-30T01:01:09.769928+00:00
300639.SZ,2025-07-09,[26],240,240,6.0,6.0,7.2,False,0,720,240,0,0,240,240,QLIB_OHLCV_FACTOR_BIN_ALL_NAN_DB_PRESENT_LIMIT_BIN_PRESENT,/home/lc999/data/qlib_minute_bin/features/300639.sz/close.1min.bin,1777467486.4036546,2026-04-29T12:58:06.403655+00:00,1777510849.7273197,2026-04-30T01:00:49.727320+00:00
300476.SZ,2025-07-09,[26],240,240,152.7,152.7,188.64,False,0,720,240,0,0,240,240,QLIB_OHLCV_FACTOR_BIN_ALL_NAN_DB_PRESENT_LIMIT_BIN_PRESENT,/home/lc999/data/qlib_minute_bin/features/300476.sz/close.1min.bin,1777467479.985623,2026-04-29T12:57:59.985623+00:00,1777510848.5102296,2026-04-30T01:00:48.510230+00:00
603818.SH,2025-07-09,[26],240,240,4.85,4.85,5.37,False,0,720,240,0,0,240,240,QLIB_OHLCV_FACTOR_BIN_ALL_NAN_DB_PRESENT_LIMIT_BIN_PRESENT,/home/lc999/data/qlib_minute_bin/features/603818.sh/close.1min.bin,1777467564.2679322,2026-04-29T12:59:24.267932+00:00,1777510865.4724789,2026-04-30T01:01:05.472479+00:00
002015.SZ,2025-07-09,[26],240,240,13.53,13.53,15.51,False,0,720,240,0,0,240,240,QLIB_OHLCV_FACTOR_BIN_ALL_NAN_DB_PRESENT_LIMIT_BIN_PRESENT,/home/lc999/data/qlib_minute_bin/features/002015.sz/close.1min.bin,1777467429.0562897,2026-04-29T12:57:09.056290+00:00,1777510841.9833508,2026-04-30T01:00:41.983351+00:00
002921.SZ,2025-07-09,[26],240,240,15.01,15.01,16.28,False,0,720,240,0,0,240,240,QLIB_OHLCV_FACTOR_BIN_ALL_NAN_DB_PRESENT_LIMIT_BIN_PRESENT,/home/lc999/data/qlib_minute_bin/features/002921.sz/close.1min.bin,1777467459.033339,2026-04-29T12:57:39.033339+00:00,1777510845.7333865,2026-04-30T01:00:45.733387+00:00
603373.SH,2025-07-09,[26],240,240,43.54,43.54,46.71,False,0,720,240,0,0,240,240,QLIB_OHLCV_FACTOR_BIN_ALL_NAN_DB_PRESENT_LIMIT_BIN_PRESENT,/home/lc999/data/qlib_minute_bin/features/603373.sh/close.1min.bin,1777467557.0593581,2026-04-29T12:59:17.059358+00:00,1777510864.940379,2026-04-30T01:01:04.940379+00:00
603839.SH,2025-07-09,[26],240,240,7.12,7.12,7.82,False,0,720,240,0,0,240,240,QLIB_OHLCV_FACTOR_BIN_ALL_NAN_DB_PRESENT_LIMIT_BIN_PRESENT,/home/lc999/data/qlib_minute_bin/features/603839.sh/close.1min.bin,1777467567.066025,2026-04-29T12:59:27.066025+00:00,1777510865.5589466,2026-04-30T01:01:05.558947+00:00
688293.SH,2025-07-09,[26],240,240,46.87,46.87,53.76,False,0,720,240,0,0,240,240,QLIB_OHLCV_FACTOR_BIN_ALL_NAN_DB_PRESENT_LIMIT_BIN_PRESENT,/home/lc999/data/qlib_minute_bin/features/688293.sh/close.1min.bin,1777467582.2404459,2026-04-29T12:59:42.240446+00:00,1777510869.7396643,2026-04-30T01:01:09.739664+00:00
300404.SZ,2025-07-09,[26],240,240,9.64,9.64,11.63,False,0,720,240,0,0,240,240,QLIB_OHLCV_FACTOR_BIN_ALL_NAN_DB_PRESENT_LIMIT_BIN_PRESENT,/home/lc999/data/qlib_minute_bin/features/300404.sz/close.1min.bin,1777467476.8066676,2026-04-29T12:57:56.806668+00:00,1777510848.2247598,2026-04-30T01:00:48.224760+00:00
603139.SH,2025-07-09,[26],240,240,22.9,22.9,25.42,False,0,720,240,0,0,240,240,QLIB_OHLCV_FACTOR_BIN_ALL_NAN_DB_PRESENT_LIMIT_BIN_PRESENT,/home/lc999/data/qlib_minute_bin/features/603139.sh/close.1min.bin,1777467552.3629951,2026-04-29T12:59:12.362995+00:00,1777510863.5044637,2026-04-30T01:01:03.504464+00:00
603045.SH,2025-07-09,[26],240,240,19.18,19.18,21.47,False,0,720,240,0,0,240,240,QLIB_OHLCV_FACTOR_BIN_ALL_NAN_DB_PRESENT_LIMIT_BIN_PRESENT,/home/lc999/data/qlib_minute_bin/features/603045.sh/close.1min.bin,1777467548.4928906,2026-04-29T12:59:08.492891+00:00,1777510861.8922834,2026-04-30T01:01:01.892283+00:00
688700.SH,2025-07-09,[26],240,240,38.12,38.12,49.79,False,0,720,240,0,0,240,240,QLIB_OHLCV_FACTOR_BIN_ALL_NAN_DB_PRESENT_LIMIT_BIN_PRESENT,/home/lc999/data/qlib_minute_bin/features/688700.sh/close.1min.bin,1777467592.8240118,2026-04-29T12:59:52.824012+00:00,1777510872.5758078,2026-04-30T01:01:12.575808+00:00
603200.SH,2025-07-09,[26],240,240,47.94,47.94,54.82,False,0,720,240,0,0,240,240,QLIB_OHLCV_FACTOR_BIN_ALL_NAN_DB_PRESENT_LIMIT_BIN_PRESENT,/home/lc999/data/qlib_minute_bin/features/603200.sh/close.1min.bin,1777467552.8153594,2026-04-29T12:59:12.815359+00:00,1777510863.9042845,2026-04-30T01:01:03.904284+00:00
688022.SH,2025-07-10,[26],240,240,14.09,14.09,16.93,False,0,720,240,0,0,240,240,QLIB_OHLCV_FACTOR_BIN_ALL_NAN_DB_PRESENT_LIMIT_BIN_PRESENT,/home/lc999/data/qlib_minute_bin/features/688022.sh/close.1min.bin,1777467574.5498705,2026-04-29T12:59:34.549870+00:00,1777510867.9454577,2026-04-30T01:01:07.945458+00:00
002685.SZ,2025-07-10,[26],240,240,7.39,7.39,8.09,False,0,720,240,0,0,240,240,QLIB_OHLCV_FACTOR_BIN_ALL_NAN_DB_PRESENT_LIMIT_BIN_PRESENT,/home/lc999/data/qlib_minute_bin/features/002685.sz/close.1min.bin,1777467450.996686,2026-04-29T12:57:30.996686+00:00,1777510845.037013,2026-04-30T01:00:45.037013+00:00
688298.SH,2025-07-10,[26],240,240,27.72,27.72,33.32,False,0,720,240,0,0,240,240,QLIB_OHLCV_FACTOR_BIN_ALL_NAN_DB_PRESENT_LIMIT_BIN_PRESENT,/home/lc999/data/qlib_minute_bin/features/688298.sh/close.1min.bin,1777467582.2815738,2026-04-29T12:59:42.281574+00:00,1777510869.769928,2026-04-30T01:01:09.769928+00:00
603818.SH,2025-07-10,"[26, 27]",240,240,4.93,4.93,5.34,False,0,720,240,0,0,240,240,QLIB_OHLCV_FACTOR_BIN_ALL_NAN_DB_PRESENT_LIMIT_BIN_PRESENT,/home/lc999/data/qlib_minute_bin/features/603818.sh/close.1min.bin,1777467564.2679322,2026-04-29T12:59:24.267932+00:00,1777510865.4724789,2026-04-30T01:01:05.472479+00:00
002015.SZ,2025-07-10,[26],240,240,12.98,12.98,14.88,False,0,720,240,0,0,240,240,QLIB_OHLCV_FACTOR_BIN_ALL_NAN_DB_PRESENT_LIMIT_BIN_PRESENT,/home/lc999/data/qlib_minute_bin/features/002015.sz/close.1min.bin,1777467429.0562897,2026-04-29T12:57:09.056290+00:00,1777510841.9833508,2026-04-30T01:00:41.983351+00:00
688293.SH,2025-07-10,[26],240,240,46.69,46.69,56.24,False,0,720,240,0,0,240,240,QLIB_OHLCV_FACTOR_BIN_ALL_NAN_DB_PRESENT_LIMIT_BIN_PRESENT,/home/lc999/data/qlib_minute_bin/features/688293.sh/close.1min.bin,1777467582.2404459,2026-04-29T12:59:42.240446+00:00,1777510869.7396643,2026-04-30T01:01:09.739664+00:00
603045.SH,2025-07-10,[26],240,240,19.28,19.28,21.1,False,0,720,240,0,0,240,240,QLIB_OHLCV_FACTOR_BIN_ALL_NAN_DB_PRESENT_LIMIT_BIN_PRESENT,/home/lc999/data/qlib_minute_bin/features/603045.sh/close.1min.bin,1777467548.4928906,2026-04-29T12:59:08.492891+00:00,1777510861.8922834,2026-04-30T01:01:01.892283+00:00
688700.SH,2025-07-10,[26],240,240,38.2,38.2,45.74,False,0,720,240,0,0,240,240,QLIB_OHLCV_FACTOR_BIN_ALL_NAN_DB_PRESENT_LIMIT_BIN_PRESENT,/home/lc999/data/qlib_minute_bin/features/688700.sh/close.1min.bin,1777467592.8240118,2026-04-29T12:59:52.824012+00:00,1777510872.5758078,2026-04-30T01:01:12.575808+00:00
688022.SH,2025-07-11,[26],240,240,14.71,14.71,16.91,False,0,720,240,0,0,240,240,QLIB_OHLCV_FACTOR_BIN_ALL_NAN_DB_PRESENT_LIMIT_BIN_PRESENT,/home/lc999/data/qlib_minute_bin/features/688022.sh/close.1min.bin,1777467574.5498705,2026-04-29T12:59:34.549870+00:00,1777510867.9454577,2026-04-30T01:01:07.945458+00:00
002685.SZ,2025-07-11,[26],240,240,7.48,7.48,8.13,False,0,720,240,0,0,240,240,QLIB_OHLCV_FACTOR_BIN_ALL_NAN_DB_PRESENT_LIMIT_BIN_PRESENT,/home/lc999/data/qlib_minute_bin/features/002685.sz/close.1min.bin,1777467450.996686,2026-04-29T12:57:30.996686+00:00,1777510845.037013,2026-04-30T01:00:45.037013+00:00
688298.SH,2025-07-11,[26],240,240,27.86,27.86,33.26,False,0,720,240,0,0,240,240,QLIB_OHLCV_FACTOR_BIN_ALL_NAN_DB_PRESENT_LIMIT_BIN_PRESENT,/home/lc999/data/qlib_minute_bin/features/688298.sh/close.1min.bin,1777467582.2815738,2026-04-29T12:59:42.281574+00:00,1777510869.769928,2026-04-30T01:01:09.769928+00:00
688293.SH,2025-07-11,[26],240,240,52.97,52.97,56.03,False,0,720,240,0,0,240,240,QLIB_OHLCV_FACTOR_BIN_ALL_NAN_DB_PRESENT_LIMIT_BIN_PRESENT,/home/lc999/data/qlib_minute_bin/features/688293.sh/close.1min.bin,1777467582.2404459,2026-04-29T12:59:42.240446+00:00,1777510869.7396643,2026-04-30T01:01:09.739664+00:00
002015.SZ,2025-07-11,[26],240,240,13.01,13.01,14.17,False,0,720,240,0,0,240,240,QLIB_OHLCV_FACTOR_BIN_ALL_NAN_DB_PRESENT_LIMIT_BIN_PRESENT,/home/lc999/data/qlib_minute_bin/features/002015.sz/close.1min.bin,1777467429.0562897,2026-04-29T12:57:09.056290+00:00,1777510841.9833508,2026-04-30T01:00:41.983351+00:00
603045.SH,2025-07-11,[26],240,240,19.1,19.1,21.21,False,0,720,240,0,0,240,240,QLIB_OHLCV_FACTOR_BIN_ALL_NAN_DB_PRESENT_LIMIT_BIN_PRESENT,/home/lc999/data/qlib_minute_bin/features/603045.sh/close.1min.bin,1777467548.4928906,2026-04-29T12:59:08.492891+00:00,1777510861.8922834,2026-04-30T01:01:01.892283+00:00
688293.SH,2025-07-14,[26],240,240,55.18,55.18,63.56,False,0,720,240,0,0,240,240,QLIB_OHLCV_FACTOR_BIN_ALL_NAN_DB_PRESENT_LIMIT_BIN_PRESENT,/home/lc999/data/qlib_minute_bin/features/688293.sh/close.1min.bin,1777467582.2404459,2026-04-29T12:59:42.240446+00:00,1777510869.7396643,2026-04-30T01:01:09.739664+00:00
002015.SZ,2025-07-14,[26],240,240,13.06,13.06,14.31,False,0,720,240,0,0,240,240,QLIB_OHLCV_FACTOR_BIN_ALL_NAN_DB_PRESENT_LIMIT_BIN_PRESENT,/home/lc999/data/qlib_minute_bin/features/002015.sz/close.1min.bin,1777467429.0562897,2026-04-29T12:57:09.056290+00:00,1777510841.9833508,2026-04-30T01:00:41.983351+00:00
603045.SH,2025-07-14,[26],240,240,17.69,17.69,21.01,False,0,720,240,0,0,240,240,QLIB_OHLCV_FACTOR_BIN_ALL_NAN_DB_PRESENT_LIMIT_BIN_PRESENT,/home/lc999/data/qlib_minute_bin/features/603045.sh/close.1min.bin,1777467548.4928906,2026-04-29T12:59:08.492891+00:00,1777510861.8922834,2026-04-30T01:01:01.892283+00:00
688022.SH,2025-07-15,[26],240,240,14.87,14.87,18.12,False,0,720,240,0,0,240,240,QLIB_OHLCV_FACTOR_BIN_ALL_NAN_DB_PRESENT_LIMIT_BIN_PRESENT,/home/lc999/data/qlib_minute_bin/features/688022.sh/close.1min.bin,1777467574.5498705,2026-04-29T12:59:34.549870+00:00,1777510867.9454577,2026-04-30T01:01:07.945458+00:00
688293.SH,2025-07-15,[26],240,240,54.9,54.9,66.22,False,0,720,240,0,0,240,240,QLIB_OHLCV_FACTOR_BIN_ALL_NAN_DB_PRESENT_LIMIT_BIN_PRESENT,/home/lc999/data/qlib_minute_bin/features/688293.sh/close.1min.bin,1777467582.2404459,2026-04-29T12:59:42.240446+00:00,1777510869.7396643,2026-04-30T01:01:09.739664+00:00
002015.SZ,2025-07-15,[26],240,240,13.13,13.13,14.37,False,0,720,240,0,0,240,240,QLIB_OHLCV_FACTOR_BIN_ALL_NAN_DB_PRESENT_LIMIT_BIN_PRESENT,/home/lc999/data/qlib_minute_bin/features/002015.sz/close.1min.bin,1777467429.0562897,2026-04-29T12:57:09.056290+00:00,1777510841.9833508,2026-04-30T01:00:41.983351+00:00
605189.SH,2025-07-08,[27],240,240,12.75,12.75,13.92,False,0,720,240,0,0,240,240,QLIB_OHLCV_FACTOR_BIN_ALL_NAN_DB_PRESENT_LIMIT_BIN_PRESENT,/home/lc999/data/qlib_minute_bin/features/605189.sh/close.1min.bin,1777467571.1272547,2026-04-29T12:59:31.127255+00:00,1777510867.4007106,2026-04-30T01:01:07.400711+00:00
001360.SZ,2025-07-08,[27],240,240,14.13,14.13,15.46,False,0,720,240,0,0,240,240,QLIB_OHLCV_FACTOR_BIN_ALL_NAN_DB_PRESENT_LIMIT_BIN_PRESENT,/home/lc999/data/qlib_minute_bin/features/001360.sz/close.1min.bin,1777467428.706609,2026-04-29T12:57:08.706609+00:00,1777510841.8276398,2026-04-30T01:00:41.827640+00:00
301359.SZ,2025-07-08,[27],240,240,21.51,21.51,24.96,False,0,720,240,0,0,240,240,QLIB_OHLCV_FACTOR_BIN_ALL_NAN_DB_PRESENT_LIMIT_BIN_PRESENT,/home/lc999/data/qlib_minute_bin/features/301359.sz/close.1min.bin,1777467506.9793377,2026-04-29T12:58:26.979338+00:00,1777510852.898298,2026-04-30T01:00:52.898298+00:00
603679.SH,2025-07-08,[27],240,240,14.25,14.25,15.49,False,0,720,240,0,0,240,240,QLIB_OHLCV_FACTOR_BIN_ALL_NAN_DB_PRESENT_LIMIT_BIN_PRESENT,/home/lc999/data/qlib_minute_bin/features/603679.sh/close.1min.bin,1777467563.4741795,2026-04-29T12:59:23.474180+00:00,1777510864.897468,2026-04-30T01:01:04.897468+00:00
688638.SH,2025-07-08,[27],240,240,38.8,38.8,46.62,False,0,720,240,0,0,240,240,QLIB_OHLCV_FACTOR_BIN_ALL_NAN_DB_PRESENT_LIMIT_BIN_PRESENT,/home/lc999/data/qlib_minute_bin/features/688638.sh/close.1min.bin,1777467592.429184,2026-04-29T12:59:52.429184+00:00,1777510872.2602003,2026-04-30T01:01:12.260200+00:00
605500.SH,2025-07-08,[27],240,240,10.97,10.97,10.97,False,0,720,240,0,0,240,240,QLIB_OHLCV_FACTOR_BIN_ALL_NAN_DB_PRESENT_LIMIT_BIN_PRESENT,/home/lc999/data/qlib_minute_bin/features/605500.sh/close.1min.bin,1777467574.30285,2026-04-29T12:59:34.302850+00:00,1777510867.7206414,2026-04-30T01:01:07.720641+00:00
301372.SZ,2025-07-08,[27],240,240,23.41,23.41,27.89,False,0,720,240,0,0,240,240,QLIB_OHLCV_FACTOR_BIN_ALL_NAN_DB_PRESENT_LIMIT_BIN_PRESENT,/home/lc999/data/qlib_minute_bin/features/301372.sz/close.1min.bin,1777467507.1314833,2026-04-29T12:58:27.131483+00:00,1777510853.005281,2026-04-30T01:00:53.005281+00:00
300749.SZ,2025-07-08,[27],240,240,8.83,8.83,10.38,False,0,720,240,0,0,240,240,QLIB_OHLCV_FACTOR_BIN_ALL_NAN_DB_PRESENT_LIMIT_BIN_PRESENT,/home/lc999/data/qlib_minute_bin/features/300749.sz/close.1min.bin,1777467489.812326,2026-04-29T12:58:09.812326+00:00,1777510850.061107,2026-04-30T01:00:50.061107+00:00
300854.SZ,2025-07-08,[27],240,240,17.83,17.83,21.36,False,0,720,240,0,0,240,240,QLIB_OHLCV_FACTOR_BIN_ALL_NAN_DB_PRESENT_LIMIT_BIN_PRESENT,/home/lc999/data/qlib_minute_bin/features/300854.sz/close.1min.bin,1777467493.2045105,2026-04-29T12:58:13.204510+00:00,1777510850.382056,2026-04-30T01:00:50.382056+00:00
688335.SH,2025-07-08,[27],240,240,12.08,12.08,14.48,False,0,720,240,0,0,240,240,QLIB_OHLCV_FACTOR_BIN_ALL_NAN_DB_PRESENT_LIMIT_BIN_PRESENT,/home/lc999/data/qlib_minute_bin/features/688335.sh/close.1min.bin,1777467585.5882661,2026-04-29T12:59:45.588266+00:00,1777510870.0423014,2026-04-30T01:01:10.042301+00:00
301024.SZ,2025-07-08,[27],240,240,60.75,60.75,69.1,False,0,720,240,0,0,240,240,QLIB_OHLCV_FACTOR_BIN_ALL_NAN_DB_PRESENT_LIMIT_BIN_PRESENT,/home/lc999/data/qlib_minute_bin/features/301024.sz/close.1min.bin,1777467496.9596121,2026-04-29T12:58:16.959612+00:00,1777510850.8613403,2026-04-30T01:00:50.861340+00:00
688238.SH,2025-07-08,[27],240,240,6.73,6.73,7.72,False,0,720,240,0,0,240,240,QLIB_OHLCV_FACTOR_BIN_ALL_NAN_DB_PRESENT_LIMIT_BIN_PRESENT,/home/lc999/data/qlib_minute_bin/features/688238.sh/close.1min.bin,1777467581.8163924,2026-04-29T12:59:41.816392+00:00,1777510869.41541,2026-04-30T01:01:09.415410+00:00
300700.SZ,2025-07-08,[27],240,240,12.85,12.85,15.08,False,0,720,240,0,0,240,240,QLIB_OHLCV_FACTOR_BIN_ALL_NAN_DB_PRESENT_LIMIT_BIN_PRESENT,/home/lc999/data/qlib_minute_bin/features/300700.sz/close.1min.bin,1777467486.7457583,2026-04-29T12:58:06.745758+00:00,1777510849.9198892,2026-04-30T01:00:49.919889+00:00
001326.SZ,2025-07-08,[27],240,240,33.96,33.96,37.28,False,0,720,240,0,0,240,240,QLIB_OHLCV_FACTOR_BIN_ALL_NAN_DB_PRESENT_LIMIT_BIN_PRESENT,/home/lc999/data/qlib_minute_bin/features/001326.sz/close.1min.bin,1777467425.9918673,2026-04-29T12:57:05.991867+00:00,1777510841.1269412,2026-04-30T01:00:41.126941+00:00
301309.SZ,2025-07-08,[27],240,240,27.25,27.25,32.32,False,0,720,240,0,0,240,240,QLIB_OHLCV_FACTOR_BIN_ALL_NAN_DB_PRESENT_LIMIT_BIN_PRESENT,/home/lc999/data/qlib_minute_bin/features/301309.sz/close.1min.bin,1777467506.6133657,2026-04-29T12:58:26.613366+00:00,1777510852.6073039,2026-04-30T01:00:52.607304+00:00
605189.SH,2025-07-09,[27],240,240,12.38,12.38,14.03,False,0,720,240,0,0,240,240,QLIB_OHLCV_FACTOR_BIN_ALL_NAN_DB_PRESENT_LIMIT_BIN_PRESENT,/home/lc999/data/qlib_minute_bin/features/605189.sh/close.1min.bin,1777467571.1272547,2026-04-29T12:59:31.127255+00:00,1777510867.4007106,2026-04-30T01:01:07.400711+00:00
001360.SZ,2025-07-09,[27],240,240,14.2,14.2,15.54,False,0,720,240,0,0,240,240,QLIB_OHLCV_FACTOR_BIN_ALL_NAN_DB_PRESENT_LIMIT_BIN_PRESENT,/home/lc999/data/qlib_minute_bin/features/001360.sz/close.1min.bin,1777467428.706609,2026-04-29T12:57:08.706609+00:00,1777510841.8276398,2026-04-30T01:00:41.827640+00:00
301359.SZ,2025-07-09,[27],240,240,23.31,23.31,25.81,False,0,720,240,0,0,240,240,QLIB_OHLCV_FACTOR_BIN_ALL_NAN_DB_PRESENT_LIMIT_BIN_PRESENT,/home/lc999/data/qlib_minute_bin/features/301359.sz/close.1min.bin,1777467506.9793377,2026-04-29T12:58:26.979338+00:00,1777510852.898298,2026-04-30T01:00:52.898298+00:00
603679.SH,2025-07-09,[27],240,240,14.51,14.51,15.68,False,0,720,240,0,0,240,240,QLIB_OHLCV_FACTOR_BIN_ALL_NAN_DB_PRESENT_LIMIT_BIN_PRESENT,/home/lc999/data/qlib_minute_bin/features/603679.sh/close.1min.bin,1777467563.4741795,2026-04-29T12:59:23.474180+00:00,1777510864.897468,2026-04-30T01:01:04.897468+00:00
688638.SH,2025-07-09,[27],240,240,37.86,37.86,46.56,False,0,720,240,0,0,240,240,QLIB_OHLCV_FACTOR_BIN_ALL_NAN_DB_PRESENT_LIMIT_BIN_PRESENT,/home/lc999/data/qlib_minute_bin/features/688638.sh/close.1min.bin,1777467592.429184,2026-04-29T12:59:52.429184+00:00,1777510872.2602003,2026-04-30T01:01:12.260200+00:00
301372.SZ,2025-07-09,[27],240,240,23.74,23.74,28.09,False,0,720,240,0,0,240,240,QLIB_OHLCV_FACTOR_BIN_ALL_NAN_DB_PRESENT_LIMIT_BIN_PRESENT,/home/lc999/data/qlib_minute_bin/features/301372.sz/close.1min.bin,1777467507.1314833,2026-04-29T12:58:27.131483+00:00,1777510853.005281,2026-04-30T01:00:53.005281+00:00
300854.SZ,2025-07-09,[27],240,240,17.65,17.65,21.4,False,0,720,240,0,0,240,240,QLIB_OHLCV_FACTOR_BIN_ALL_NAN_DB_PRESENT_LIMIT_BIN_PRESENT,/home/lc999/data/qlib_minute_bin/features/300854.sz/close.1min.bin,1777467493.2045105,2026-04-29T12:58:13.204510+00:00,1777510850.382056,2026-04-30T01:00:50.382056+00:00
688335.SH,2025-07-09,[27],240,240,12.03,12.03,14.5,False,0,720,240,0,0,240,240,QLIB_OHLCV_FACTOR_BIN_ALL_NAN_DB_PRESENT_LIMIT_BIN_PRESENT,/home/lc999/data/qlib_minute_bin/features/688335.sh/close.1min.bin,1777467585.5882661,2026-04-29T12:59:45.588266+00:00,1777510870.0423014,2026-04-30T01:01:10.042301+00:00
301024.SZ,2025-07-09,[27],240,240,57.47,57.47,72.9,False,0,720,240,0,0,240,240,QLIB_OHLCV_FACTOR_BIN_ALL_NAN_DB_PRESENT_LIMIT_BIN_PRESENT,/home/lc999/data/qlib_minute_bin/features/301024.sz/close.1min.bin,1777467496.9596121,2026-04-29T12:58:16.959612+00:00,1777510850.8613403,2026-04-30T01:00:50.861340+00:00
688238.SH,2025-07-09,[27],240,240,6.84,6.84,8.08,False,0,720,240,0,0,240,240,QLIB_OHLCV_FACTOR_BIN_ALL_NAN_DB_PRESENT_LIMIT_BIN_PRESENT,/home/lc999/data/qlib_minute_bin/features/688238.sh/close.1min.bin,1777467581.8163924,2026-04-29T12:59:41.816392+00:00,1777510869.41541,2026-04-30T01:01:09.415410+00:00
300700.SZ,2025-07-09,[27],240,240,12.43,12.43,15.42,False,0,720,240,0,0,240,240,QLIB_OHLCV_FACTOR_BIN_ALL_NAN_DB_PRESENT_LIMIT_BIN_PRESENT,/home/lc999/data/qlib_minute_bin/features/300700.sz/close.1min.bin,1777467486.7457583,2026-04-29T12:58:06.745758+00:00,1777510849.9198892,2026-04-30T01:00:49.919889+00:00
301309.SZ,2025-07-09,[27],240,240,27.31,27.31,32.7,False,0,720,240,0,0,240,240,QLIB_OHLCV_FACTOR_BIN_ALL_NAN_DB_PRESENT_LIMIT_BIN_PRESENT,/home/lc999/data/qlib_minute_bin/features/301309.sz/close.1min.bin,1777467506.6133657,2026-04-29T12:58:26.613366+00:00,1777510852.6073039,2026-04-30T01:00:52.607304+00:00
605189.SH,2025-07-10,[27],240,240,12.6,12.6,13.62,False,0,720,240,0,0,240,240,QLIB_OHLCV_FACTOR_BIN_ALL_NAN_DB_PRESENT_LIMIT_BIN_PRESENT,/home/lc999/data/qlib_minute_bin/features/605189.sh/close.1min.bin,1777467571.1272547,2026-04-29T12:59:31.127255+00:00,1777510867.4007106,2026-04-30T01:01:07.400711+00:00
001360.SZ,2025-07-10,[27],240,240,14.19,14.19,15.62,False,0,720,240,0,0,240,240,QLIB_OHLCV_FACTOR_BIN_ALL_NAN_DB_PRESENT_LIMIT_BIN_PRESENT,/home/lc999/data/qlib_minute_bin/features/001360.sz/close.1min.bin,1777467428.706609,2026-04-29T12:57:08.706609+00:00,1777510841.8276398,2026-04-30T01:00:41.827640+00:00
301359.SZ,2025-07-10,[27],240,240,21.74,21.74,27.97,False,0,720,240,0,0,240,240,QLIB_OHLCV_FACTOR_BIN_ALL_NAN_DB_PRESENT_LIMIT_BIN_PRESENT,/home/lc999/data/qlib_minute_bin/features/301359.sz/close.1min.bin,1777467506.9793377,2026-04-29T12:58:26.979338+00:00,1777510852.898298,2026-04-30T01:00:52.898298+00:00
688638.SH,2025-07-10,[27],240,240,36.92,36.92,45.43,False,0,720,240,0,0,240,240,QLIB_OHLCV_FACTOR_BIN_ALL_NAN_DB_PRESENT_LIMIT_BIN_PRESENT,/home/lc999/data/qlib_minute_bin/features/688638.sh/close.1min.bin,1777467592.429184,2026-04-29T12:59:52.429184+00:00,1777510872.2602003,2026-04-30T01:01:12.260200+00:00
301372.SZ,2025-07-10,[27],240,240,23.92,23.92,28.49,False,0,720,240,0,0,240,240,QLIB_OHLCV_FACTOR_BIN_ALL_NAN_DB_PRESENT_LIMIT_BIN_PRESENT,/home/lc999/data/qlib_minute_bin/features/301372.sz/close.1min.bin,1777467507.1314833,2026-04-29T12:58:27.131483+00:00,1777510853.005281,2026-04-30T01:00:53.005281+00:00
300854.SZ,2025-07-10,[27],240,240,17.6,17.6,21.18,False,0,720,240,0,0,240,240,QLIB_OHLCV_FACTOR_BIN_ALL_NAN_DB_PRESENT_LIMIT_BIN_PRESENT,/home/lc999/data/qlib_minute_bin/features/300854.sz/close.1min.bin,1777467493.2045105,2026-04-29T12:58:13.204510+00:00,1777510850.382056,2026-04-30T01:00:50.382056+00:00
688335.SH,2025-07-10,[27],240,240,11.96,11.96,14.44,False,0,720,240,0,0,240,240,QLIB_OHLCV_FACTOR_BIN_ALL_NAN_DB_PRESENT_LIMIT_BIN_PRESENT,/home/lc999/data/qlib_minute_bin/features/688335.sh/close.1min.bin,1777467585.5882661,2026-04-29T12:59:45.588266+00:00,1777510870.0423014,2026-04-30T01:01:10.042301+00:00
301024.SZ,2025-07-10,[27],240,240,56.6,56.6,68.96,False,0,720,240,0,0,240,240,QLIB_OHLCV_FACTOR_BIN_ALL_NAN_DB_PRESENT_LIMIT_BIN_PRESENT,/home/lc999/data/qlib_minute_bin/features/301024.sz/close.1min.bin,1777467496.9596121,2026-04-29T12:58:16.959612+00:00,1777510850.8613403,2026-04-30T01:00:50.861340+00:00
688238.SH,2025-07-10,[27],240,240,7.14,7.14,8.21,False,0,720,240,0,0,240,240,QLIB_OHLCV_FACTOR_BIN_ALL_NAN_DB_PRESENT_LIMIT_BIN_PRESENT,/home/lc999/data/qlib_minute_bin/features/688238.sh/close.1min.bin,1777467581.8163924,2026-04-29T12:59:41.816392+00:00,1777510869.41541,2026-04-30T01:01:09.415410+00:00
300700.SZ,2025-07-10,[27],240,240,12.82,12.82,14.92,False,0,720,240,0,0,240,240,QLIB_OHLCV_FACTOR_BIN_ALL_NAN_DB_PRESENT_LIMIT_BIN_PRESENT,/home/lc999/data/qlib_minute_bin/features/300700.sz/close.1min.bin,1777467486.7457583,2026-04-29T12:58:06.745758+00:00,1777510849.9198892,2026-04-30T01:00:49.919889+00:00
301309.SZ,2025-07-10,[27],240,240,27.23,27.23,32.77,False,0,720,240,0,0,240,240,QLIB_OHLCV_FACTOR_BIN_ALL_NAN_DB_PRESENT_LIMIT_BIN_PRESENT,/home/lc999/data/qlib_minute_bin/features/301309.sz/close.1min.bin,1777467506.6133657,2026-04-29T12:58:26.613366+00:00,1777510852.6073039,2026-04-30T01:00:52.607304+00:00
605189.SH,2025-07-11,[27],240,240,12.61,12.61,13.86,False,0,720,240,0,0,240,240,QLIB_OHLCV_FACTOR_BIN_ALL_NAN_DB_PRESENT_LIMIT_BIN_PRESENT,/home/lc999/data/qlib_minute_bin/features/605189.sh/close.1min.bin,1777467571.1272547,2026-04-29T12:59:31.127255+00:00,1777510867.4007106,2026-04-30T01:01:07.400711+00:00
001360.SZ,2025-07-11,[27],240,240,14.14,14.14,15.61,False,0,720,240,0,0,240,240,QLIB_OHLCV_FACTOR_BIN_ALL_NAN_DB_PRESENT_LIMIT_BIN_PRESENT,/home/lc999/data/qlib_minute_bin/features/001360.sz/close.1min.bin,1777467428.706609,2026-04-29T12:57:08.706609+00:00,1777510841.8276398,2026-04-30T01:00:41.827640+00:00
301359.SZ,2025-07-11,[27],240,240,20.86,20.86,26.09,False,0,720,240,0,0,240,240,QLIB_OHLCV_FACTOR_BIN_ALL_NAN_DB_PRESENT_LIMIT_BIN_PRESENT,/home/lc999/data/qlib_minute_bin/features/301359.sz/close.1min.bin,1777467506.9793377,2026-04-29T12:58:26.979338+00:00,1777510852.898298,2026-04-30T01:00:52.898298+00:00
300854.SZ,2025-07-11,[27],240,240,17.6,17.6,21.12,False,0,720,240,0,0,240,240,QLIB_OHLCV_FACTOR_BIN_ALL_NAN_DB_PRESENT_LIMIT_BIN_PRESENT,/home/lc999/data/qlib_minute_bin/features/300854.sz/close.1min.bin,1777467493.2045105,2026-04-29T12:58:13.204510+00:00,1777510850.382056,2026-04-30T01:00:50.382056+00:00
688335.SH,2025-07-11,[27],240,240,11.98,11.98,14.35,False,0,720,240,0,0,240,240,QLIB_OHLCV_FACTOR_BIN_ALL_NAN_DB_PRESENT_LIMIT_BIN_PRESENT,/home/lc999/data/qlib_minute_bin/features/688335.sh/close.1min.bin,1777467585.5882661,2026-04-29T12:59:45.588266+00:00,1777510870.0423014,2026-04-30T01:01:10.042301+00:00
688238.SH,2025-07-11,[27],240,240,7.18,7.18,8.57,False,0,720,240,0,0,240,240,QLIB_OHLCV_FACTOR_BIN_ALL_NAN_DB_PRESENT_LIMIT_BIN_PRESENT,/home/lc999/data/qlib_minute_bin/features/688238.sh/close.1min.bin,1777467581.8163924,2026-04-29T12:59:41.816392+00:00,1777510869.41541,2026-04-30T01:01:09.415410+00:00
300700.SZ,2025-07-11,[27],240,240,12.65,12.65,15.38,False,0,720,240,0,0,240,240,QLIB_OHLCV_FACTOR_BIN_ALL_NAN_DB_PRESENT_LIMIT_BIN_PRESENT,/home/lc999/data/qlib_minute_bin/features/300700.sz/close.1min.bin,1777467486.7457583,2026-04-29T12:58:06.745758+00:00,1777510849.9198892,2026-04-30T01:00:49.919889+00:00
301309.SZ,2025-07-11,[27],240,240,26.98,26.98,32.68,False,0,720,240,0,0,240,240,QLIB_OHLCV_FACTOR_BIN_ALL_NAN_DB_PRESENT_LIMIT_BIN_PRESENT,/home/lc999/data/qlib_minute_bin/features/301309.sz/close.1min.bin,1777467506.6133657,2026-04-29T12:58:26.613366+00:00,1777510852.6073039,2026-04-30T01:00:52.607304+00:00
603718.SH,2025-07-11,[27],240,240,7.63,7.63,8.44,False,0,720,240,0,0,240,240,QLIB_OHLCV_FACTOR_BIN_ALL_NAN_DB_PRESENT_LIMIT_BIN_PRESENT,/home/lc999/data/qlib_minute_bin/features/603718.sh/close.1min.bin,1777467563.7949708,2026-04-29T12:59:23.794971+00:00,1777510865.1136374,2026-04-30T01:01:05.113637+00:00
605189.SH,2025-07-14,[27],240,240,13.32,13.32,13.87,False,0,720,240,0,0,240,240,QLIB_OHLCV_FACTOR_BIN_ALL_NAN_DB_PRESENT_LIMIT_BIN_PRESENT,/home/lc999/data/qlib_minute_bin/features/605189.sh/close.1min.bin,1777467571.1272547,2026-04-29T12:59:31.127255+00:00,1777510867.4007106,2026-04-30T01:01:07.400711+00:00
001360.SZ,2025-07-14,[27],240,240,14.36,14.36,15.55,False,0,720,240,0,0,240,240,QLIB_OHLCV_FACTOR_BIN_ALL_NAN_DB_PRESENT_LIMIT_BIN_PRESENT,/home/lc999/data/qlib_minute_bin/features/001360.sz/close.1min.bin,1777467428.706609,2026-04-29T12:57:08.706609+00:00,1777510841.8276398,2026-04-30T01:00:41.827640+00:00
301359.SZ,2025-07-14,[27],240,240,21.29,21.29,25.03,False,0,720,240,0,0,240,240,QLIB_OHLCV_FACTOR_BIN_ALL_NAN_DB_PRESENT_LIMIT_BIN_PRESENT,/home/lc999/data/qlib_minute_bin/features/301359.sz/close.1min.bin,1777467506.9793377,2026-04-29T12:58:26.979338+00:00,1777510852.898298,2026-04-30T01:00:52.898298+00:00
300854.SZ,2025-07-14,[27],240,240,17.42,17.42,21.12,False,0,720,240,0,0,240,240,QLIB_OHLCV_FACTOR_BIN_ALL_NAN_DB_PRESENT_LIMIT_BIN_PRESENT,/home/lc999/data/qlib_minute_bin/features/300854.sz/close.1min.bin,1777467493.2045105,2026-04-29T12:58:13.204510+00:00,1777510850.382056,2026-04-30T01:00:50.382056+00:00
688238.SH,2025-07-14,[27],240,240,7.29,7.29,8.62,False,0,720,240,0,0,240,240,QLIB_OHLCV_FACTOR_BIN_ALL_NAN_DB_PRESENT_LIMIT_BIN_PRESENT,/home/lc999/data/qlib_minute_bin/features/688238.sh/close.1min.bin,1777467581.8163924,2026-04-29T12:59:41.816392+00:00,1777510869.41541,2026-04-30T01:01:09.415410+00:00
300700.SZ,2025-07-14,[27],240,240,11.86,11.86,15.18,False,0,720,240,0,0,240,240,QLIB_OHLCV_FACTOR_BIN_ALL_NAN_DB_PRESENT_LIMIT_BIN_PRESENT,/home/lc999/data/qlib_minute_bin/features/300700.sz/close.1min.bin,1777467486.7457583,2026-04-29T12:58:06.745758+00:00,1777510849.9198892,2026-04-30T01:00:49.919889+00:00
301309.SZ,2025-07-14,[27],240,240,27.45,27.45,32.38,False,0,720,240,0,0,240,240,QLIB_OHLCV_FACTOR_BIN_ALL_NAN_DB_PRESENT_LIMIT_BIN_PRESENT,/home/lc999/data/qlib_minute_bin/features/301309.sz/close.1min.bin,1777467506.6133657,2026-04-29T12:58:26.613366+00:00,1777510852.6073039,2026-04-30T01:00:52.607304+00:00
001360.SZ,2025-07-15,[27],240,240,14.23,14.23,15.8,False,0,720,240,0,0,240,240,QLIB_OHLCV_FACTOR_BIN_ALL_NAN_DB_PRESENT_LIMIT_BIN_PRESENT,/home/lc999/data/qlib_minute_bin/features/001360.sz/close.1min.bin,1777467428.706609,2026-04-29T12:57:08.706609+00:00,1777510841.8276398,2026-04-30T01:00:41.827640+00:00
300854.SZ,2025-07-15,[27],240,240,17.01,17.01,20.9,False,0,720,240,0,0,240,240,QLIB_OHLCV_FACTOR_BIN_ALL_NAN_DB_PRESENT_LIMIT_BIN_PRESENT,/home/lc999/data/qlib_minute_bin/features/300854.sz/close.1min.bin,1777467493.2045105,2026-04-29T12:58:13.204510+00:00,1777510850.382056,2026-04-30T01:00:50.382056+00:00
300700.SZ,2025-07-15,[27],240,240,11.52,11.52,14.23,False,0,720,240,0,0,240,240,QLIB_OHLCV_FACTOR_BIN_ALL_NAN_DB_PRESENT_LIMIT_BIN_PRESENT,/home/lc999/data/qlib_minute_bin/features/300700.sz/close.1min.bin,1777467486.7457583,2026-04-29T12:58:06.745758+00:00,1777510849.9198892,2026-04-30T01:00:49.919889+00:00
301309.SZ,2025-07-15,[27],240,240,27.26,27.26,32.94,False,0,720,240,0,0,240,240,QLIB_OHLCV_FACTOR_BIN_ALL_NAN_DB_PRESENT_LIMIT_BIN_PRESENT,/home/lc999/data/qlib_minute_bin/features/301309.sz/close.1min.bin,1777467506.6133657,2026-04-29T12:58:26.613366+00:00,1777510852.6073039,2026-04-30T01:00:52.607304+00:00
001360.SZ,2025-07-16,[27],240,240,14.3,14.3,15.65,False,0,720,240,0,0,240,240,QLIB_OHLCV_FACTOR_BIN_ALL_NAN_DB_PRESENT_LIMIT_BIN_PRESENT,/home/lc999/data/qlib_minute_bin/features/001360.sz/close.1min.bin,1777467428.706609,2026-04-29T12:57:08.706609+00:00,1777510841.8276398,2026-04-30T01:00:41.827640+00:00
300700.SZ,2025-07-16,[27],240,240,11.68,11.68,13.82,False,0,720,240,0,0,240,240,QLIB_OHLCV_FACTOR_BIN_ALL_NAN_DB_PRESENT_LIMIT_BIN_PRESENT,/home/lc999/data/qlib_minute_bin/features/300700.sz/close.1min.bin,1777467486.7457583,2026-04-29T12:58:06.745758+00:00,1777510849.9198892,2026-04-30T01:00:49.919889+00:00
002578.SZ,2025-07-08,[28],240,240,3.43,3.43,3.73,False,0,720,240,0,0,240,240,QLIB_OHLCV_FACTOR_BIN_ALL_NAN_DB_PRESENT_LIMIT_BIN_PRESENT,/home/lc999/data/qlib_minute_bin/features/002578.sz/close.1min.bin,1777467447.3861802,2026-04-29T12:57:27.386180+00:00,1777510844.6953144,2026-04-30T01:00:44.695314+00:00
603126.SH,2025-07-08,[28],240,240,6.31,6.31,6.91,False,0,720,240,0,0,240,240,QLIB_OHLCV_FACTOR_BIN_ALL_NAN_DB_PRESENT_LIMIT_BIN_PRESENT,/home/lc999/data/qlib_minute_bin/features/603126.sh/close.1min.bin,1777467549.1880379,2026-04-29T12:59:09.188038+00:00,1777510862.468369,2026-04-30T01:01:02.468369+00:00
600959.SH,2025-07-08,[28],240,240,3.49,3.49,3.83,False,0,720,240,0,0,240,240,QLIB_OHLCV_FACTOR_BIN_ALL_NAN_DB_PRESENT_LIMIT_BIN_PRESENT,/home/lc999/data/qlib_minute_bin/features/600959.sh/close.1min.bin,1777467537.4286656,2026-04-29T12:58:57.428666+00:00,1777510859.0634441,2026-04-30T01:00:59.063444+00:00
603180.SH,2025-07-08,[28],240,240,19.87,19.87,21.76,False,0,720,240,0,0,240,240,QLIB_OHLCV_FACTOR_BIN_ALL_NAN_DB_PRESENT_LIMIT_BIN_PRESENT,/home/lc999/data/qlib_minute_bin/features/603180.sh/close.1min.bin,1777467552.617964,2026-04-29T12:59:12.617964+00:00,1777510863.7280195,2026-04-30T01:01:03.728019+00:00
002743.SZ,2025-07-08,[28],240,240,6.06,6.06,6.63,False,0,720,240,0,0,240,240,QLIB_OHLCV_FACTOR_BIN_ALL_NAN_DB_PRESENT_LIMIT_BIN_PRESENT,/home/lc999/data/qlib_minute_bin/features/002743.sz/close.1min.bin,1777467454.3278673,2026-04-29T12:57:34.327867+00:00,1777510845.2143505,2026-04-30T01:00:45.214350+00:00
688793.SH,2025-07-08,[28],240,240,31.97,31.97,37.82,False,0,720,240,0,0,240,240,QLIB_OHLCV_FACTOR_BIN_ALL_NAN_DB_PRESENT_LIMIT_BIN_PRESENT,/home/lc999/data/qlib_minute_bin/features/688793.sh/close.1min.bin,1777467595.9003775,2026-04-29T12:59:55.900378+00:00,1777510872.8265643,2026-04-30T01:01:12.826564+00:00
002578.SZ,2025-07-09,[28],240,240,3.39,3.39,3.77,False,0,720,240,0,0,240,240,QLIB_OHLCV_FACTOR_BIN_ALL_NAN_DB_PRESENT_LIMIT_BIN_PRESENT,/home/lc999/data/qlib_minute_bin/features/002578.sz/close.1min.bin,1777467447.3861802,2026-04-29T12:57:27.386180+00:00,1777510844.6953144,2026-04-30T01:00:44.695314+00:00
600959.SH,2025-07-09,[28],240,240,3.48,3.48,3.84,False,0,720,240,0,0,240,240,QLIB_OHLCV_FACTOR_BIN_ALL_NAN_DB_PRESENT_LIMIT_BIN_PRESENT,/home/lc999/data/qlib_minute_bin/features/600959.sh/close.1min.bin,1777467537.4286656,2026-04-29T12:58:57.428666+00:00,1777510859.0634441,2026-04-30T01:00:59.063444+00:00
603180.SH,2025-07-09,[28],240,240,19.68,19.68,21.43,False,0,720,240,0,0,240,240,QLIB_OHLCV_FACTOR_BIN_ALL_NAN_DB_PRESENT_LIMIT_BIN_PRESENT,/home/lc999/data/qlib_minute_bin/features/603180.sh/close.1min.bin,1777467552.617964,2026-04-29T12:59:12.617964+00:00,1777510863.7280195,2026-04-30T01:01:03.728019+00:00
002578.SZ,2025-07-10,[28],240,240,3.41,3.41,3.73,False,0,720,240,0,0,240,240,QLIB_OHLCV_FACTOR_BIN_ALL_NAN_DB_PRESENT_LIMIT_BIN_PRESENT,/home/lc999/data/qlib_minute_bin/features/002578.sz/close.1min.bin,1777467447.3861802,2026-04-29T12:57:27.386180+00:00,1777510844.6953144,2026-04-30T01:00:44.695314+00:00
600959.SH,2025-07-10,[28],240,240,3.51,3.51,3.83,False,0,720,240,0,0,240,240,QLIB_OHLCV_FACTOR_BIN_ALL_NAN_DB_PRESENT_LIMIT_BIN_PRESENT,/home/lc999/data/qlib_minute_bin/features/600959.sh/close.1min.bin,1777467537.4286656,2026-04-29T12:58:57.428666+00:00,1777510859.0634441,2026-04-30T01:00:59.063444+00:00
002578.SZ,2025-07-11,[28],240,240,3.47,3.47,3.75,False,0,720,240,0,0,240,240,QLIB_OHLCV_FACTOR_BIN_ALL_NAN_DB_PRESENT_LIMIT_BIN_PRESENT,/home/lc999/data/qlib_minute_bin/features/002578.sz/close.1min.bin,1777467447.3861802,2026-04-29T12:57:27.386180+00:00,1777510844.6953144,2026-04-30T01:00:44.695314+00:00
600959.SH,2025-07-11,[28],240,240,3.53,3.53,3.86,False,0,720,240,0,0,240,240,QLIB_OHLCV_FACTOR_BIN_ALL_NAN_DB_PRESENT_LIMIT_BIN_PRESENT,/home/lc999/data/qlib_minute_bin/features/600959.sh/close.1min.bin,1777467537.4286656,2026-04-29T12:58:57.428666+00:00,1777510859.0634441,2026-04-30T01:00:59.063444+00:00
002578.SZ,2025-07-14,[28],240,240,3.47,3.47,3.82,False,0,720,240,0,0,240,240,QLIB_OHLCV_FACTOR_BIN_ALL_NAN_DB_PRESENT_LIMIT_BIN_PRESENT,/home/lc999/data/qlib_minute_bin/features/002578.sz/close.1min.bin,1777467447.3861802,2026-04-29T12:57:27.386180+00:00,1777510844.6953144,2026-04-30T01:00:44.695314+00:00
600959.SH,2025-07-14,[28],240,240,3.51,3.51,3.88,False,0,720,240,0,0,240,240,QLIB_OHLCV_FACTOR_BIN_ALL_NAN_DB_PRESENT_LIMIT_BIN_PRESENT,/home/lc999/data/qlib_minute_bin/features/600959.sh/close.1min.bin,1777467537.4286656,2026-04-29T12:58:57.428666+00:00,1777510859.0634441,2026-04-30T01:00:59.063444+00:00
002578.SZ,2025-07-15,[28],240,240,3.39,3.39,3.82,False,0,720,240,0,0,240,240,QLIB_OHLCV_FACTOR_BIN_ALL_NAN_DB_PRESENT_LIMIT_BIN_PRESENT,/home/lc999/data/qlib_minute_bin/features/002578.sz/close.1min.bin,1777467447.3861802,2026-04-29T12:57:27.386180+00:00,1777510844.6953144,2026-04-30T01:00:44.695314+00:00
002578.SZ,2025-07-16,[28],240,240,3.39,3.39,3.73,False,0,720,240,0,0,240,240,QLIB_OHLCV_FACTOR_BIN_ALL_NAN_DB_PRESENT_LIMIT_BIN_PRESENT,/home/lc999/data/qlib_minute_bin/features/002578.sz/close.1min.bin,1777467447.3861802,2026-04-29T12:57:27.386180+00:00,1777510844.6953144,2026-04-30T01:00:44.695314+00:00
